-- MySQL dump 10.13  Distrib 5.1.73, for redhat-linux-gnu (x86_64)
--
-- Host: localhost    Database: werner_rr
-- ------------------------------------------------------
-- Server version	5.1.73-log

/*!40101 SET @OLD_CHARACTER_SET_CLIENT=@@CHARACTER_SET_CLIENT */;
/*!40101 SET @OLD_CHARACTER_SET_RESULTS=@@CHARACTER_SET_RESULTS */;
/*!40101 SET @OLD_COLLATION_CONNECTION=@@COLLATION_CONNECTION */;
/*!40101 SET NAMES utf8 */;
/*!40103 SET @OLD_TIME_ZONE=@@TIME_ZONE */;
/*!40103 SET TIME_ZONE='+00:00' */;
/*!40014 SET @OLD_UNIQUE_CHECKS=@@UNIQUE_CHECKS, UNIQUE_CHECKS=0 */;
/*!40014 SET @OLD_FOREIGN_KEY_CHECKS=@@FOREIGN_KEY_CHECKS, FOREIGN_KEY_CHECKS=0 */;
/*!40101 SET @OLD_SQL_MODE=@@SQL_MODE, SQL_MODE='NO_AUTO_VALUE_ON_ZERO' */;
/*!40111 SET @OLD_SQL_NOTES=@@SQL_NOTES, SQL_NOTES=0 */;

--
-- Table structure for table `bonus`
--

DROP TABLE IF EXISTS `bonus`;
/*!40101 SET @saved_cs_client     = @@character_set_client */;
/*!40101 SET character_set_client = utf8 */;
CREATE TABLE `bonus` (
  `user_id` int(11) NOT NULL,
  `last` int(11) NOT NULL,
  `invested` decimal(30,2) NOT NULL,
  PRIMARY KEY (`user_id`)
) ENGINE=InnoDB DEFAULT CHARSET=latin1;
/*!40101 SET character_set_client = @saved_cs_client */;

--
-- Dumping data for table `bonus`
--

LOCK TABLES `bonus` WRITE;
/*!40000 ALTER TABLE `bonus` DISABLE KEYS */;
INSERT INTO `bonus` VALUES (2,1489487749,'0.00'),(3,0,'0.00'),(4,0,'0.00'),(5,0,'0.00'),(6,0,'0.00'),(7,0,'0.00'),(8,1489489892,'0.00'),(9,0,'0.00'),(10,0,'0.00'),(11,0,'0.00'),(12,1489490297,'0.00'),(13,0,'0.00'),(14,1489491077,'0.00'),(15,1489491741,'0.00'),(16,0,'0.00'),(17,0,'0.00'),(18,0,'0.00'),(19,0,'0.00'),(20,1489492381,'0.00'),(21,1489560342,'0.00'),(22,0,'0.00'),(23,1489493455,'0.00'),(24,1489494798,'0.00'),(25,0,'0.00'),(26,0,'0.00'),(27,0,'0.00'),(28,0,'0.00'),(29,1489494031,'0.00'),(30,1489494234,'0.00'),(31,0,'0.00'),(32,0,'0.00'),(33,0,'0.00'),(34,0,'0.00'),(35,1489494494,'0.00'),(36,0,'0.00'),(37,0,'0.00'),(38,1489495167,'0.00'),(39,1489495531,'0.00'),(40,1489495105,'0.00'),(41,0,'0.00'),(42,0,'0.00'),(43,0,'0.00'),(44,0,'0.00'),(45,0,'0.00'),(46,0,'0.00'),(47,0,'0.00'),(48,0,'0.00'),(49,1489496718,'0.00'),(50,0,'0.00'),(51,1489612454,'0.00'),(52,1489497448,'0.00'),(53,0,'0.00'),(54,0,'0.00'),(55,0,'0.00'),(56,0,'0.00'),(57,0,'0.00'),(58,0,'0.00'),(59,1489498393,'0.00'),(60,0,'0.00'),(61,1489498149,'0.00'),(62,0,'0.00'),(63,0,'0.00'),(64,0,'0.00'),(65,1489498304,'0.00'),(66,0,'0.00'),(67,1489498404,'0.00'),(68,0,'0.00'),(69,1489498714,'0.00'),(70,1489499066,'0.00'),(71,0,'0.00'),(72,1489499185,'0.00'),(73,1489506680,'0.00'),(74,0,'0.00'),(75,0,'0.00'),(76,1489508337,'0.00'),(77,0,'0.00'),(78,1489500635,'0.00'),(79,1489500458,'0.00'),(80,0,'0.00'),(81,1489500662,'0.00'),(82,0,'0.00'),(83,0,'0.00'),(84,1489501000,'0.00'),(85,0,'0.00'),(86,0,'0.00'),(87,1489501305,'0.00'),(88,1489501327,'0.00'),(89,0,'0.00'),(90,0,'0.00'),(91,0,'0.00'),(92,0,'0.00'),(93,1489502092,'0.00'),(94,1489502765,'0.00'),(95,0,'0.00'),(96,0,'0.00'),(97,0,'0.00'),(98,0,'0.00'),(99,1489504039,'0.00'),(100,0,'0.00'),(101,1489504231,'0.00'),(102,1489504287,'0.00'),(103,0,'0.00'),(104,0,'0.00'),(105,0,'0.00'),(106,0,'0.00'),(107,0,'0.00'),(108,0,'0.00'),(109,1489505028,'0.00'),(110,0,'0.00'),(111,0,'0.00'),(112,1489505431,'0.00'),(113,0,'0.00'),(114,0,'0.00'),(115,1489563835,'0.00'),(116,0,'0.00'),(117,1489507508,'0.00'),(118,0,'0.00'),(119,1489507477,'0.00'),(120,0,'0.00'),(121,1489507454,'0.00'),(122,0,'0.00'),(123,1489507965,'0.00'),(124,0,'0.00'),(125,1489530482,'0.00'),(126,0,'0.00'),(127,1489508328,'0.00'),(128,1489508638,'0.00'),(129,0,'0.00'),(130,0,'0.00'),(131,1489508864,'0.00'),(132,0,'0.00'),(133,0,'0.00'),(134,1489509643,'0.00'),(135,0,'0.00'),(136,0,'0.00'),(137,0,'0.00'),(138,0,'0.00'),(139,1489510351,'0.00'),(140,0,'0.00'),(141,0,'0.00'),(142,1489510964,'0.00'),(143,0,'0.00'),(144,0,'0.00'),(145,1489880187,'0.00'),(146,1489511178,'0.00'),(147,0,'0.00'),(148,0,'0.00'),(149,0,'0.00'),(150,0,'0.00'),(151,0,'0.00'),(152,1489511826,'0.00'),(153,0,'0.00'),(154,1489512515,'0.00'),(155,1489520910,'0.00'),(156,0,'0.00'),(157,0,'0.00'),(158,0,'0.00'),(159,0,'0.00'),(160,0,'0.00'),(161,0,'0.00'),(162,0,'0.00'),(163,1489873905,'0.00'),(164,1489514298,'0.00'),(165,0,'0.00'),(166,0,'0.00'),(167,1489515109,'0.00'),(168,0,'0.00'),(169,1489515948,'0.00'),(170,0,'0.00'),(171,0,'0.00'),(172,0,'0.00'),(173,1489516161,'0.00'),(174,0,'0.00'),(175,0,'0.00'),(176,0,'0.00'),(177,0,'0.00'),(178,0,'0.00'),(179,1489516629,'0.00'),(180,0,'0.00'),(181,0,'0.00'),(182,1489517555,'0.00'),(183,0,'0.00'),(184,1500862158,'0.00'),(185,0,'0.00'),(186,0,'0.00'),(187,0,'0.00'),(188,0,'0.00'),(189,0,'0.00'),(190,0,'0.00'),(191,1489519293,'0.00'),(192,0,'0.00'),(193,0,'0.00'),(194,0,'0.00'),(195,1489519319,'0.00'),(196,1489519272,'0.00'),(197,0,'0.00'),(198,1489519355,'0.00'),(199,0,'0.00'),(200,1489520055,'0.00'),(201,0,'0.00'),(202,0,'0.00'),(203,1489520351,'0.00'),(204,0,'0.00'),(205,1489520915,'0.00'),(206,1489543233,'0.00'),(207,0,'0.00'),(208,0,'0.00'),(209,0,'0.00'),(210,1489522145,'0.00'),(211,0,'0.00'),(212,1490296740,'0.00'),(213,1489523015,'0.00'),(214,0,'0.00'),(215,0,'0.00'),(216,1489522443,'0.00'),(217,0,'0.00'),(218,0,'0.00'),(219,1489522568,'0.00'),(220,0,'0.00'),(221,0,'0.00'),(222,0,'0.00'),(223,1489524171,'0.00'),(224,0,'0.00'),(225,1489524533,'0.00'),(226,0,'0.00'),(227,0,'0.00'),(228,1489526937,'0.00'),(229,1489526264,'0.00'),(230,0,'0.00'),(231,0,'0.00'),(232,0,'0.00'),(233,0,'0.00'),(234,0,'0.00'),(235,0,'0.00'),(236,0,'0.00'),(237,1489529071,'0.00'),(238,1489529682,'0.00'),(239,0,'0.00'),(240,0,'0.00'),(241,1489530446,'0.00'),(242,0,'0.00'),(243,0,'0.00'),(244,0,'0.00'),(245,0,'0.00'),(246,0,'0.00'),(247,0,'0.00'),(248,0,'0.00'),(249,0,'0.00'),(250,1489530956,'0.00'),(251,0,'0.00'),(252,0,'0.00'),(253,0,'0.00'),(254,0,'0.00'),(255,0,'0.00'),(256,0,'0.00'),(257,0,'0.00'),(258,0,'0.00'),(259,0,'0.00'),(260,1489533725,'0.00'),(261,1489534573,'0.00'),(262,0,'0.00'),(263,0,'0.00'),(264,0,'0.00'),(265,1489535955,'0.00'),(266,1489536631,'0.00'),(267,0,'0.00'),(268,0,'0.00'),(269,0,'0.00'),(270,0,'0.00'),(271,0,'0.00'),(272,1489539129,'0.00'),(273,0,'0.00'),(274,0,'0.00'),(275,1489540639,'0.00'),(276,1489541801,'0.00'),(277,0,'0.00'),(278,0,'0.00'),(279,1489543549,'0.00'),(280,0,'0.00'),(281,1489544062,'0.00'),(282,0,'0.00'),(283,1489544841,'0.00'),(284,0,'0.00'),(285,1489545176,'0.00'),(286,0,'0.00'),(287,0,'0.00'),(288,0,'0.00'),(289,1489545773,'0.00'),(290,0,'0.00'),(291,0,'0.00'),(292,0,'0.00'),(293,0,'0.00'),(294,0,'0.00'),(295,0,'0.00'),(296,0,'0.00'),(297,0,'0.00'),(298,0,'0.00'),(299,0,'0.00'),(300,0,'0.00'),(301,0,'0.00'),(302,0,'0.00'),(303,0,'0.00'),(304,0,'0.00'),(305,1489551766,'0.00'),(306,1489552540,'0.00'),(307,0,'0.00'),(308,0,'0.00'),(309,0,'0.00'),(310,0,'0.00'),(311,1489555239,'0.00'),(312,0,'0.00'),(313,0,'0.00'),(314,0,'0.00'),(315,0,'0.00'),(316,0,'0.00'),(317,1489557720,'0.00'),(318,1489602967,'0.00'),(319,0,'0.00'),(320,0,'0.00'),(321,0,'0.00'),(322,0,'0.00'),(323,0,'0.00'),(324,0,'0.00'),(325,0,'0.00'),(326,0,'0.00'),(327,0,'0.00'),(328,0,'0.00'),(329,0,'0.00'),(330,1489569274,'0.00'),(331,1489571933,'0.00'),(332,0,'0.00'),(333,0,'0.00'),(334,0,'0.00'),(335,0,'0.00'),(336,0,'0.00'),(337,0,'0.00'),(338,1489579094,'0.00'),(339,0,'0.00'),(340,0,'0.00'),(341,0,'0.00'),(342,0,'0.00'),(343,0,'0.00'),(344,0,'0.00'),(345,0,'0.00'),(346,0,'0.00'),(347,1489581648,'0.00'),(348,0,'0.00'),(349,0,'0.00'),(350,0,'0.00'),(351,0,'0.00'),(352,1489585111,'0.00'),(353,0,'0.00'),(354,0,'0.00'),(355,0,'0.00'),(356,0,'0.00'),(357,1489586551,'0.00'),(358,0,'0.00'),(359,1489590831,'0.00'),(360,0,'0.00'),(361,0,'0.00'),(362,0,'0.00'),(363,0,'0.00'),(364,0,'0.00'),(365,0,'0.00'),(366,0,'0.00'),(367,0,'0.00'),(368,0,'0.00'),(369,0,'0.00'),(370,0,'0.00'),(371,0,'0.00'),(372,0,'0.00'),(373,0,'0.00'),(374,1489592072,'0.00'),(375,0,'0.00'),(376,0,'0.00'),(377,0,'0.00'),(378,0,'0.00'),(379,0,'0.00'),(380,1489593090,'0.00'),(381,0,'0.00'),(382,0,'0.00'),(383,0,'0.00'),(384,1489594122,'0.00'),(385,0,'0.00'),(386,1489596282,'0.00'),(387,0,'0.00'),(388,1489596429,'0.00'),(389,0,'0.00'),(390,0,'0.00'),(391,0,'0.00'),(392,1489598760,'0.00'),(393,0,'0.00'),(394,0,'0.00'),(395,0,'0.00'),(396,0,'0.00'),(397,0,'0.00'),(398,1489600580,'0.00'),(399,0,'0.00'),(400,1489601458,'0.00'),(401,0,'0.00'),(402,0,'0.00'),(403,0,'0.00'),(404,0,'0.00'),(405,1489603790,'0.00'),(406,0,'0.00'),(407,0,'0.00'),(408,0,'0.00'),(409,0,'0.00'),(410,1489606115,'0.00'),(411,0,'0.00'),(412,0,'0.00'),(413,0,'0.00'),(414,0,'0.00'),(415,0,'0.00'),(416,0,'0.00'),(417,0,'0.00'),(418,0,'0.00'),(419,0,'0.00'),(420,0,'0.00'),(421,1489611242,'0.00'),(422,0,'0.00'),(423,1489611802,'0.00'),(424,1489633965,'0.00'),(425,0,'0.00'),(426,1489613841,'0.00'),(427,0,'0.00'),(428,0,'0.00'),(429,0,'0.00'),(430,0,'0.00'),(431,0,'0.00'),(432,0,'0.00'),(433,0,'0.00'),(434,0,'0.00'),(435,1489617936,'0.00'),(436,1489619577,'0.00'),(437,0,'0.00'),(438,1489620915,'0.00'),(439,0,'0.00'),(440,0,'0.00'),(441,0,'0.00'),(442,0,'0.00'),(443,0,'0.00'),(444,1489628131,'0.00'),(445,0,'0.00'),(446,0,'0.00'),(447,0,'0.00'),(448,0,'0.00'),(449,1489634579,'0.00'),(450,0,'0.00'),(451,0,'0.00'),(452,0,'0.00'),(453,0,'0.00'),(454,0,'0.00'),(455,0,'0.00'),(456,0,'0.00'),(457,0,'0.00'),(458,0,'0.00'),(459,1489663828,'0.00'),(460,0,'0.00'),(461,0,'0.00'),(462,0,'0.00'),(463,0,'0.00'),(464,1489673942,'0.00'),(465,0,'0.00'),(466,1489674171,'0.00'),(467,1489674630,'0.00'),(468,0,'0.00'),(469,0,'0.00'),(470,1489683319,'0.00'),(471,0,'0.00'),(472,0,'0.00'),(473,0,'0.00'),(474,0,'0.00'),(475,0,'0.00'),(476,1489692104,'0.00'),(477,1489692087,'0.00'),(478,0,'0.00'),(479,0,'0.00'),(480,0,'0.00'),(481,0,'0.00'),(482,0,'0.00'),(483,0,'0.00'),(484,1489704508,'0.00'),(485,0,'0.00'),(486,0,'0.00'),(487,0,'0.00'),(488,0,'0.00'),(489,0,'0.00'),(490,0,'0.00'),(491,0,'0.00'),(492,0,'0.00'),(493,0,'0.00'),(494,0,'0.00'),(495,0,'0.00'),(496,1489727567,'0.00'),(497,0,'0.00'),(498,1490136223,'0.00'),(499,1489733631,'0.00'),(500,1489995866,'0.00'),(501,0,'0.00'),(502,0,'0.00'),(503,0,'0.00'),(504,0,'0.00'),(505,1491214714,'0.00'),(506,0,'0.00'),(507,0,'0.00'),(508,0,'0.00'),(509,0,'0.00'),(510,1489766541,'0.00'),(511,0,'0.00'),(512,0,'0.00'),(513,0,'0.00'),(514,0,'0.00'),(515,0,'0.00'),(516,0,'0.00'),(517,0,'0.00'),(518,1489775323,'0.00'),(519,0,'0.00'),(520,0,'0.00'),(521,0,'0.00'),(522,1489789752,'0.00'),(523,0,'0.00'),(524,0,'0.00'),(525,0,'0.00'),(526,0,'0.00'),(527,1496739743,'0.00'),(528,0,'0.00'),(529,0,'0.00'),(530,0,'0.00'),(531,0,'0.00'),(532,1489860541,'0.00'),(533,0,'0.00'),(534,0,'0.00'),(535,1489866945,'0.00'),(536,0,'0.00'),(537,0,'0.00'),(538,0,'0.00'),(539,0,'0.00'),(540,0,'0.00'),(541,0,'0.00'),(542,1489903690,'0.00'),(543,0,'0.00'),(544,0,'0.00'),(545,0,'0.00'),(546,1489923352,'0.00'),(547,0,'0.00'),(548,0,'0.00'),(549,0,'0.00'),(550,0,'0.00'),(551,1489947853,'0.00'),(552,0,'0.00'),(553,0,'0.00'),(554,0,'0.00'),(555,0,'0.00'),(556,0,'0.00'),(557,0,'0.00'),(558,0,'0.00'),(559,0,'0.00'),(560,0,'0.00'),(561,1489979532,'0.00'),(562,1489996577,'0.00'),(563,0,'0.00'),(564,1490002393,'0.00'),(565,0,'0.00'),(566,0,'0.00'),(567,0,'0.00'),(568,0,'0.00'),(569,0,'0.00'),(570,0,'0.00'),(571,1490054412,'0.00'),(572,0,'0.00'),(573,0,'0.00'),(574,0,'0.00'),(575,1490097159,'0.00'),(576,0,'0.00'),(577,0,'0.00'),(578,0,'0.00'),(579,0,'0.00'),(580,0,'0.00'),(581,0,'0.00'),(582,1490209481,'0.00'),(583,1490211255,'0.00'),(584,0,'0.00'),(585,0,'0.00'),(586,0,'0.00'),(587,0,'0.00'),(588,1490271841,'0.00'),(589,0,'0.00'),(590,1490288374,'0.00'),(591,0,'0.00'),(592,0,'0.00'),(593,0,'0.00'),(594,0,'0.00'),(595,0,'0.00'),(596,0,'0.00'),(597,0,'0.00'),(598,0,'0.00'),(599,0,'0.00'),(600,0,'0.00'),(601,0,'0.00'),(602,0,'0.00'),(603,1490567171,'0.00'),(604,0,'0.00'),(605,0,'0.00'),(606,0,'0.00'),(607,0,'0.00'),(608,0,'0.00'),(609,0,'0.00'),(610,0,'0.00'),(611,0,'0.00'),(612,0,'0.00'),(613,1490994532,'0.00'),(614,1491017952,'0.00'),(615,1491073518,'0.00'),(616,0,'0.00'),(617,0,'0.00'),(618,0,'0.00'),(619,1491661162,'0.00'),(620,1491731590,'0.00'),(621,0,'0.00'),(622,0,'0.00'),(623,0,'0.00'),(624,1492189967,'0.00'),(625,1492253078,'0.00'),(626,0,'0.00'),(627,0,'0.00'),(628,0,'0.00'),(629,0,'0.00'),(630,0,'0.00'),(631,1495310911,'0.00'),(632,1495832954,'0.00'),(633,0,'0.00'),(634,0,'0.00'),(635,0,'0.00'),(636,0,'0.00'),(637,0,'0.00'),(638,1499701141,'0.00'),(639,0,'0.00'),(640,0,'0.00'),(641,0,'0.00'),(642,0,'0.00'),(643,1503138022,'0.00'),(644,0,'0.00');
/*!40000 ALTER TABLE `bonus` ENABLE KEYS */;
UNLOCK TABLES;

--
-- Table structure for table `bugs`
--

DROP TABLE IF EXISTS `bugs`;
/*!40101 SET @saved_cs_client     = @@character_set_client */;
/*!40101 SET character_set_client = utf8 */;
CREATE TABLE `bugs` (
  `id` int(11) NOT NULL AUTO_INCREMENT,
  `user_id` int(11) NOT NULL,
  `text` text NOT NULL,
  `time` int(11) NOT NULL,
  PRIMARY KEY (`id`)
) ENGINE=InnoDB AUTO_INCREMENT=4 DEFAULT CHARSET=latin1;
/*!40101 SET character_set_client = @saved_cs_client */;

--
-- Dumping data for table `bugs`
--

LOCK TABLES `bugs` WRITE;
/*!40000 ALTER TABLE `bugs` DISABLE KEYS */;
INSERT INTO `bugs` VALUES (1,70,'In the header banner I see the text &#34;&#34;. It doesn&#39;t seem like that should be there.',1474300602),(2,184,'Mechaniker-Bug: \nBin gerade Turbolader am bauen und da fiel mir etwas auf: 5% von 8 Minuten sind nicht 5 sekunden Weniger Bauzeit! ... Stattdess sind es sogar 24 Sekunden ;)\nMfG, H3draut3r\nPS: E-Mail ist H3draut3r@hotmail.de',1489596337),(3,184,'&#34;Alle als gelesen&#34; in den SMS sollte nur Nachrichten als &#34;gelesen&#34; markieren... nicht dazu noch alle System-Nachrichten löschen... wozu gibt es dann einen &#34;Lösche alle System-Nachrichten&#34;-Button?',1489621317);
/*!40000 ALTER TABLE `bugs` ENABLE KEYS */;
UNLOCK TABLES;

--
-- Table structure for table `chat_msg`
--

DROP TABLE IF EXISTS `chat_msg`;
/*!40101 SET @saved_cs_client     = @@character_set_client */;
/*!40101 SET character_set_client = utf8 */;
CREATE TABLE `chat_msg` (
  `id` int(11) NOT NULL AUTO_INCREMENT,
  `user` tinytext NOT NULL,
  `msg` tinytext NOT NULL,
  `timestamp` int(11) NOT NULL,
  PRIMARY KEY (`id`)
) ENGINE=InnoDB AUTO_INCREMENT=10 DEFAULT CHARSET=latin1;
/*!40101 SET character_set_client = @saved_cs_client */;

--
-- Dumping data for table `chat_msg`
--

LOCK TABLES `chat_msg` WRITE;
/*!40000 ALTER TABLE `chat_msg` DISABLE KEYS */;
INSERT INTO `chat_msg` VALUES (1,'admin','hallo?',1489573020),(2,'admin','test',1489573025),(3,'admin','it works',1489573028),(4,'Danron','hello',1489588715),(5,'H3draut3r','woooh... ein chat........ und wozu nun?',1489616125),(6,'H3draut3r','Ich bin sooo allein :D',1489771322),(7,'schoomboom','hallo H3draut3r ',1489887667),(8,'Amvartnir','na wat l&auml;uft bei euch?',1490106749),(9,'Amvartnir','dr&uuml;ckt den Sprit Preis doch noch weiter runter, dann bekommen wir gar nichts mehr... -.-',1490437881);
/*!40000 ALTER TABLE `chat_msg` ENABLE KEYS */;
UNLOCK TABLES;

--
-- Table structure for table `fahrer`
--

DROP TABLE IF EXISTS `fahrer`;
/*!40101 SET @saved_cs_client     = @@character_set_client */;
/*!40101 SET character_set_client = utf8 */;
CREATE TABLE `fahrer` (
  `id` int(11) NOT NULL AUTO_INCREMENT,
  `driver_id` int(11) NOT NULL,
  `user_id` int(11) NOT NULL,
  `name` tinytext NOT NULL,
  `skill` double NOT NULL,
  `liga` tinyint(4) NOT NULL,
  `anteil` tinyint(4) NOT NULL,
  PRIMARY KEY (`id`)
) ENGINE=InnoDB AUTO_INCREMENT=701 DEFAULT CHARSET=latin1;
/*!40101 SET character_set_client = @saved_cs_client */;

--
-- Dumping data for table `fahrer`
--

LOCK TABLES `fahrer` WRITE;
/*!40000 ALTER TABLE `fahrer` DISABLE KEYS */;
INSERT INTO `fahrer` VALUES (2,2,2,'Markus Werner',160.65,1,5),(3,3,3,'Markus Werner',150,1,5),(4,4,4,'Markus Werner',150,1,5),(5,5,5,'Markus Werner',150,1,5),(6,6,6,'Markus Werner',150,1,5),(7,7,7,'Markus Werner',171.31,1,5),(8,8,8,'Markus Werner',160.65,1,5),(9,9,9,'Markus Werner',150,1,5),(10,10,10,'Markus Werner',150,1,5),(11,11,11,'Markus Werner',150,1,5),(12,12,12,'Markus Werner',160.65,1,5),(13,13,13,'Markus Werner',150,1,5),(14,14,14,'Markus Werner',207.626,1,5),(15,15,15,'Markus Werner',160.65,3,7),(16,16,16,'Markus Werner',150,1,5),(17,17,17,'Markus Werner',150,1,5),(18,18,18,'Markus Werner',150,1,5),(19,19,19,'Markus Werner',150,1,5),(20,20,20,'Markus Werner',150,1,5),(21,21,21,'Markus Werner',219.87,3,7),(22,22,22,'Markus Werner',150,1,5),(23,23,23,'Markus Werner',181.98,1,5),(24,140320173,23,'Driver-ID#41797',606.16,1,10),(25,24,24,'Markus Werner',235.48,1,5),(26,25,25,'Markus Werner',150,1,5),(27,26,26,'Markus Werner',150,1,5),(28,27,27,'Markus Werner',160.65,1,5),(29,28,28,'Markus Werner',160.65,1,5),(30,140320172,24,'Driver-ID#41797',727.94,1,10),(31,29,29,'Markus Werner',187.81,1,5),(32,30,30,'Markus Werner',181.98,2,6),(33,31,31,'Markus Werner',150,1,5),(34,32,32,'Markus Werner',150,1,5),(35,33,33,'Markus Werner',150,1,5),(36,34,34,'Markus Werner',150,1,5),(37,35,35,'Markus Werner',150,1,5),(38,36,36,'Markus Werner',150,1,5),(39,37,37,'Markus Werner',150,1,5),(40,38,38,'Markus Werner',326.95,2,6),(41,39,39,'Markus Werner',241.8135,3,7),(42,40,40,'Markus Werner',160.65,1,5),(43,41,41,'Markus Werner',150,1,5),(44,42,42,'Markus Werner',160.65,1,5),(45,43,43,'Markus Werner',150,1,5),(46,44,44,'Markus Werner',150,1,5),(47,45,45,'Markus Werner',150,1,5),(48,46,46,'Markus Werner',150,1,5),(49,47,47,'Markus Werner',150,1,5),(50,48,48,'Markus Werner',150,1,5),(51,49,49,'Markus Werner',230.065,1,5),(52,50,50,'Markus Werner',150,1,5),(54,140320172,51,'Driver-ID#56831',2557.445,2,14),(55,52,52,'Markus Werner',210.48,1,5),(56,140320175,51,'Driver-ID#31537',2559.315,2,15),(57,53,53,'Markus Werner',150,2,6),(58,54,54,'Markus Werner',150,1,5),(59,55,55,'Markus Werner',150,1,5),(60,56,56,'Markus Werner',187.81,3,7),(61,57,57,'Markus Werner',150,1,5),(62,58,58,'Markus Werner',160.65,3,7),(63,59,59,'Markus Werner',225.23,2,6),(64,60,60,'Markus Werner',150,1,5),(65,61,61,'Markus Werner',150,1,5),(66,62,62,'Markus Werner',150,1,5),(67,63,63,'Markus Werner',150,1,5),(68,140320171,52,'Driver-ID#56831',470.425,3,15),(69,64,64,'Markus Werner',150,1,5),(70,65,65,'Markus Werner',160.65,1,5),(71,140320172,56,'Driver-ID#14000',649,1,9),(72,66,66,'Markus Werner',150,1,5),(73,67,67,'Markus Werner',160.65,1,5),(74,68,68,'Markus Werner',171.31,1,5),(75,69,69,'Markus Werner',563.93,1,5),(76,140320174,68,'Driver-ID#91599',312,1,13),(77,70,70,'Markus Werner',150,1,5),(78,140320175,69,'Driver-ID#74859',957.715,1,13),(79,71,71,'Markus Werner',150,1,5),(80,72,72,'Markus Werner',160.65,1,5),(82,140320171,73,'Driver-ID#74859',934.838,2,14),(83,74,74,'Markus Werner',150,1,5),(84,75,75,'Markus Werner',150,1,5),(85,76,76,'Markus Werner',299.64,2,6),(86,77,77,'Markus Werner',150,1,5),(87,78,78,'Markus Werner',612.04,1,5),(88,79,79,'Markus Werner',957.5815,1,5),(89,80,80,'Markus Werner',150,1,5),(90,81,81,'Markus Werner',181.98,1,5),(91,82,82,'Markus Werner',150,1,5),(92,83,83,'Markus Werner',160.65,1,5),(93,84,84,'Markus Werner',269.319,2,6),(94,85,85,'Markus Werner',150,1,5),(95,86,86,'Markus Werner',150,1,5),(96,87,87,'Markus Werner',160.65,1,5),(97,88,88,'Markus Werner',165.975,2,6),(98,89,89,'Markus Werner',150,1,5),(99,90,90,'Markus Werner',150,1,5),(100,91,91,'Markus Werner',150,1,5),(101,92,92,'Markus Werner',150,1,5),(103,94,94,'Markus Werner',150,1,5),(104,140320172,93,'Driver-ID#91345',408.16,1,13),(105,95,95,'Markus Werner',150,1,5),(106,96,96,'Markus Werner',150,1,5),(107,97,97,'Markus Werner',150,1,5),(108,98,98,'Markus Werner',150,1,5),(109,99,99,'Markus Werner',150,1,5),(110,100,100,'Markus Werner',150,1,5),(111,101,101,'Markus Werner',160.65,1,5),(112,102,102,'Markus Werner',171.31,1,5),(113,103,103,'Markus Werner',150,1,5),(114,104,104,'Markus Werner',160.65,1,5),(115,105,105,'Markus Werner',160.65,1,5),(116,106,106,'Markus Werner',150,1,5),(117,107,107,'Markus Werner',246.22,1,5),(118,108,108,'Markus Werner',150,1,5),(119,109,109,'Markus Werner',160.65,1,5),(120,110,110,'Markus Werner',150,1,5),(121,111,111,'Markus Werner',150,1,5),(122,112,112,'Markus Werner',150,1,5),(123,113,113,'Markus Werner',150,1,5),(124,114,114,'Markus Werner',150,1,5),(125,115,115,'Markus Werner',209.16,1,5),(126,116,116,'Markus Werner',150,1,5),(127,117,117,'Markus Werner',171.31,1,5),(128,118,118,'Markus Werner',150,1,5),(129,119,119,'Markus Werner',205.454,2,6),(130,120,120,'Markus Werner',150,1,5),(131,121,121,'Markus Werner',187.81,1,5),(132,122,122,'Markus Werner',150,1,5),(133,123,123,'Markus Werner',150,1,5),(134,124,124,'Markus Werner',150,1,5),(135,125,125,'Markus Werner',171.31,1,5),(136,126,126,'Markus Werner',150,1,5),(137,127,127,'Markus Werner',150,1,5),(138,128,128,'Markus Werner',911.737,2,6),(139,129,129,'Markus Werner',150,1,5),(140,130,130,'Markus Werner',150,1,5),(141,131,131,'Markus Werner',150,1,5),(142,132,132,'Markus Werner',150,1,5),(143,133,133,'Markus Werner',150,1,5),(144,134,134,'Markus Werner',231.85,1,5),(145,135,135,'Markus Werner',150,1,5),(146,136,136,'Markus Werner',150,1,5),(147,140320171,134,'Driver-ID#44712',732.875,1,11),(148,137,137,'Markus Werner',150,1,5),(149,138,138,'Markus Werner',150,1,5),(150,139,139,'Markus Werner',160.65,1,5),(151,140,140,'Markus Werner',150,1,5),(152,141,141,'Markus Werner',150,1,5),(153,142,142,'Markus Werner',263.61,1,5),(154,143,143,'Markus Werner',150,2,6),(155,144,144,'Markus Werner',150,1,5),(156,145,145,'Markus Werner',459.78,1,5),(157,146,146,'Markus Werner',160.65,1,5),(158,147,147,'Markus Werner',150,1,5),(159,140320174,142,'Driver-ID#49028',634.16,1,10),(160,148,148,'Markus Werner',150,1,5),(161,149,149,'Markus Werner',150,1,5),(162,150,150,'Markus Werner',150,1,5),(163,151,151,'Markus Werner',150,1,5),(164,140320171,145,'Driver-ID#49028',1434.45,1,10),(165,152,152,'Markus Werner',150,1,5),(166,153,153,'Markus Werner',150,1,5),(167,154,154,'Markus Werner',171.31,1,5),(168,155,155,'Markus Werner',187.81,1,5),(169,156,156,'Markus Werner',181.98,2,6),(170,157,157,'Markus Werner',150,1,5),(171,158,158,'Markus Werner',150,1,5),(172,159,159,'Markus Werner',150,1,5),(173,160,160,'Markus Werner',150,1,5),(174,161,161,'Markus Werner',150,1,5),(175,162,162,'Markus Werner',150,1,5),(176,163,163,'Markus Werner',4711.3795,2,6),(178,140320172,164,'Driver-ID#74839',398.175,1,13),(179,165,165,'Markus Werner',150,1,5),(180,166,166,'Markus Werner',160.65,1,5),(181,167,167,'Markus Werner',160.65,1,5),(182,168,168,'Markus Werner',150,1,5),(183,169,169,'Markus Werner',203.34,1,5),(184,170,170,'Markus Werner',150,1,5),(185,171,171,'Markus Werner',150,1,5),(186,172,172,'Markus Werner',150,1,5),(187,173,173,'Markus Werner',168.105,1,5),(188,174,174,'Markus Werner',150,1,5),(189,175,175,'Markus Werner',150,1,5),(190,176,176,'Markus Werner',150,1,5),(191,177,177,'Markus Werner',150,2,6),(192,178,178,'Markus Werner',150,1,5),(193,179,179,'Markus Werner',176.625,1,5),(194,180,180,'Markus Werner',150,1,5),(195,181,181,'Markus Werner',150,1,5),(196,182,182,'Markus Werner',150,1,5),(197,183,183,'Markus Werner',150,1,5),(198,184,184,'Ramon Cadienne',277661.691000003,2,6),(199,185,185,'Markus Werner',150,1,5),(200,186,186,'Markus Werner',150,1,5),(201,187,187,'Markus Werner',150,1,5),(202,188,188,'Markus Werner',150,1,5),(203,189,189,'Markus Werner',150,1,5),(204,190,190,'Markus Werner',150,1,5),(205,191,191,'Markus Werner',150,1,5),(206,192,192,'Markus Werner',160.65,1,5),(207,193,193,'Markus Werner',150,1,5),(208,194,194,'Markus Werner',150,1,5),(209,195,195,'Markus Werner',160.65,1,5),(210,196,196,'Markus Werner',150,1,5),(211,197,197,'Markus Werner',150,1,5),(212,198,198,'Markus Werner',308.9,1,5),(213,199,199,'Markus Werner',160.65,1,5),(214,200,200,'Markus Werner',150,1,5),(215,201,201,'Markus Werner',150,1,5),(216,202,202,'Markus Werner',150,1,5),(217,203,203,'Markus Werner',160.65,1,5),(218,204,204,'Markus Werner',150,1,5),(219,205,205,'Markus Werner',169.7025,2,6),(220,206,206,'Markus Werner',171.31,2,6),(221,207,207,'Markus Werner',150,1,5),(222,208,208,'Markus Werner',150,1,5),(223,209,209,'Markus Werner',150,1,5),(224,210,210,'Markus Werner',233.845,2,6),(225,211,211,'Markus Werner',150,1,5),(226,212,212,'Markus Werner',1480.85,1,5),(227,213,213,'Markus Werner',171.31,2,6),(228,214,214,'Markus Werner',150,1,5),(229,215,215,'Markus Werner',150,1,5),(230,216,216,'Markus Werner',150,1,5),(231,217,217,'Markus Werner',150,1,5),(232,218,218,'Markus Werner',150,1,5),(233,219,219,'Markus Werner',181.98,1,5),(234,220,220,'Markus Werner',150,1,5),(235,221,221,'Markus Werner',150,1,5),(236,222,222,'Markus Werner',150,2,6),(237,223,223,'Markus Werner',160.65,1,5),(238,224,224,'Markus Werner',150,1,5),(239,225,225,'Markus Werner',160.65,1,5),(240,226,226,'Markus Werner',160.65,1,5),(241,227,227,'Markus Werner',150,1,5),(242,228,228,'Markus Werner',363.836,1,5),(243,229,229,'Markus Werner',171.31,2,6),(244,230,230,'Markus Werner',150,1,5),(245,231,231,'Markus Werner',150,1,5),(246,232,232,'Markus Werner',150,1,5),(247,233,233,'Markus Werner',150,1,5),(248,234,234,'Markus Werner',150,1,5),(249,235,235,'Markus Werner',160.65,4,8),(250,236,236,'Markus Werner',150,1,5),(251,237,237,'Markus Werner',150,1,5),(252,238,238,'Markus Werner',572.248,3,7),(253,239,239,'Markus Werner',150,1,5),(254,240,240,'Markus Werner',150,1,5),(255,241,241,'Markus Werner',150,1,5),(256,242,242,'Markus Werner',150,1,5),(257,243,243,'Markus Werner',150,1,5),(258,244,244,'Markus Werner',160.65,1,5),(259,245,245,'Markus Werner',150,1,5),(260,246,246,'Markus Werner',150,1,5),(261,247,247,'Markus Werner',150,1,5),(262,248,248,'Markus Werner',150,1,5),(263,249,249,'Markus Werner',150,1,5),(264,250,250,'Markus Werner',230.63,1,5),(265,251,251,'Markus Werner',150,1,5),(266,252,252,'Markus Werner',150,1,5),(267,253,253,'Markus Werner',160.65,1,5),(269,140320171,254,'Driver-ID#51524',479.97,1,11),(270,255,255,'Markus Werner',150,1,5),(271,256,256,'Markus Werner',150,2,6),(272,257,257,'Markus Werner',150,1,5),(273,258,258,'Markus Werner',150,1,5),(274,259,259,'Markus Werner',150,1,5),(275,260,260,'Markus Werner',150,1,5),(276,261,261,'Markus Werner',248.4675,1,5),(277,262,262,'Markus Werner',150,1,5),(278,150320175,261,'Driver-ID#30361',369.965,1,13),(279,150320171,51,'Driver-ID#90156',1348.975,2,16),(280,263,263,'Markus Werner',150,1,5),(281,264,264,'Markus Werner',150,1,5),(282,265,265,'Markus Werner',169.7025,1,5),(283,266,266,'Markus Werner',171.31,1,5),(284,267,267,'Markus Werner',150,1,5),(285,268,268,'Markus Werner',150,1,5),(286,269,269,'Markus Werner',241.32,1,5),(287,270,270,'Markus Werner',150,1,5),(288,150320171,269,'Driver-ID#45151',419.311,1,13),(289,271,271,'Markus Werner',150,1,5),(290,272,272,'Markus Werner',160.65,1,5),(291,273,273,'Markus Werner',150,1,5),(292,274,274,'Markus Werner',150,1,5),(293,275,275,'Markus Werner',160.65,1,5),(294,276,276,'Markus Werner',237.612,1,5),(295,277,277,'Markus Werner',150,1,5),(296,278,278,'Markus Werner',150,1,5),(297,279,279,'Markus Werner',150,1,5),(298,280,280,'Markus Werner',150,1,5),(299,281,281,'Markus Werner',171.31,1,5),(300,282,282,'Markus Werner',150,1,5),(301,283,283,'Markus Werner',150,2,6),(302,284,284,'Markus Werner',150,1,5),(303,285,285,'Markus Werner',224.395,4,8),(304,286,286,'Markus Werner',160.65,1,5),(305,287,287,'Markus Werner',150,1,5),(306,288,288,'Markus Werner',150,1,5),(307,289,289,'Markus Werner',150,1,5),(308,290,290,'Markus Werner',150,1,5),(309,291,291,'Markus Werner',150,1,5),(310,292,292,'Markus Werner',150,1,5),(311,293,293,'Markus Werner',150,1,5),(312,294,294,'Markus Werner',150,1,5),(313,295,295,'Markus Werner',150,1,5),(314,296,296,'Markus Werner',150,1,5),(315,297,297,'Markus Werner',150,1,5),(316,298,298,'Markus Werner',150,1,5),(317,299,299,'Markus Werner',150,1,5),(318,300,300,'Markus Werner',150,1,5),(319,301,301,'Markus Werner',150,1,5),(320,302,302,'Markus Werner',150,1,5),(321,303,303,'Markus Werner',150,1,5),(322,304,304,'Markus Werner',150,1,5),(323,305,305,'Markus Werner',150,1,5),(324,306,306,'Markus Werner',171.31,1,5),(325,307,307,'Markus Werner',189.9825,1,5),(326,308,308,'Markus Werner',150,1,5),(327,309,309,'Markus Werner',150,1,5),(328,310,310,'Markus Werner',150,1,5),(329,311,311,'Markus Werner',160.65,1,5),(330,312,312,'Markus Werner',150,1,5),(331,313,313,'Markus Werner',160.65,1,5),(332,314,314,'Markus Werner',150,1,5),(333,315,315,'Markus Werner',150,1,5),(334,316,316,'Markus Werner',150,1,5),(335,317,317,'Markus Werner',150,1,5),(336,318,318,'Markus Werner',207.9375,3,7),(337,319,319,'Markus Werner',150,1,5),(338,320,320,'Markus Werner',150,1,5),(339,321,321,'Markus Werner',150,1,5),(340,322,322,'Markus Werner',171.31,2,6),(341,323,323,'Markus Werner',150,1,5),(342,324,324,'Markus Werner',150,1,5),(343,325,325,'Markus Werner',160.65,1,5),(344,326,326,'Markus Werner',150,1,5),(345,327,327,'Markus Werner',150,1,5),(346,328,328,'Markus Werner',160.65,1,5),(347,329,329,'Markus Werner',150,1,5),(348,330,330,'Markus Werner',160.65,1,5),(349,331,331,'Markus Werner',171.31,3,7),(350,332,332,'Markus Werner',150,1,5),(351,333,333,'Markus Werner',150,1,5),(352,334,334,'Markus Werner',150,1,5),(353,335,335,'Markus Werner',150,1,5),(354,336,336,'Markus Werner',150,2,6),(355,337,337,'Markus Werner',150,1,5),(356,338,338,'Markus Werner',164.3775,1,5),(357,339,339,'Markus Werner',150,1,5),(358,340,340,'Markus Werner',150,1,5),(359,341,341,'Markus Werner',150,1,5),(360,342,342,'Markus Werner',150,1,5),(361,343,343,'Markus Werner',150,1,5),(362,344,344,'Markus Werner',150,1,5),(363,345,345,'Markus Werner',150,1,5),(364,346,346,'Markus Werner',150,1,5),(365,347,347,'Markus Werner',160.65,1,5),(366,348,348,'Markus Werner',150,1,5),(367,349,349,'Markus Werner',150,1,5),(368,350,350,'Markus Werner',150,1,5),(369,351,351,'Markus Werner',150,1,5),(370,352,352,'Markus Werner',150,1,5),(371,353,353,'Markus Werner',150,1,5),(372,354,354,'Markus Werner',150,1,5),(373,355,355,'Markus Werner',150,1,5),(374,356,356,'Markus Werner',150,1,5),(375,150320173,51,'Driver-ID#23342',699.24,2,14),(376,357,357,'Markus Werner',160.65,2,6),(377,358,358,'Markus Werner',150,1,5),(378,359,359,'Markus Werner',1353.918,1,5),(379,360,360,'Markus Werner',160.65,1,5),(380,361,361,'Markus Werner',150,1,5),(381,362,362,'Markus Werner',150,1,5),(382,363,363,'Markus Werner',160.65,1,5),(383,364,364,'Markus Werner',150,1,5),(384,365,365,'Markus Werner',150,1,5),(385,366,366,'Markus Werner',150,1,5),(386,367,367,'Markus Werner',150,1,5),(387,368,368,'Markus Werner',150,1,5),(388,369,369,'Markus Werner',150,1,5),(389,370,370,'Markus Werner',150,1,5),(390,371,371,'Markus Werner',150,1,5),(391,372,372,'Markus Werner',150,1,5),(392,373,373,'Markus Werner',150,1,5),(393,374,374,'Markus Werner',198.48,1,5),(394,375,375,'Markus Werner',150,1,5),(395,376,376,'Markus Werner',150,1,5),(396,377,377,'Markus Werner',160.65,4,8),(397,378,378,'Markus Werner',150,1,5),(398,379,379,'Markus Werner',150,1,5),(399,380,380,'Markus Werner',160.65,1,5),(400,381,381,'Markus Werner',150,1,5),(401,382,382,'Markus Werner',150,1,5),(402,383,383,'Markus Werner',150,1,5),(403,384,384,'Markus Werner',160.65,1,5),(404,385,385,'Markus Werner',150,1,5),(405,386,386,'Markus Werner',203.33,1,5),(406,387,387,'Markus Werner',150,1,5),(407,388,388,'Markus Werner',160.65,1,5),(408,150320171,184,'Riva Aie',259755.005500003,1,10),(409,389,389,'Markus Werner',150,1,5),(410,150320175,386,'Driver-ID#43949',151.27,1,15),(411,390,390,'Markus Werner',160.65,2,6),(412,391,391,'Markus Werner',150,1,5),(413,392,392,'Markus Werner',367.41,2,6),(414,393,393,'Markus Werner',150,1,5),(415,394,394,'Markus Werner',150,1,5),(416,395,395,'Markus Werner',150,1,5),(417,396,396,'Markus Werner',160.65,1,5),(418,150320171,396,'Driver-ID#41393',651,1,9),(419,397,397,'Markus Werner',150,1,5),(420,398,398,'Markus Werner',150,1,5),(421,399,399,'Markus Werner',150,1,5),(422,400,400,'Markus Werner',418.8,1,5),(423,150320174,400,'Ayrton Senna',1075.825,1,10),(424,401,401,'Markus Werner',150,1,5),(425,402,402,'Markus Werner',150,1,5),(426,403,403,'Markus Werner',150,1,5),(427,404,404,'Markus Werner',150,1,5),(428,405,405,'Markus Werner',160.65,1,5),(429,150320173,405,'Driver-ID#45319',335.701,2,14),(430,406,406,'Markus Werner',150,1,5),(431,407,407,'Markus Werner',150,1,5),(432,408,408,'Markus Werner',150,1,5),(433,409,409,'Markus Werner',150,1,5),(434,410,410,'Markus Werner',171.31,1,5),(435,411,411,'Markus Werner',150,1,5),(436,412,412,'Markus Werner',150,1,5),(437,413,413,'Markus Werner',150,1,5),(438,414,414,'Markus Werner',150,1,5),(439,415,415,'Markus Werner',150,1,5),(440,416,416,'Markus Werner',150,1,5),(441,417,417,'Markus Werner',150,1,5),(442,418,418,'Markus Werner',150,1,5),(443,419,419,'Markus Werner',160.65,1,5),(444,420,420,'Markus Werner',150,1,5),(445,421,421,'Markus Werner',150,1,5),(446,422,422,'Markus Werner',150,1,5),(447,423,423,'Markus Werner',160.65,2,6),(448,150320172,423,'Driver-ID#48283',572,1,10),(450,424,424,'Markus Werner',804.4635,1,5),(451,425,425,'Markus Werner',171.31,1,5),(452,426,426,'Markus Werner',150,1,5),(453,427,427,'Markus Werner',150,1,5),(454,428,428,'Markus Werner',150,1,5),(455,429,429,'Markus Werner',150,1,5),(456,430,430,'Markus Werner',160.65,3,7),(457,431,431,'Markus Werner',150,1,5),(458,432,432,'Markus Werner',150,1,5),(459,433,433,'Markus Werner',150,1,5),(460,434,434,'Markus Werner',150,1,5),(461,435,435,'Markus Werner',210.48,1,5),(462,436,436,'Markus Werner',150,1,5),(463,437,437,'Markus Werner',150,1,5),(464,438,438,'Markus Werner',292.984,1,5),(465,439,439,'Markus Werner',150,1,5),(466,440,440,'Markus Werner',150,1,5),(467,441,441,'Markus Werner',150,1,5),(469,442,442,'Markus Werner',150,1,5),(470,443,443,'Markus Werner',150,1,5),(471,444,444,'Markus Werner',150,1,5),(472,445,445,'Markus Werner',150,1,5),(473,446,446,'Markus Werner',150,1,5),(474,447,447,'Markus Werner',160.65,1,5),(475,448,448,'Markus Werner',150,1,5),(476,449,449,'Markus Werner',171.31,2,6),(477,450,450,'Markus Werner',150,1,5),(478,451,451,'Markus Werner',150,1,5),(479,452,452,'Markus Werner',150,1,5),(480,453,453,'Markus Werner',150,1,5),(481,454,454,'Markus Werner',150,1,5),(482,455,455,'Markus Werner',150,1,5),(483,456,456,'Markus Werner',150,1,5),(484,457,457,'Markus Werner',150,1,5),(485,458,458,'Markus Werner',150,1,5),(486,459,459,'Markus Werner',150,1,5),(487,460,460,'Markus Werner',171.31,1,5),(488,461,461,'Markus Werner',150,1,5),(489,462,462,'Markus Werner',150,1,5),(490,463,463,'Markus Werner',150,1,5),(491,464,464,'Markus Werner',186.7815,2,6),(492,465,465,'Markus Werner',150,1,5),(493,466,466,'Markus Werner',336.9945,1,5),(494,467,467,'Markus Werner',150,1,5),(495,468,468,'Markus Werner',150,1,5),(496,469,469,'Markus Werner',150,1,5),(497,470,470,'Markus Werner',171.31,1,5),(498,471,471,'Markus Werner',150,1,5),(499,472,472,'Markus Werner',150,1,5),(500,473,473,'Markus Werner',150,1,5),(501,474,474,'Markus Werner',150,1,5),(502,475,475,'Markus Werner',150,1,5),(503,476,476,'Markus Werner',693.386,2,6),(504,477,477,'Markus Werner',181.98,2,6),(505,160320174,477,'Driver-ID#35585',462,1,12),(506,478,478,'Markus Werner',150,1,5),(507,479,479,'Markus Werner',150,1,5),(508,480,480,'Markus Werner',150,1,5),(509,481,481,'Markus Werner',150,1,5),(510,482,482,'Markus Werner',171.31,1,5),(511,483,483,'Markus Werner',150,1,5),(512,484,484,'Markus Werner',235.48,1,5),(513,485,485,'Markus Werner',150,1,5),(514,486,486,'Markus Werner',150,1,5),(515,487,487,'Markus Werner',150,1,5),(516,488,488,'Markus Werner',150,1,5),(517,489,489,'Markus Werner',150,1,5),(518,490,490,'Markus Werner',150,1,5),(519,491,491,'Markus Werner',171.31,1,5),(520,492,492,'Markus Werner',150,1,5),(521,493,493,'Markus Werner',150,1,5),(522,494,494,'Markus Werner',150,1,5),(523,495,495,'Markus Werner',150,1,5),(524,496,496,'Markus Werner',160.65,1,5),(525,497,497,'Markus Werner',150,1,5),(526,170320172,184,'Horst Dorte',438451.103999987,5,7),(527,498,498,'Markus Werner',315079.786500006,1,5),(528,170320175,498,'Driver-ID#68284',329956.062999995,1,9),(529,499,499,'Markus Werner',292.29,1,5),(530,500,500,'Eschling',1918.2315,2,6),(531,501,501,'Markus Werner',150,1,5),(532,502,502,'Markus Werner',150,1,5),(533,503,503,'Markus Werner',171.31,1,5),(534,170320173,503,'Driver-ID#42400',309,1,13),(535,504,504,'Markus Werner',150,1,5),(536,505,505,'Markus Werner',1550.2735,1,5),(537,506,506,'Markus Werner',150,1,5),(538,507,507,'Markus Werner',150,1,5),(539,170320173,505,'segundo',899.76,1,13),(540,170320171,163,'Driver-ID#64935',1630.343,2,11),(543,508,508,'Markus Werner',150,1,5),(544,509,509,'Markus Werner',150,1,5),(545,510,510,'Markus Werner',242.22,1,5),(546,511,511,'Markus Werner',150,1,5),(547,512,512,'Markus Werner',160.65,1,5),(548,513,513,'Markus Werner',150,1,5),(549,514,514,'Markus Werner',150,1,5),(550,515,515,'Markus Werner',150,1,5),(551,516,516,'Markus Werner',150,1,5),(552,517,517,'Markus Werner',160.65,1,5),(553,518,518,'Markus Werner',150,1,5),(554,519,519,'Markus Werner',150,1,5),(555,520,520,'Markus Werner',150,1,5),(556,521,521,'Markus Werner',150,1,5),(557,522,522,'Markus Werner',246.802,2,6),(558,523,523,'Markus Werner',150,1,5),(559,524,524,'Markus Werner',150,1,5),(560,180320172,498,'Driver-ID#19440',307934.922500003,2,8),(561,525,525,'Markus Werner',150,1,5),(562,526,526,'Markus Werner',150,1,5),(563,527,527,'Markus Werner',233.8795,2,6),(564,180320173,527,'Driver-ID#57707',309.1195,1,14),(565,528,528,'Markus Werner',160.65,1,5),(566,529,529,'Markus Werner',150,1,5),(567,530,530,'Markus Werner',150,1,5),(568,531,531,'Markus Werner',150,1,5),(569,532,532,'Markus Werner',209.16,1,5),(570,533,533,'Markus Werner',150,1,5),(571,534,534,'Markus Werner',150,1,5),(572,535,535,'Markus Werner',224.76,1,5),(573,180320173,535,'Driver-ID#87569',332.63,1,13),(574,536,536,'Markus Werner',150,1,5),(575,537,537,'Markus Werner',150,1,5),(576,538,538,'Markus Werner',150,1,5),(577,539,539,'Markus Werner',150,1,5),(578,540,540,'Markus Werner',150,1,5),(579,541,541,'Markus Werner',150,1,5),(580,542,542,'Markus Werner',268.222,2,6),(581,543,543,'Markus Werner',150,1,5),(582,544,544,'Markus Werner',150,1,5),(583,545,545,'Markus Werner',150,1,5),(584,546,546,'Markus Werner',171.31,1,5),(585,547,547,'Markus Werner',150,1,5),(586,190320172,184,'Driver-ID#72311',375479.627000004,5,7),(587,548,548,'Markus Werner',160.65,1,5),(588,549,549,'Markus Werner',150,1,5),(589,550,550,'Markus Werner',150,1,5),(590,551,551,'Markus Werner',150,1,5),(591,552,552,'Markus Werner',150,1,5),(592,553,553,'Markus Werner',160.65,1,5),(593,554,554,'Markus Werner',150,1,5),(594,555,555,'Markus Werner',150,1,5),(595,556,556,'Markus Werner',150,1,5),(596,557,557,'Markus Werner',150,1,5),(597,558,558,'Markus Werner',150,1,5),(598,559,559,'Markus Werner',150,1,5),(599,560,560,'Markus Werner',150,1,5),(600,561,561,'Markus Werner',150,1,5),(601,200320172,184,'Driver-ID#96504',331026.169500001,5,7),(602,562,562,'Markus Werner',171.31,4,8),(603,563,563,'Markus Werner',150,1,5),(604,564,564,'Markus Werner',150,1,5),(605,565,565,'Markus Werner',150,1,5),(606,566,566,'Markus Werner',150,1,5),(607,567,567,'Markus Werner',150,1,5),(608,568,568,'Markus Werner',150,1,5),(609,569,569,'Markus Werner',150,1,5),(610,570,570,'Markus Werner',150,1,5),(611,571,571,'Markus Werner',187.81,1,5),(612,572,572,'Markus Werner',160.65,1,5),(613,573,573,'Markus Werner',150,1,5),(614,210320171,498,'Driver-ID#50176',314141.666000007,1,11),(615,574,574,'Markus Werner',150,1,5),(616,575,575,'Markus Werner',160.65,1,5),(617,576,576,'Markus Werner',150,1,5),(618,577,577,'Markus Werner',150,1,5),(619,220320172,184,'Driver-ID#45219',167587.172000002,4,8),(620,578,578,'Markus Werner',150,3,7),(621,579,579,'Markus Werner',150,1,5),(622,580,580,'Markus Werner',150,1,5),(623,581,581,'Markus Werner',150,1,5),(624,582,582,'Markus Werner',186.244,1,5),(625,583,583,'Markus Werner',150,1,5),(626,584,584,'Markus Werner',150,1,5),(627,585,585,'Markus Werner',150,1,5),(628,586,586,'Markus Werner',150,1,5),(629,587,587,'Markus Werner',150,1,5),(630,588,588,'Markus Werner',150,1,5),(631,589,589,'Markus Werner',150,1,5),(632,230320172,184,'Driver-ID#69543',209190.603000001,5,8),(633,590,590,'Markus Werner',160.65,1,5),(634,230320172,498,'Driver-ID#89731',228815.116000001,4,9),(635,591,591,'Markus Werner',150,1,5),(636,240320172,184,'Driver-ID#93038',152067.590500002,5,8),(637,592,592,'Markus Werner',150,1,5),(638,593,593,'Markus Werner',150,1,5),(639,594,594,'Markus Werner',150,1,5),(640,250320175,184,'Driver-ID#91484',4096.725,4,10),(641,595,595,'Markus Werner',150,1,5),(642,596,596,'Markus Werner',150,1,5),(643,597,597,'Markus Werner',150,1,5),(644,598,598,'Markus Werner',150,1,5),(645,599,599,'Markus Werner',150,1,5),(646,600,600,'Markus Werner',150,1,5),(647,601,601,'Markus Werner',150,1,5),(648,602,602,'Markus Werner',150,1,5),(649,270320175,498,'Driver-ID#53656',80991.2049999999,5,7),(650,270320174,498,'Driver-ID#62120',87029.2500000003,3,10),(651,603,603,'Markus Werner',150,1,5),(652,270320175,184,'Driver-ID#82353',110898.685500001,7,5),(653,604,604,'Markus Werner',160.65,1,5),(654,280320171,498,'Driver-ID#62219',11068.65,4,9),(655,280320174,498,'Driver-ID#36708',11805.5515,3,11),(656,605,605,'Markus Werner',150,1,5),(657,280320175,184,'Driver-ID#8036',57047.6329999997,6,6),(658,280320171,184,'Driver-ID#91531',773,5,8),(659,606,606,'Markus Werner',150,1,5),(660,607,607,'Markus Werner',150,1,5),(661,608,608,'Markus Werner',150,1,5),(662,609,609,'Markus Werner',150,1,5),(663,610,610,'Markus Werner',150,1,5),(664,611,611,'Markus Werner',150,1,5),(665,612,612,'Markus Werner',150,1,5),(666,613,613,'Markus Werner',317.78,2,6),(667,614,614,'Markus Werner',160.65,1,5),(668,615,615,'Markus Werner',710.8545,2,6),(669,616,616,'Markus Werner',150,1,5),(670,617,617,'Markus Werner',160.65,1,5),(671,618,618,'Markus Werner',150,1,5),(672,619,619,'Markus Werner',150,1,5),(673,620,620,'Markus Werner',160.65,1,5),(674,621,621,'Markus Werner',150,1,5),(675,622,622,'Markus Werner',150,2,6),(676,623,623,'Markus Werner',150,1,5),(677,624,624,'Markus Werner',150,1,5),(678,625,625,'Markus Werner',779.245,2,6),(679,626,626,'Markus Werner',150,1,5),(680,627,627,'Markus Werner',150,1,5),(681,628,628,'Markus Werner',150,1,5),(682,629,629,'Markus Werner',150,1,5),(683,630,630,'Markus Werner',150,1,5),(684,631,631,'Markus Werner',160.65,1,5),(685,632,632,'Markus Werner',1588.7775,2,6),(686,260520173,632,'Driver-ID#10596',917.674,1,13),(687,633,633,'Markus Werner',150,1,5),(688,634,634,'Markus Werner',150,1,5),(689,635,635,'Markus Werner',150,1,5),(690,636,636,'Markus Werner',150,1,5),(691,637,637,'Markus Werner',150,1,5),(692,638,638,'Markus Werner',2078.764,1,5),(693,90720173,638,'Driver-ID#74392',1593.404,1,11),(694,90720175,638,'Driver-ID#57880',798.625,1,15),(695,639,639,'Markus Werner',150,1,5),(696,640,640,'Markus Werner',150,1,5),(697,641,641,'Markus Werner',160.65,1,5),(698,642,642,'Markus Werner',150,1,5),(699,643,643,'Markus Werner',327.054,2,6),(700,644,644,'Markus Werner',150,1,5);
/*!40000 ALTER TABLE `fahrer` ENABLE KEYS */;
UNLOCK TABLES;

--
-- Table structure for table `faxes`
--

DROP TABLE IF EXISTS `faxes`;
/*!40101 SET @saved_cs_client     = @@character_set_client */;
/*!40101 SET character_set_client = utf8 */;
CREATE TABLE `faxes` (
  `id` int(11) NOT NULL AUTO_INCREMENT,
  `to_id` int(11) NOT NULL,
  `from_id` int(11) NOT NULL,
  `open` tinyint(1) NOT NULL,
  `date` int(11) NOT NULL,
  `betreff` tinytext NOT NULL,
  `message` text NOT NULL,
  PRIMARY KEY (`id`)
) ENGINE=InnoDB AUTO_INCREMENT=23263 DEFAULT CHARSET=latin1;
/*!40101 SET character_set_client = @saved_cs_client */;

--
-- Dumping data for table `faxes`
--

LOCK TABLES `faxes` WRITE;
/*!40000 ALTER TABLE `faxes` DISABLE KEYS */;
INSERT INTO `faxes` VALUES (1,2,0,1,1489487835,'Anfänger Rennen finished.','You made 15,21€ and 10,65 EP!'),(2,7,0,0,1489489834,'Beginner Race finished.','You made $15.21 and 10.65 EXP!'),(3,8,0,1,1489489869,'Beginner Race finished.','You made $15.21 and 10.65 EXP!'),(4,12,0,1,1489490373,'Beginner Race finished.','You made $15.21 and 10.65 EXP!'),(5,7,0,0,1489490554,'Beginner Race finished.','You made $15.23 and 10.66 EXP!'),(6,14,0,1,1489491061,'Beginner Race finished.','You made $15.21 and 10.65 EXP!'),(7,14,0,1,1489491210,'Beginner Race finished.','You made $15.23 and 10.66 EXP!'),(8,14,0,1,1489491407,'Beginner Race finished.','You made $18.29 and 16.01 EXP!'),(9,14,0,1,1489491497,'Beginner Race finished.','You made $18.33 and 20.31 EXP!'),(10,15,0,1,1489491686,'Beginner Race finished.','You made $19.02 and 10.65 EXP!'),(11,21,0,1,1489492537,'Beginner Race finished.','You made $15.21 and 10.65 EXP!'),(12,21,0,1,1489492773,'Beginner Race finished.','You made $15.23 and 10.66 EXP!'),(13,21,0,1,1489492935,'Beginner Race finished.','You made $15.24 and 10.67 EXP!'),(14,23,0,1,1489493437,'Beginner Race finished.','You made $35.61 and 22.16 EXP!'),(15,23,0,1,1489493437,'Beginner Race finished.','You made $15.21 and 10.65 EXP!'),(16,23,0,1,1489493509,'Beginner Race finished.','You made $15.23 and 10.66 EXP!'),(17,24,0,1,1489493528,'Beginner Race finished.','You made $15.21 and 10.65 EXP!'),(18,23,0,1,1489493550,'Beginner Race finished.','You made $15.24 and 10.67 EXP!'),(19,24,0,1,1489493601,'Beginner Race finished.','You made $15.23 and 10.66 EXP!'),(20,27,0,0,1489493612,'Beginner Race finished.','You made $15.21 and 10.65 EXP!'),(21,28,0,1,1489493664,'Beginner Race finished.','You made $15.21 and 10.65 EXP!'),(22,24,0,1,1489493788,'Beginner Race finished.','You made $15.24 and 10.67 EXP!'),(23,24,0,1,1489493918,'Beginner Race finished.','You made $51.44 and 16.62 EXP!'),(24,24,0,1,1489493918,'Beginner Race finished.','You made $15.26 and 10.68 EXP!'),(25,24,0,1,1489493998,'Beginner Race finished.','You made $51.54 and 16.65 EXP!'),(26,29,0,1,1489494022,'Beginner Race finished.','You made $15.21 and 10.65 EXP!'),(27,24,0,1,1489494076,'Beginner Race finished.','You made $51.63 and 16.68 EXP!'),(28,24,0,1,1489494076,'Beginner Race finished.','You made $15.27 and 10.69 EXP!'),(29,30,0,1,1489494189,'Beginner Race finished.','You made $15.21 and 10.65 EXP!'),(30,30,0,1,1489494255,'Beginner Race finished.','You made $15.23 and 10.66 EXP!'),(31,24,0,1,1489494295,'Beginner Race finished.','You made $51.68 and 16.70 EXP!'),(32,30,0,1,1489494311,'Beginner Race finished.','You made $15.24 and 10.67 EXP!'),(33,24,0,1,1489494331,'Beginner Race finished.','You made $15.29 and 10.70 EXP!'),(34,24,0,1,1489494331,'Beginner Race finished.','You made $51.77 and 16.73 EXP!'),(35,24,0,1,1489494586,'Beginner Race finished.','You made $15.30 and 10.71 EXP!'),(37,40,0,1,1489495067,'Beginner Race finished.','You made $15.21 and 10.65 EXP!'),(39,39,0,1,1489495120,'Beginner Race finished.','You made $19.02 and 14.38 EXP!'),(40,42,0,1,1489495156,'Beginner Race finished.','You made $15.21 and 10.65 EXP!'),(41,24,0,1,1489495452,'Beginner EnDurance finished.','You made $997.92 and 43.76 EXP!'),(42,38,0,1,1489495456,'Beginner Masters finished.','You made $150.65 and 39.17 EXP!'),(43,24,0,0,1489495606,'Beginner Race finished.','You made $80.07 and 16.82 EXP!'),(44,24,0,0,1489495606,'Beginner Race finished.','You made $21.44 and 10.72 EXP!'),(45,38,0,1,1489495618,'Beginner Race finished.','You made $22.19 and 10.71 EXP!'),(46,29,0,1,1489495806,'Beginner Race Cup finished.','You made $101.85 and 27.16 EXP!'),(47,38,0,1,1489495820,'Beginner Race Cup finished.','You made $109.64 and 27.22 EXP!'),(48,39,0,1,1489496474,'Beginner EnDurance finished.','You made $377.11 and 38.69 EXP!'),(49,24,0,0,1489496795,'Part sold on market','Your part was sold on the market for $100.00.'),(50,49,0,1,1489496797,'Beginner Race finished.','You made $15.21 and 10.65 EXP!'),(51,49,0,1,1489496905,'Beginner Race finished.','You made $18.27 and 10.66 EXP!'),(55,52,0,1,1489497323,'Beginner Race finished.','You made $15.21 and 10.65 EXP!'),(58,52,0,1,1489497364,'Beginner Race finished.','You made $15.23 and 10.66 EXP!'),(59,38,0,1,1489497447,'Beginner Masters finished.','You made $226.44 and 39.25 EXP!'),(60,56,0,1,1489497588,'Beginner Race finished.','You made $15.21 and 10.65 EXP!'),(63,58,0,0,1489497736,'Beginner Race finished.','You made $15.21 and 10.65 EXP!'),(64,56,0,1,1489498001,'Beginner Race Cup finished.','You made $75.44 and 27.16 EXP!'),(67,21,0,1,1489498228,'Beginner Race Cup finished.','You made $75.50 and 27.18 EXP!'),(69,65,0,0,1489498364,'Anfänger Rennen finished.','You made 15,21€ and 10,65 EP!'),(74,68,0,0,1489498667,'Beginner Race finished.','You made $15.21 and 10.65 EXP!'),(75,49,0,1,1489498710,'Beginner Masters finished.','You made $549.89 and 58.76 EXP!'),(78,68,0,0,1489498794,'Beginner Race finished.','You made $15.23 and 10.66 EXP!'),(79,59,0,1,1489498861,'Beginner Race finished.','You made $45.86 and 26.75 EXP!'),(80,67,0,1,1489498918,'Beginner Race finished.','You made $15.98 and 10.65 EXP!'),(89,72,0,1,1489499253,'Beginner Race finished.','You made $15.21 and 10.65 EXP!'),(110,76,0,0,1489500165,'Beginner Race finished.','You made $15.21 and 10.65 EXP!'),(114,76,0,0,1489500368,'Beginner Race finished.','You made $15.23 and 10.66 EXP!'),(119,69,0,0,1489500843,'Beginner Masters finished.','You made $578.77 and 59.40 EXP!'),(120,69,0,0,1489500843,'Beginner Masters finished.','You made $166.40 and 39.33 EXP!'),(121,81,0,1,1489500847,'Beginner Race finished.','You made $15.24 and 10.67 EXP!'),(122,83,0,0,1489500880,'Beginner Race finished.','You made $15.21 and 10.65 EXP!'),(132,87,0,1,1489501279,'Beginner Race finished.','You made $15.21 and 10.65 EXP!'),(137,88,0,1,1489501471,'Anfänger Rennen finished.','You made 49,45€ and 15,98 EP!'),(144,84,0,1,1489501769,'Beginner Race finished.','You made $23.04 and 22.04 EXP!'),(153,69,0,0,1489501976,'Beginner Masters finished.','You made $579.65 and 59.49 EXP!'),(154,69,0,0,1489501976,'Beginner Masters finished.','You made $166.57 and 39.37 EXP!'),(164,78,0,0,1489502375,'Beginner Race finished.','You made $78.43 and 16.47 EXP!'),(165,76,0,0,1489502558,'Beginner Race finished.','You made $15.24 and 10.67 EXP!'),(166,78,0,1,1489502576,'Beginner Race finished.','You made $78.57 and 16.50 EXP!'),(167,78,0,1,1489502612,'Beginner Race finished.','You made $78.64 and 16.52 EXP!'),(168,78,0,1,1489502661,'Beginner Race finished.','You made $78.79 and 16.55 EXP!'),(169,78,0,0,1489502664,'New League','Congratulations, you advanced to league 2!'),(173,78,0,1,1489502942,'Beginner Race finished.','You made $78.93 and 16.58 EXP!'),(176,78,0,1,1489502996,'Beginner Race finished.','You made $79.00 and 16.59 EXP!'),(177,69,0,0,1489503034,'Beginner Masters finished.','You made $580.52 and 59.58 EXP!'),(178,69,0,0,1489503034,'Beginner Masters finished.','You made $166.73 and 39.41 EXP!'),(179,78,0,0,1489503062,'Beginner Race finished.','You made $79.14 and 16.62 EXP!'),(183,78,0,0,1489503119,'Beginner Race finished.','You made $79.29 and 16.65 EXP!'),(185,38,0,1,1489503208,'Beginner Masters finished.','You made $226.67 and 39.29 EXP!'),(186,93,0,1,1489503255,'Beginner Race finished.','You made $46.46 and 32.52 EXP!'),(188,79,0,0,1489503290,'Beginner Race finished.','You made $52.83 and 41.40 EXP!'),(189,79,0,0,1489503291,'New League','Congratulations, you advanced to league 2!'),(190,93,0,0,1489503336,'Beginner Race finished.','You made $46.63 and 32.64 EXP!'),(191,79,0,0,1489503392,'Beginner Race finished.','You made $53.03 and 41.55 EXP!'),(192,79,0,0,1489503433,'Beginner Race finished.','You made $53.22 and 41.70 EXP!'),(193,79,0,0,1489503712,'Beginner Race finished.','You made $53.41 and 41.85 EXP!'),(196,76,0,0,1489504026,'Beginner Masters finished.','You made $150.69 and 39.18 EXP!'),(197,101,0,1,1489504211,'Beginner Race finished.','You made $15.21 and 10.65 EXP!'),(198,102,0,1,1489504335,'Beginner Race finished.','You made $15.21 and 10.65 EXP!'),(202,102,0,1,1489504458,'Beginner Race finished.','You made $15.23 and 10.66 EXP!'),(203,104,0,1,1489504508,'Beginner Race finished.','You made $17.50 and 10.65 EXP!'),(205,105,0,1,1489504733,'Beginner Race finished.','You made $15.21 and 10.65 EXP!'),(206,79,0,0,1489504763,'Beginner Race Cup finished.','You made $257.76 and 103.88 EXP!'),(209,107,0,1,1489505170,'Beginner Race finished.','You made $15.21 and 10.65 EXP!'),(210,107,0,1,1489505231,'Beginner Race finished.','You made $15.23 and 10.66 EXP!'),(212,109,0,0,1489505266,'Anfänger Rennen finished.','You made 17,50€ and 10,65 EP!'),(213,107,0,1,1489505306,'Beginner Race finished.','You made $15.24 and 10.67 EXP!'),(216,115,0,1,1489505580,'Anfänger Rennen finished.','You made 15,21€ and 10,65 EP!'),(218,107,0,1,1489506046,'Beginner Race finished.','You made $36.62 and 10.68 EXP!'),(219,107,0,1,1489506123,'Beginner Race finished.','You made $36.65 and 10.69 EXP!'),(222,79,0,0,1489506159,'Beginner Masters finished.','You made $512.94 and 149.29 EXP!'),(223,107,0,1,1489506183,'Beginner Race finished.','You made $38.98 and 10.70 EXP!'),(224,107,0,1,1489506234,'Beginner Race finished.','You made $39.02 and 10.71 EXP!'),(225,107,0,1,1489506305,'Beginner Race finished.','You made $42.11 and 10.72 EXP!'),(226,107,0,0,1489506374,'Beginner Race finished.','You made $42.19 and 10.74 EXP!'),(227,73,0,1,1489506663,'Beginner Masters finished.','You made $475.02 and 91.63 EXP!'),(229,76,0,0,1489507320,'Beginner Masters finished.','You made $150.85 and 39.22 EXP!'),(230,117,0,1,1489507467,'Beginner Race finished.','You made $15.21 and 10.65 EXP!'),(231,117,0,1,1489507618,'Beginner Race finished.','You made $15.23 and 10.66 EXP!'),(233,119,0,1,1489508167,'Beginner Race finished.','You made $48.02 and 34.14 EXP!'),(234,76,0,0,1489508335,'Beginner Masters finished.','You made $151.00 and 39.26 EXP!'),(248,139,0,1,1489510318,'Beginner Race finished.','You made $15.21 and 10.65 EXP!'),(249,121,0,1,1489510355,'Beginner Race finished.','You made $15.21 and 10.65 EXP!'),(250,121,0,1,1489510618,'Beginner Race Cup finished.','You made $75.44 and 27.16 EXP!'),(251,142,0,1,1489510798,'Beginner Race finished.','You made $15.21 and 10.65 EXP!'),(252,134,0,1,1489510832,'Beginner Masters finished.','You made $418.11 and 98.83 EXP!'),(253,134,0,1,1489510832,'Beginner Masters finished.','You made $195.95 and 39.19 EXP!'),(254,142,0,1,1489510917,'Beginner Race finished.','You made $15.23 and 10.66 EXP!'),(255,142,0,1,1489510983,'Beginner Race finished.','You made $19.05 and 10.67 EXP!'),(259,142,0,1,1489511226,'Beginner Race Cup finished.','You made $94.38 and 27.18 EXP!'),(260,146,0,1,1489511299,'Beginner Race finished.','You made $15.21 and 10.65 EXP!'),(262,142,0,1,1489511518,'Beginner Race Cup finished.','You made $95.73 and 27.57 EXP!'),(263,142,0,1,1489511525,'Beginner Race Cup finished.','You made $75.58 and 27.21 EXP!'),(265,128,0,1,1489511810,'Beginner Masters finished.','You made $462.43 and 98.55 EXP!'),(266,142,0,1,1489511819,'Beginner Race Cup finished.','You made $75.67 and 27.24 EXP!'),(267,128,0,1,1489511866,'Beginner Race finished.','You made $51.16 and 27.55 EXP!'),(268,128,0,1,1489511867,'New League','Congratulations, you advanced to league 2!'),(269,142,0,1,1489511981,'Beginner Masters finished.','You made $395.90 and 39.59 EXP!'),(270,128,0,1,1489512146,'Beginner Race Cup finished.','You made $248.72 and 68.88 EXP!'),(271,128,0,1,1489512178,'Beginner Race finished.','You made $51.58 and 27.78 EXP!'),(272,128,0,1,1489512210,'Beginner Race finished.','You made $51.72 and 27.85 EXP!'),(273,128,0,1,1489512245,'Beginner Race finished.','You made $51.86 and 27.93 EXP!'),(274,128,0,1,1489512340,'Beginner Race finished.','You made $52.00 and 28.00 EXP!'),(277,128,0,1,1489512372,'Beginner Race finished.','You made $52.14 and 28.08 EXP!'),(278,134,0,0,1489512387,'Beginner Masters finished.','You made $419.16 and 99.08 EXP!'),(279,128,0,1,1489512405,'Beginner Race finished.','You made $52.23 and 28.13 EXP!'),(280,128,0,1,1489512468,'Beginner Race finished.','You made $52.37 and 32.15 EXP!'),(282,128,0,1,1489512608,'Beginner Race finished.','You made $52.51 and 32.23 EXP!'),(283,128,0,1,1489512655,'Beginner Race finished.','You made $52.70 and 32.35 EXP!'),(284,154,0,1,1489512677,'Beginner Race finished.','You made $15.23 and 10.66 EXP!'),(285,128,0,1,1489512688,'Beginner Race finished.','You made $52.84 and 32.43 EXP!'),(293,164,0,1,1489514571,'Beginner Race finished.','You made $42.70 and 27.18 EXP!'),(296,166,0,1,1489515225,'Anfänger Rennen finished.','You made 20,54€ and 10,65 EP!'),(297,167,0,1,1489515309,'Beginner Race finished.','You made $16.74 and 10.65 EXP!'),(298,169,0,1,1489515491,'Beginner Race finished.','You made $15.21 and 10.65 EXP!'),(299,169,0,1,1489515575,'Beginner Race finished.','You made $15.23 and 10.66 EXP!'),(300,169,0,1,1489515711,'Beginner Race finished.','You made $15.24 and 10.67 EXP!'),(301,169,0,1,1489515961,'Beginner Race finished.','You made $34.33 and 21.36 EXP!'),(302,173,0,0,1489516712,'Beginner Race finished.','You made $18.26 and 18.11 EXP!'),(303,179,0,1,1489516864,'Beginner Race finished.','You made $41.84 and 26.63 EXP!'),(309,192,0,0,1489518964,'Beginner Race finished.','You made $15.21 and 10.65 EXP!'),(311,195,0,1,1489519261,'Beginner Race finished.','You made $15.21 and 10.65 EXP!'),(312,198,0,1,1489519426,'Beginner Race finished.','You made $15.21 and 10.65 EXP!'),(314,199,0,0,1489519666,'Beginner Race finished.','You made $15.21 and 10.65 EXP!'),(315,198,0,1,1489519782,'Beginner Race finished.','You made $44.16 and 26.65 EXP!'),(317,198,0,1,1489519966,'Beginner Race finished.','You made $44.29 and 26.73 EXP!'),(319,198,0,1,1489520285,'Beginner Race finished.','You made $44.37 and 26.78 EXP!'),(321,203,0,1,1489520351,'Beginner Race finished.','You made $15.21 and 10.65 EXP!'),(324,155,0,0,1489520899,'Beginner Race Cup finished.','You made $75.44 and 27.16 EXP!'),(330,210,0,1,1489521992,'Beginner Race finished.','You made $15.21 and 10.65 EXP!'),(331,210,0,1,1489522062,'Beginner Race finished.','You made $15.23 and 10.66 EXP!'),(332,210,0,1,1489522150,'Beginner Race finished.','You made $17.53 and 10.67 EXP!'),(333,210,0,1,1489522205,'Beginner Race finished.','You made $17.55 and 10.68 EXP!'),(334,210,0,1,1489522330,'Beginner Race finished.','You made $18.33 and 10.69 EXP!'),(335,212,0,1,1489522423,'Beginner Race finished.','You made $22.82 and 10.65 EXP!'),(336,210,0,1,1489522568,'Beginner Race finished.','You made $49.68 and 30.50 EXP!'),(337,219,0,1,1489522758,'Beginner Race finished.','You made $15.21 and 10.65 EXP!'),(338,219,0,1,1489522831,'Beginner Race finished.','You made $15.23 and 10.66 EXP!'),(339,212,0,1,1489522864,'Beginner Race Cup finished.','You made $248.97 and 67.90 EXP!'),(340,219,0,1,1489522912,'Beginner Race finished.','You made $19.82 and 10.67 EXP!'),(341,213,0,0,1489522946,'Beginner Race finished.','You made $15.21 and 10.65 EXP!'),(342,213,0,0,1489522982,'Beginner Race finished.','You made $15.23 and 10.66 EXP!'),(346,223,0,1,1489524424,'Beginner Race finished.','You made $19.78 and 10.65 EXP!'),(347,225,0,1,1489524689,'Beginner Race finished.','You made $15.21 and 10.65 EXP!'),(348,226,0,1,1489524771,'Beginner Race finished.','You made $15.21 and 10.65 EXP!'),(349,228,0,0,1489525860,'Beginner Race finished.','You made $15.21 and 10.65 EXP!'),(350,228,0,1,1489526221,'Beginner Race finished.','You made $15.23 and 10.66 EXP!'),(351,229,0,0,1489526259,'Beginner Race finished.','You made $15.21 and 10.65 EXP!'),(352,229,0,0,1489526312,'Beginner Race finished.','You made $15.23 and 10.66 EXP!'),(353,228,0,0,1489526334,'Beginner Race finished.','You made $19.82 and 10.67 EXP!'),(354,228,0,0,1489526458,'Beginner Race finished.','You made $24.41 and 10.68 EXP!'),(355,228,0,1,1489526763,'Beginner Race finished.','You made $25.20 and 14.43 EXP!'),(356,228,0,0,1489527063,'Beginner Race Cup finished.','You made $124.71 and 44.90 EXP!'),(357,228,0,1,1489527488,'Beginner Race Cup finished.','You made $124.90 and 55.86 EXP!'),(359,212,0,1,1489528788,'Beginner EnDurance finished.','You made $997.99 and 79.01 EXP!'),(360,235,0,0,1489528859,'Beginner Race finished.','You made $15.21 and 10.65 EXP!'),(361,212,0,1,1489529135,'Beginner Masters finished.','You made $498.93 and 108.10 EXP!'),(377,125,0,1,1489530474,'Beginner Race finished.','You made $15.21 and 10.65 EXP!'),(378,125,0,1,1489530538,'Beginner Race finished.','You made $15.23 and 10.66 EXP!'),(390,238,0,1,1489530999,'Beginner Race finished.','You made $51.81 and 22.53 EXP!'),(394,253,0,1,1489531884,'Beginner Race finished.','You made $15.21 and 10.65 EXP!'),(395,254,0,1,1489531984,'Beginner Race finished.','You made $15.67 and 10.97 EXP!'),(402,228,0,0,1489533582,'Beginner Race Cup finished.','You made $125.17 and 55.99 EXP!'),(403,261,0,0,1489533933,'Beginner Race finished.','You made $15.21 and 10.65 EXP!'),(404,198,0,1,1489534252,'Beginner Race Cup finished.','You made $219.43 and 68.10 EXP!'),(405,261,0,0,1489534253,'Beginner Race finished.','You made $17.51 and 14.39 EXP!'),(406,73,0,1,1489534333,'Sprit sold on market','You sold sprit on the market for $5,000.00.'),(407,261,0,0,1489534618,'Beginner Race Cup finished.','You made $86.83 and 36.69 EXP!'),(410,261,0,0,1489534944,'Beginner Masters finished.','You made $491.38 and 58.97 EXP!'),(411,261,0,0,1489534944,'Beginner Race Cup finished.','You made $86.92 and 36.73 EXP!'),(414,266,0,1,1489536521,'Beginner Race finished.','You made $15.21 and 10.65 EXP!'),(415,266,0,0,1489536625,'Beginner Race finished.','You made $15.99 and 10.66 EXP!'),(418,265,0,1,1489537387,'Beginner Race finished.','You made $56.29 and 19.70 EXP!'),(425,269,0,0,1489539082,'Beginner Race finished.','You made $18.36 and 10.71 EXP!'),(426,272,0,1,1489539092,'Beginner Race finished.','You made $17.50 and 10.65 EXP!'),(427,269,0,0,1489539144,'Beginner Race finished.','You made $18.38 and 10.72 EXP!'),(428,269,0,0,1489539521,'Beginner Race finished.','You made $18.39 and 10.73 EXP!'),(429,156,0,1,1489539774,'Beginner Race finished.','You made $15.21 and 10.65 EXP!'),(430,156,0,1,1489539937,'Beginner Race finished.','You made $15.23 and 10.66 EXP!'),(431,156,0,0,1489540025,'Beginner Race finished.','You made $15.24 and 10.67 EXP!'),(432,275,0,0,1489540696,'Beginner Race finished.','You made $15.21 and 10.65 EXP!'),(433,276,0,1,1489541818,'Beginner Race finished.','You made $15.21 and 10.65 EXP!'),(434,276,0,1,1489541998,'Beginner Race finished.','You made $15.99 and 10.66 EXP!'),(435,276,0,1,1489542087,'Beginner Race finished.','You made $17.53 and 10.67 EXP!'),(436,276,0,1,1489542155,'Beginner Race finished.','You made $51.87 and 16.02 EXP!'),(437,276,0,1,1489542215,'Beginner Race finished.','You made $55.03 and 16.05 EXP!'),(438,276,0,0,1489542294,'Beginner Race finished.','You made $57.38 and 23.56 EXP!'),(442,286,0,0,1489545523,'Beginner Race finished.','You made $15.21 and 10.65 EXP!'),(443,285,0,1,1489545736,'Beginner Race Cup finished.','You made $86.76 and 40.74 EXP!'),(444,285,0,1,1489546364,'Beginner Race finished.','You made $17.58 and 23.01 EXP!'),(445,306,0,1,1489552503,'Beginner Race finished.','You made $15.21 and 10.65 EXP!'),(446,306,0,1,1489552593,'Beginner Race finished.','You made $15.23 and 10.66 EXP!'),(453,313,0,0,1489556775,'Beginner Race finished.','You made $15.21 and 10.65 EXP!'),(454,318,0,1,1489558096,'Beginner Race finished.','You made $17.50 and 10.65 EXP!'),(455,318,0,1,1489558358,'Beginner Race finished.','You made $19.04 and 13.33 EXP!'),(456,21,0,1,1489560505,'Beginner Race finished.','You made $15.30 and 10.71 EXP!'),(457,322,0,1,1489561132,'Beginner Race finished.','You made $15.21 and 10.65 EXP!'),(458,322,0,1,1489561229,'Beginner Race finished.','You made $15.23 and 10.66 EXP!'),(459,39,0,1,1489562767,'Beginner EnDurance finished.','You made $770.37 and 38.75 EXP!'),(460,115,0,0,1489563247,'Anfänger Rennen finished.','You made 17,51€ and 10,66 EP!'),(461,115,0,0,1489563842,'Anfänger Rennen finished.','You made 17,53€ and 10,67 EP!'),(462,115,0,1,1489565669,'Anfänger Meisterschaft finished.','You made 86,83€ and 27,18 EP!'),(463,52,0,0,1489566015,'Beginner Masters finished.','You made $507.27 and 98.43 EXP!'),(464,52,0,0,1489566015,'Beginner Masters finished.','You made $150.65 and 39.17 EXP!'),(465,325,0,1,1489566393,'Anfänger Rennen finished.','You made 15,21€ and 10,65 EP!'),(467,328,0,0,1489568600,'Beginner Race finished.','You made $15.21 and 10.65 EXP!'),(469,330,0,1,1489569293,'Beginner Race finished.','You made $15.21 and 10.65 EXP!'),(470,69,0,0,1489570255,'Beginner Masters finished.','You made $581.40 and 59.67 EXP!'),(471,69,0,0,1489570255,'Beginner Masters finished.','You made $166.90 and 39.45 EXP!'),(472,69,0,0,1489570763,'Beginner Masters finished.','You made $582.28 and 59.76 EXP!'),(473,69,0,0,1489570763,'Beginner Masters finished.','You made $167.03 and 39.48 EXP!'),(474,331,0,0,1489571839,'Beginner Race finished.','You made $15.21 and 10.65 EXP!'),(475,331,0,0,1489571956,'Beginner Race finished.','You made $15.23 and 10.66 EXP!'),(477,69,0,0,1489572343,'Beginner Masters finished.','You made $583.15 and 59.85 EXP!'),(478,69,0,0,1489572343,'Beginner Masters finished.','You made $167.20 and 39.52 EXP!'),(489,338,0,1,1489579707,'Beginner Race finished.','You made $21.30 and 14.38 EXP!'),(490,51,0,0,1489580485,'Beginner EnDurance finished.','You made $1,035.55 and 45.41 EXP!'),(491,51,0,0,1489580485,'Beginner EnDurance finished.','You made $875.08 and 75.58 EXP!'),(494,347,0,0,1489581719,'Beginner Race finished.','You made $15.21 and 10.65 EXP!'),(497,51,0,0,1489582080,'Beginner EnDurance finished.','You made $1,036.92 and 45.47 EXP!'),(498,51,0,0,1489582080,'Beginner EnDurance finished.','You made $877.39 and 75.78 EXP!'),(499,238,0,1,1489582234,'Beginner Race Cup finished.','You made $252.27 and 56.42 EXP!'),(500,238,0,1,1489582236,'New League','Congratulations, you advanced to league 2!'),(502,51,0,0,1489583341,'Beginner EnDurance finished.','You made $1,039.32 and 45.57 EXP!'),(503,51,0,0,1489583341,'Beginner EnDurance finished.','You made $834.55 and 72.08 EXP!'),(507,51,0,0,1489586299,'Amateur Race Cup finished.','You made $681.42 and 144.30 EXP!'),(508,51,0,0,1489586299,'Beginner EnDurance finished.','You made $1,041.03 and 45.65 EXP!'),(509,51,0,0,1489586299,'Beginner EnDurance finished.','You made $836.58 and 72.25 EXP!'),(510,357,0,1,1489586537,'Beginner Race finished.','You made $15.21 and 10.65 EXP!'),(511,359,0,1,1489586694,'Beginner Race finished.','You made $15.21 and 10.65 EXP!'),(512,360,0,0,1489586918,'Beginner Race finished.','You made $15.21 and 10.65 EXP!'),(513,359,0,1,1489586921,'Beginner Race finished.','You made $17.51 and 10.66 EXP!'),(515,51,0,0,1489587535,'Beginner EnDurance finished.','You made $1,043.42 and 45.75 EXP!'),(516,51,0,0,1489587535,'Beginner EnDurance finished.','You made $882.32 and 76.20 EXP!'),(517,51,0,0,1489587535,'Beginner EnDurance finished.','You made $985.61 and 43.22 EXP!'),(518,359,0,1,1489587551,'Beginner Race finished.','You made $19.82 and 10.67 EXP!'),(520,359,0,1,1489588040,'Beginner Race finished.','You made $48.82 and 33.11 EXP!'),(521,359,0,1,1489588196,'Beginner Race finished.','You made $52.07 and 40.20 EXP!'),(522,359,0,1,1489588476,'Beginner Race finished.','You made $52.26 and 40.35 EXP!'),(523,359,0,1,1489588527,'Beginner Race finished.','You made $52.46 and 43.20 EXP!'),(524,359,0,1,1489588662,'Beginner Race finished.','You made $52.65 and 43.36 EXP!'),(525,363,0,1,1489588806,'Beginner Race finished.','You made $15.21 and 10.65 EXP!'),(527,359,0,1,1489589001,'Beginner Race Cup finished.','You made $258.59 and 109.52 EXP!'),(528,359,0,1,1489589640,'Beginner Race Cup finished.','You made $381.81 and 109.96 EXP!'),(529,359,0,1,1489589643,'New League','Congratulations, you advanced to league 2!'),(531,359,0,1,1489589949,'Beginner Race Cup finished.','You made $383.33 and 110.40 EXP!'),(532,51,0,0,1489590152,'Amateur Race Cup finished.','You made $648.83 and 137.40 EXP!'),(533,51,0,0,1489590152,'Beginner EnDurance finished.','You made $1,045.13 and 45.83 EXP!'),(534,51,0,0,1489590152,'Beginner EnDurance finished.','You made $1,045.13 and 45.83 EXP!'),(535,51,0,0,1489590152,'Beginner EnDurance finished.','You made $835.13 and 72.13 EXP!'),(536,359,0,1,1489590396,'Beginner Masters finished.','You made $771.29 and 158.84 EXP!'),(537,359,0,1,1489590520,'Beginner Race finished.','You made $81.21 and 45.48 EXP!'),(538,359,0,1,1489590614,'Beginner Race finished.','You made $81.57 and 45.68 EXP!'),(540,359,0,1,1489590687,'Beginner Race finished.','You made $81.86 and 45.84 EXP!'),(541,359,0,1,1489590819,'Beginner Race finished.','You made $82.21 and 46.04 EXP!'),(542,359,0,1,1489590893,'Beginner Race finished.','You made $82.50 and 46.20 EXP!'),(543,359,0,1,1489590961,'Beginner Race finished.','You made $82.86 and 46.40 EXP!'),(544,359,0,1,1489590993,'Beginner Race finished.','You made $83.21 and 46.60 EXP!'),(545,359,0,1,1489591309,'Beginner Masters finished.','You made $780.61 and 160.76 EXP!'),(547,374,0,1,1489591913,'Beginner Race finished.','You made $15.21 and 10.65 EXP!'),(548,374,0,1,1489591977,'Beginner Race finished.','You made $15.23 and 10.66 EXP!'),(550,377,0,0,1489592661,'Beginner Race finished.','You made $15.21 and 10.65 EXP!'),(551,318,0,1,1489593187,'Beginner Race Cup finished.','You made $94.34 and 33.96 EXP!'),(555,51,0,0,1489594043,'Beginner EnDurance finished.','You made $1,046.84 and 45.90 EXP!'),(556,51,0,0,1489594043,'Beginner EnDurance finished.','You made $1,046.84 and 45.90 EXP!'),(557,51,0,0,1489594043,'Beginner EnDurance finished.','You made $842.66 and 72.78 EXP!'),(558,51,0,0,1489594043,'Amateur Race Cup finished.','You made $647.42 and 137.10 EXP!'),(559,384,0,1,1489594087,'Beginner Race finished.','You made $15.21 and 10.65 EXP!'),(561,374,0,1,1489594501,'Beginner Race Cup finished.','You made $75.47 and 27.17 EXP!'),(562,51,0,0,1489595194,'Beginner EnDurance finished.','You made $1,048.21 and 45.96 EXP!'),(563,51,0,0,1489595194,'Beginner EnDurance finished.','You made $1,048.21 and 45.96 EXP!'),(564,51,0,0,1489595194,'Beginner EnDurance finished.','You made $844.97 and 72.98 EXP!'),(568,388,0,1,1489596432,'Beginner Race finished.','You made $15.21 and 10.65 EXP!'),(569,386,0,1,1489597040,'Beginner Race finished.','You made $34.26 and 21.32 EXP!'),(570,386,0,1,1489597040,'Beginner Race finished.','You made $15.19 and 10.63 EXP!'),(571,386,0,1,1489597178,'Beginner Race finished.','You made $15.20 and 10.64 EXP!'),(572,386,0,0,1489597178,'Beginner Race finished.','You made $34.33 and 21.36 EXP!'),(575,390,0,1,1489597920,'Beginner Race finished.','You made $15.21 and 10.65 EXP!'),(576,377,0,0,1489597964,'Sprit sold on market','You sold sprit on the market for 35,00€.'),(577,377,0,0,1489597969,'Sprit sold on market','You sold sprit on the market for 35,00€.'),(578,392,0,1,1489598418,'Beginner Race finished.','You made $15.21 and 10.65 EXP!'),(580,392,0,1,1489598603,'Beginner Race finished.','You made $15.23 and 10.66 EXP!'),(581,145,0,0,1489598742,'Beginner Masters finished.','You made $420.96 and 99.50 EXP!'),(582,145,0,0,1489598742,'Beginner Race finished.','You made $15.41 and 10.79 EXP!'),(583,145,0,0,1489598752,'New League','Congratulations, you advanced to league 2!'),(584,392,0,1,1489599029,'Beginner Masters finished.','You made $655.34 and 97.93 EXP!'),(585,145,0,0,1489599136,'Beginner Race finished.','You made $15.43 and 10.80 EXP!'),(586,392,0,1,1489599400,'Beginner Masters finished.','You made $664.57 and 98.18 EXP!'),(587,145,0,0,1489599476,'Beginner Masters finished.','You made $475.73 and 99.75 EXP!'),(588,145,0,0,1489599476,'Beginner Race Cup finished.','You made $75.86 and 27.31 EXP!'),(589,396,0,1,1489599479,'Beginner Race finished.','You made $15.21 and 10.65 EXP!'),(591,145,0,0,1489600094,'Beginner Masters finished.','You made $476.92 and 100.00 EXP!'),(592,145,0,0,1489600452,'Beginner EnDurance finished.','You made $303.58 and 28.84 EXP!'),(593,145,0,0,1489600452,'Beginner Masters finished.','You made $478.12 and 100.25 EXP!'),(594,145,0,0,1489600511,'Beginner Race finished.','You made $51.81 and 29.25 EXP!'),(595,145,0,0,1489600524,'Beginner Race finished.','You made $15.53 and 10.87 EXP!'),(596,145,0,0,1489600841,'Beginner Masters finished.','You made $479.67 and 100.58 EXP!'),(597,145,0,0,1489600841,'Beginner Masters finished.','You made $151.46 and 39.38 EXP!'),(598,51,0,0,1489600963,'Amateur Race Cup finished.','You made $650.72 and 137.80 EXP!'),(599,51,0,0,1489600963,'Beginner EnDurance finished.','You made $1,049.92 and 46.04 EXP!'),(600,51,0,0,1489600963,'Beginner EnDurance finished.','You made $1,049.92 and 46.04 EXP!'),(601,51,0,0,1489600963,'Beginner EnDurance finished.','You made $847.00 and 73.15 EXP!'),(620,405,0,1,1489603764,'Anfänger Rennen finished.','You made 15,21€ and 10,65 EP!'),(621,405,0,1,1489604000,'Anfänger Rennen finished.','You made 50,19€ and 22,70 EP!'),(624,400,0,1,1489605035,'Beginner EnDurance finished.','You made $851.92 and 73.58 EXP!'),(630,410,0,1,1489606078,'Beginner Race finished.','You made $15.21 and 10.65 EXP!'),(631,410,0,1,1489606210,'Beginner Race finished.','You made $15.23 and 10.66 EXP!'),(632,51,0,0,1489606216,'Beginner EnDurance finished.','You made $1,051.63 and 46.11 EXP!'),(633,51,0,0,1489606216,'Beginner EnDurance finished.','You made $1,051.29 and 46.10 EXP!'),(634,51,0,0,1489606216,'Beginner EnDurance finished.','You made $849.03 and 73.33 EXP!'),(637,51,0,0,1489607210,'Beginner EnDurance finished.','You made $1,053.00 and 46.17 EXP!'),(638,51,0,0,1489607210,'Beginner EnDurance finished.','You made $1,053.00 and 46.17 EXP!'),(639,51,0,0,1489607210,'Beginner EnDurance finished.','You made $851.34 and 73.53 EXP!'),(642,51,0,0,1489608312,'Beginner EnDurance finished.','You made $1,054.71 and 46.25 EXP!'),(643,51,0,0,1489608312,'Beginner EnDurance finished.','You made $1,054.71 and 46.25 EXP!'),(644,51,0,0,1489608312,'Beginner EnDurance finished.','You made $853.37 and 73.70 EXP!'),(647,419,0,0,1489609344,'Anfänger Rennen finished.','You made 15,21€ and 10,65 EP!'),(652,377,0,0,1489611108,'Sprit sold on market','You sold sprit on the market for 10,00€.'),(653,212,0,1,1489611422,'Beginner EnDurance finished.','You made $1,598.21 and 101.22 EXP!'),(654,423,0,1,1489611858,'Beginner Race finished.','You made $15.21 and 10.65 EXP!'),(657,51,0,0,1489612438,'Beginner EnDurance finished.','You made $1,056.08 and 46.31 EXP!'),(658,51,0,0,1489612438,'Beginner EnDurance finished.','You made $1,056.08 and 46.31 EXP!'),(659,51,0,0,1489612438,'Beginner EnDurance finished.','You made $855.39 and 73.88 EXP!'),(662,51,0,0,1489613406,'Beginner EnDurance finished.','You made $1,057.79 and 46.38 EXP!'),(663,51,0,0,1489613406,'Beginner EnDurance finished.','You made $1,057.79 and 46.38 EXP!'),(664,51,0,0,1489613406,'Beginner EnDurance finished.','You made $857.71 and 74.08 EXP!'),(665,425,0,0,1489613954,'Anfänger Rennen finished.','You made 15,21€ and 10,65 EP!'),(668,425,0,0,1489614505,'Anfänger Rennen finished.','You made 15,23€ and 10,66 EP!'),(679,430,0,1,1489616021,'Beginner Race finished.','You made $15.21 and 10.65 EXP!'),(684,212,0,1,1489617471,'Beginner EnDurance finished.','You made $1,619.01 and 101.57 EXP!'),(685,212,0,1,1489617477,'New League','Congratulations, you advanced to league 2!'),(687,435,0,1,1489618027,'Beginner Race finished.','You made $15.98 and 10.65 EXP!'),(691,435,0,0,1489618330,'Beginner Race finished.','You made $15.99 and 10.66 EXP!'),(704,435,0,0,1489619703,'Beginner Masters finished.','You made $158.19 and 39.17 EXP!'),(708,51,0,0,1489619868,'Beginner EnDurance finished.','You made $1,059.50 and 46.46 EXP!'),(709,51,0,0,1489619868,'Beginner EnDurance finished.','You made $1,059.16 and 46.44 EXP!'),(710,51,0,0,1489619868,'Beginner EnDurance finished.','You made $859.74 and 74.25 EXP!'),(721,51,0,0,1489621047,'Beginner EnDurance finished.','You made $1,060.87 and 46.52 EXP!'),(722,51,0,0,1489621047,'Beginner EnDurance finished.','You made $1,060.87 and 46.52 EXP!'),(723,51,0,0,1489621047,'Beginner EnDurance finished.','You made $861.76 and 74.43 EXP!'),(729,51,184,0,1489621144,'Bestenliste',':D ein paar stunden afk gewesen? weil, ich geb nu gas ;)'),(741,438,0,1,1489621966,'Beginner Race finished.','You made $24.48 and 14.99 EXP!'),(750,438,0,1,1489622917,'Beginner EnDurance finished.','You made $483.71 and 40.21 EXP!'),(751,438,0,1,1489622963,'Beginner Race finished.','You made $24.59 and 15.06 EXP!'),(756,438,0,1,1489623051,'Beginner Race finished.','You made $61.60 and 15.09 EXP!'),(805,400,0,0,1489632431,'Beginner EnDurance finished.','You made $853.95 and 73.75 EXP!'),(806,400,0,0,1489632431,'Beginner EnDurance finished.','You made $440.95 and 28.89 EXP!'),(807,424,0,1,1489633079,'Beginner EnDurance finished.','You made $1,230.32 and 86.20 EXP!'),(808,447,0,0,1489633726,'Beginner Race finished.','You made $15.21 and 10.65 EXP!'),(1218,460,0,1,1489665510,'Beginner Race finished.','You made $15.21 and 10.65 EXP!'),(1226,460,0,1,1489665836,'Beginner Race finished.','You made $39.59 and 10.66 EXP!'),(1326,464,0,1,1489673682,'Beginner Race finished.','You made $15.21 and 10.65 EXP!'),(1331,464,0,1,1489673811,'Beginner Race finished.','You made $16.75 and 10.66 EXP!'),(1335,464,0,1,1489673962,'Beginner Race finished.','You made $42.68 and 15.47 EXP!'),(1363,466,0,1,1489676054,'Beginner Race finished.','You made $76.07 and 41.00 EXP!'),(1364,466,0,1,1489676130,'Beginner Race finished.','You made $76.36 and 41.16 EXP!'),(1369,466,0,1,1489676367,'Beginner Race Cup finished.','You made $378.19 and 104.84 EXP!'),(1455,470,0,1,1489683114,'Anfänger Rennen finished.','You made 15,21€ and 10,65 EP!'),(1460,470,0,0,1489683391,'Anfänger Rennen finished.','You made 18,27€ and 10,66 EP!'),(1592,476,0,1,1489692849,'Beginner Masters finished.','You made $437.68 and 113.80 EXP!'),(1605,476,0,1,1489693776,'Beginner EnDurance finished.','You made $880.68 and 83.67 EXP!'),(1606,476,0,1,1489693817,'Beginner Race finished.','You made $45.28 and 31.70 EXP!'),(1611,476,0,1,1489694168,'Beginner Masters finished.','You made $440.13 and 114.43 EXP!'),(1612,476,0,1,1489694170,'New League','Congratulations, you advanced to league 2!'),(1621,476,0,1,1489694534,'Beginner Masters finished.','You made $685.04 and 114.78 EXP!'),(1630,212,0,1,1489695310,'Beginner EnDurance finished.','You made $1,624.59 and 101.92 EXP!'),(1680,212,0,1,1489698936,'Beginner EnDurance finished.','You made $1,630.17 and 102.27 EXP!'),(1701,482,0,0,1489700688,'Beginner Race finished.','You made $15.21 and 10.65 EXP!'),(1702,482,0,0,1489700752,'Beginner Race finished.','You made $15.23 and 10.66 EXP!'),(1747,484,0,1,1489704205,'Beginner Race finished.','You made $15.21 and 10.65 EXP!'),(1752,484,0,1,1489704428,'Beginner Race finished.','You made $19.80 and 10.66 EXP!'),(1753,484,0,1,1489704488,'Beginner Race finished.','You made $19.82 and 10.67 EXP!'),(1754,484,0,1,1489704523,'Beginner Race finished.','You made $19.83 and 10.68 EXP!'),(1759,484,0,1,1489704585,'Beginner Race finished.','You made $19.85 and 10.69 EXP!'),(1760,484,0,1,1489704636,'Beginner Race finished.','You made $19.87 and 10.70 EXP!'),(1762,484,0,1,1489704678,'Beginner Race finished.','You made $19.89 and 10.71 EXP!'),(1767,484,0,1,1489704971,'Beginner Race finished.','You made $41.35 and 10.72 EXP!'),(1895,491,0,0,1489715107,'Beginner Race finished.','You made $15.21 and 10.65 EXP!'),(1900,491,0,0,1489715430,'Beginner Race finished.','You made $15.23 and 10.66 EXP!'),(2058,496,0,1,1489727737,'Beginner Race finished.','You made $15.21 and 10.65 EXP!'),(2117,212,0,1,1489731542,'Sprit sold on market','You sold sprit on the market for 1.000,00€.'),(2158,499,0,1,1489733439,'Beginner Masters finished.','You made $754.42 and 58.85 EXP!'),(2175,184,498,1,1489734282,':D','nUUb !!! :P'),(2225,500,0,1,1489749297,'Anfänger Meister finished.','You made 433,35€ and 78,47 EP!'),(2226,500,0,1,1489749603,'Anfänger Meister finished.','You made 434,22€ and 78,62 EP!'),(2229,500,0,1,1489750244,'Anfänger Meister finished.','You made 435,08€ and 78,78 EP!'),(2231,500,0,1,1489750613,'Anfänger Meister finished.','You made 435,94€ and 78,94 EP!'),(2250,163,0,0,1489763243,'Beginner Masters finished.','You made $950.18 and 103.46 EXP!'),(2254,500,0,1,1489764517,'Sprit sold on market','You sold sprit on the market for 1.200,00€.'),(2277,163,0,1,1489765813,'Beginner Masters finished.','You made $891.68 and 97.09 EXP!'),(2300,510,0,1,1489766709,'Beginner Race finished.','You made $36.51 and 10.65 EXP!'),(2304,510,0,1,1489766910,'Beginner Race Cup finished.','You made $181.07 and 27.16 EXP!'),(2311,510,0,1,1489767211,'Beginner Race Cup finished.','You made $196.37 and 27.19 EXP!'),(2318,510,0,1,1489767751,'Beginner Race Cup finished.','You made $196.59 and 27.22 EXP!'),(2325,163,0,1,1489768761,'Beginner Masters finished.','You made $893.70 and 97.31 EXP!'),(2330,163,0,0,1489769848,'Beginner Masters finished.','You made $895.95 and 97.56 EXP!'),(2331,512,0,1,1489769913,'Beginner Race finished.','You made $15.21 and 10.65 EXP!'),(2363,163,0,0,1489771957,'Amateur Race Cup finished.','You made $943.91 and 206.31 EXP!'),(2364,163,0,0,1489771957,'Beginner Masters finished.','You made $898.20 and 97.80 EXP!'),(2402,517,0,1,1489775201,'Beginner Race finished.','You made $20.54 and 10.65 EXP!'),(2443,163,0,0,1489780031,'Beginner Masters finished.','You made $957.15 and 104.22 EXP!'),(2446,212,0,1,1489781012,'Beginner EnDurance finished.','You made $1,635.75 and 102.62 EXP!'),(2479,522,0,1,1489789506,'Beginner Race finished.','You made $15.21 and 10.65 EXP!'),(2481,522,0,1,1489790353,'Beginner Masters finished.','You made $384.07 and 86.15 EXP!'),(2500,163,0,0,1489805811,'Beginner Masters finished.','You made $959.63 and 104.49 EXP!'),(2775,528,0,0,1489828706,'Beginner Race finished.','You made $15.21 and 10.65 EXP!'),(3035,163,0,0,1489844906,'Beginner Masters finished.','You made $961.88 and 104.74 EXP!'),(3036,163,0,0,1489848045,'Beginner Masters finished.','You made $900.23 and 98.02 EXP!'),(3115,163,0,0,1489854637,'Amateur Masters finished.','You made $2,702.53 and 536.25 EXP!'),(3122,184,498,1,1489858909,':P','du kack boon ich sach\'s dir du hast DK!!!'),(3123,532,0,0,1489860435,'Beginner Race finished.','You made $17.50 and 10.65 EXP!'),(3124,532,0,0,1489860567,'Beginner Race finished.','You made $17.51 and 10.66 EXP!'),(3125,532,0,0,1489860723,'Beginner Race finished.','You made $20.58 and 10.67 EXP!'),(3128,532,0,0,1489860924,'Beginner Race Cup finished.','You made $101.93 and 27.18 EXP!'),(3129,535,0,1,1489867135,'Beginner Race finished.','You made $15.21 and 10.65 EXP!'),(3130,535,0,1,1489867260,'Beginner Race finished.','You made $15.23 and 10.66 EXP!'),(3131,535,0,1,1489867334,'Beginner Race finished.','You made $17.53 and 10.67 EXP!'),(3132,535,0,1,1489867405,'Beginner Race finished.','You made $17.55 and 10.68 EXP!'),(3133,535,0,1,1489867528,'Beginner Race finished.','You made $18.33 and 10.69 EXP!'),(3134,535,0,1,1489867653,'Beginner Race finished.','You made $18.53 and 10.81 EXP!'),(3135,535,0,1,1489867657,'Beginner Race finished.','You made $15.29 and 10.70 EXP!'),(3142,535,0,1,1489867772,'Beginner Race finished.','You made $20.09 and 10.82 EXP!'),(3143,535,0,1,1489867772,'Beginner Race finished.','You made $15.30 and 10.71 EXP!'),(3144,498,184,1,1489867873,'Re: :P','http://prntscr.com/elloik \r\n........ ich sachs dir..... ich bin hier der \"DriftKing\" :D\r\n'),(3175,163,0,0,1489869442,'Beginner Masters finished.','You made $976.28 and 106.31 EXP!'),(3176,163,0,0,1489869442,'Amateur Masters finished.','You made $2,608.29 and 517.55 EXP!'),(3213,498,184,1,1489871325,'Max. Upgrade',':D http://prntscr.com/elmeqr ^-^ nur noch 15% der ürsrünglichen Zeit :D\r\nMehr gibts leider an Upgrades nicht...'),(3254,163,0,0,1489874372,'Beginner Masters finished.','You made $978.75 and 106.58 EXP!'),(3273,163,0,0,1489878045,'Beginner Masters finished.','You made $981.00 and 106.82 EXP!'),(3355,527,0,1,1489887634,'Beginner Race finished.','You made $49.77 and 16.08 EXP!'),(3356,527,0,1,1489887634,'Beginner Race finished.','You made $51.64 and 14.57 EXP!'),(3629,542,0,1,1489904198,'Beginner Masters finished.','You made $203.59 and 62.74 EXP!'),(3975,546,0,1,1489923287,'Beginner Race finished.','You made $15.21 and 10.65 EXP!'),(3976,546,0,0,1489923373,'Beginner Race finished.','You made $15.23 and 10.66 EXP!'),(4011,548,0,0,1489926465,'Beginner Race finished.','You made $15.21 and 10.65 EXP!'),(4012,212,0,1,1489930276,'Beginner EnDurance finished.','You made $1,641.88 and 103.01 EXP!'),(4362,145,0,0,1489953031,'Beginner Masters finished.','You made $480.86 and 100.83 EXP!'),(4363,145,0,0,1489953031,'Beginner Masters finished.','You made $151.62 and 39.42 EXP!'),(4392,553,0,1,1489957960,'Anfänger Rennen finished.','You made 15,21€ and 10,65 EP!'),(5044,500,0,1,1489995510,'Anfänger Ausdauerrennen finished.','You made 885,98€ and 58,62 EP!'),(5057,500,0,1,1489996052,'Anfänger Meister finished.','You made 437,45€ and 79,21 EP!'),(5067,562,0,1,1489996875,'Beginner Race finished.','You made $15.21 and 10.65 EXP!'),(5074,562,0,0,1489996947,'Beginner Race finished.','You made $15.23 and 10.66 EXP!'),(5075,500,0,1,1489997056,'Anfänger Meister finished.','You made 438,31€ and 79,37 EP!'),(5080,500,0,1,1489997453,'Anfänger Meister finished.','You made 439,06€ and 79,50 EP!'),(5093,500,0,1,1489998015,'Amateur Rennen finished.','You made 205,29€ and 64,05 EP!'),(5572,212,0,1,1490039189,'Beginner EnDurance finished.','You made $1,647.46 and 103.36 EXP!'),(5577,572,0,0,1490054969,'Beginner Race finished.','You made $16.74 and 10.65 EXP!'),(5761,575,0,1,1490097168,'Beginner Race finished.','You made $15.21 and 10.65 EXP!'),(6034,212,0,1,1490119906,'Beginner Masters finished.','You made $818.03 and 140.46 EXP!'),(6792,145,0,0,1490152868,'Sprit sold on market','You sold sprit on the market for 0,15€.'),(7585,184,498,1,1490192200,':P','na denn ^^'),(7586,184,498,1,1490192226,':D','Ich brauch da noch bisschen kohle für ^^'),(8097,582,0,1,1490210339,'Beginner Race finished.','You made $25.10 and 18.11 EXP!'),(8098,582,0,0,1490210407,'Beginner Race finished.','You made $25.15 and 18.14 EXP!'),(8119,212,0,1,1490210926,'Beginner EnDurance finished.','You made $1,660.85 and 104.20 EXP!'),(8293,498,184,1,1490225734,'^-^','Liga Siiiiiiebeeeeen..... :D was geht?'),(8921,184,498,1,1490265618,':D','Schon gesehen, hab mir gedacht es gibt weitere mal gucken wie hoch das noch geht xD'),(9770,212,0,1,1490296687,'Beginner EnDurance finished.','You made $1,666.99 and 104.58 EXP!'),(20413,604,0,1,1490701237,'Beginner Race finished.','You made $15.21 and 10.65 EXP!'),(23071,613,0,1,1490994216,'Anfänger Rennen finished.','You made 15,21€ and 10,65 EP!'),(23072,613,0,1,1490994282,'Anfänger Rennen finished.','You made 15,23€ and 10,66 EP!'),(23073,613,0,1,1490994517,'Anfänger Rennen finished.','You made 22,10€ and 10,67 EP!'),(23074,613,0,1,1490994575,'Anfänger Rennen finished.','You made 22,12€ and 10,68 EP!'),(23075,613,0,1,1490994625,'Anfänger Rennen finished.','You made 22,14€ and 10,69 EP!'),(23076,613,0,1,1490994726,'Anfänger Rennen finished.','You made 22,16€ and 10,70 EP!'),(23077,613,0,1,1490994803,'Anfänger Rennen finished.','You made 22,19€ and 10,71 EP!'),(23078,613,0,1,1490994975,'Anfänger Rennen finished.','You made 42,88€ and 10,72 EP!'),(23079,613,0,1,1490995030,'Anfänger Rennen finished.','You made 42,96€ and 10,74 EP!'),(23080,613,0,1,1490995227,'Anfänger Rennen finished.','You made 43,00€ and 10,75 EP!'),(23081,613,0,1,1490995314,'Anfänger Rennen finished.','You made 44,58€ and 10,76 EP!'),(23082,613,0,1,1490995357,'Anfänger Rennen finished.','You made 44,62€ and 10,77 EP!'),(23083,613,0,1,1490995702,'Anfänger Meister finished.','You made 438,12€ and 39,28 EP!'),(23084,614,0,1,1491008338,'Beginner Race finished.','You made $15.21 and 10.65 EXP!'),(23085,615,0,0,1491069581,'Anfänger Rennen finished.','You made 15,21€ and 10,65 EP!'),(23086,615,0,0,1491069620,'Anfänger Rennen finished.','You made 15,23€ and 10,66 EP!'),(23087,615,0,0,1491069702,'Anfänger Rennen finished.','You made 15,24€ and 10,67 EP!'),(23088,615,0,0,1491069748,'Anfänger Rennen finished.','You made 15,26€ and 10,68 EP!'),(23089,615,0,1,1491069810,'Anfänger Rennen finished.','You made 15,27€ and 10,69 EP!'),(23090,615,0,0,1491069881,'Anfänger Rennen finished.','You made 18,34€ and 10,70 EP!'),(23091,615,0,1,1491069915,'Anfänger Rennen finished.','You made 18,36€ and 10,71 EP!'),(23092,615,0,1,1491069992,'Anfänger Rennen finished.','You made 18,38€ and 10,72 EP!'),(23093,615,0,0,1491070046,'Anfänger Rennen finished.','You made 18,41€ and 10,74 EP!'),(23094,615,0,0,1491070090,'Anfänger Rennen finished.','You made 18,43€ and 10,75 EP!'),(23095,615,0,0,1491070125,'Anfänger Rennen finished.','You made 18,45€ and 10,76 EP!'),(23096,615,0,0,1491070203,'Anfänger Rennen finished.','You made 18,46€ and 10,77 EP!'),(23097,615,0,1,1491070247,'Anfänger Rennen finished.','You made 18,48€ and 10,78 EP!'),(23098,615,0,1,1491070579,'Anfänger Meisterschaft finished.','You made 90,97€ and 27,29 EP!'),(23099,615,0,0,1491071528,'Anfänger Ausdauerrennen finished.','You made 364,04€ and 28,82 EP!'),(23101,615,0,0,1491071572,'Anfänger Rennen finished.','You made 18,60€ and 10,85 EP!'),(23102,615,0,0,1491072320,'Anfänger Meisterschaft finished.','You made 114,00€ and 27,36 EP!'),(23106,615,0,1,1491073376,'Anfänger Ausdauerrennen finished.','You made 456,00€ and 28,88 EP!'),(23107,615,0,1,1491073494,'Anfänger Rennen finished.','You made 23,38€ and 10,91 EP!'),(23108,615,0,1,1491073531,'Anfänger Rennen finished.','You made 23,40€ and 10,92 EP!'),(23109,615,0,1,1491073565,'Anfänger Rennen finished.','You made 23,42€ and 10,93 EP!'),(23110,615,0,0,1491073758,'Anfänger Meisterschaft finished.','You made 114,38€ and 27,45 EP!'),(23111,615,0,0,1491074419,'Anfänger Meisterschaft finished.','You made 114,46€ and 27,47 EP!'),(23112,615,0,0,1491074906,'Anfänger Rennen finished.','You made 23,57€ and 11,00 EP!'),(23113,615,0,0,1491075402,'Anfänger Meister finished.','You made 227,94€ and 39,51 EP!'),(23114,615,0,0,1491075403,'New League','Congratulations, you advanced to league 2!'),(23115,615,0,0,1491075672,'Anfänger Rennen finished.','You made 23,68€ and 11,05 EP!'),(23116,615,0,0,1491076319,'Anfänger Meisterschaft finished.','You made 114,83€ and 37,21 EP!'),(23117,615,0,0,1491078183,'Anfänger Meisterschaft finished.','You made 115,00€ and 37,26 EP!'),(23118,615,0,0,1491079532,'Anfänger Meisterschaft finished.','You made 115,17€ and 37,31 EP!'),(23119,615,0,0,1491079830,'Anfänger Meisterschaft finished.','You made 115,29€ and 37,35 EP!'),(23126,505,0,0,1491125453,'Beginner Masters finished.','You made $456.23 and 84.44 EXP!'),(23127,505,0,0,1491125453,'Beginner Masters finished.','You made $152.85 and 39.74 EXP!'),(23128,505,0,0,1491125819,'Beginner Masters finished.','You made $457.25 and 84.63 EXP!'),(23129,505,0,0,1491125819,'Beginner Masters finished.','You made $153.00 and 39.78 EXP!'),(23130,617,0,0,1491208796,'Beginner Race finished.','You made $15.21 and 10.65 EXP!'),(23131,505,0,0,1491216297,'Beginner Masters finished.','You made $458.16 and 84.80 EXP!'),(23132,505,0,0,1491216297,'Beginner Masters finished.','You made $153.15 and 39.82 EXP!'),(23133,244,0,0,1491346274,'Beginner Race finished.','You made $15.21 and 10.65 EXP!'),(23140,620,0,1,1491731702,'Beginner Race finished.','You made $15.21 and 10.65 EXP!'),(23141,505,0,0,1491731726,'Sprit sold on market','You sold sprit on the market for $1,750.00.'),(23149,625,0,1,1492251135,'Anfänger Meister finished.','You made 173,61€ and 68,69 EP!'),(23150,625,0,1,1492251479,'Anfänger Meister finished.','You made 385,64€ and 68,81 EP!'),(23151,625,0,1,1492253628,'Anfänger Ausdauerrennen finished.','You made 775,47€ and 50,56 EP!'),(23152,625,0,1,1492253840,'Anfänger Meisterschaft finished.','You made 194,37€ and 48,02 EP!'),(23153,625,0,1,1492254073,'Anfänger Meisterschaft finished.','You made 194,72€ and 48,11 EP!'),(23154,625,0,1,1492254293,'Anfänger Meisterschaft finished.','You made 195,00€ and 48,18 EP!'),(23155,625,0,1,1492254295,'New League','Congratulations, you advanced to league 2!'),(23156,625,0,1,1492254521,'Anfänger Meisterschaft finished.','You made 195,36€ and 48,27 EP!'),(23157,625,0,1,1492254720,'Anfänger Meisterschaft finished.','You made 195,71€ and 48,35 EP!'),(23158,625,0,1,1492254845,'Amateur Rennen finished.','You made 164,93€ and 100,90 EP!'),(23159,631,0,1,1495310915,'Beginner Race finished.','You made $15.21 and 10.65 EXP!'),(23198,632,0,1,1495832928,'Anfänger Ausdauerrennen finished.','You made 1.922,46€ and 104,79 EP!'),(23199,632,0,1,1495832928,'Anfänger Ausdauerrennen finished.','You made 1.003,39€ and 61,59 EP!'),(23200,632,0,1,1495832971,'Anfänger Rennen finished.','You made 86,07€ and 42,18 EP!'),(23201,632,0,1,1495832971,'Anfänger Rennen finished.','You made 52,88€ and 23,92 EP!'),(23202,632,0,1,1495832976,'New League','Congratulations, you advanced to league 3!'),(23203,505,0,0,1497802053,'Beginner Masters finished.','You made $459.18 and 84.99 EXP!'),(23204,505,0,0,1497802053,'Beginner Masters finished.','You made $153.31 and 39.86 EXP!'),(23253,643,0,1,1502046647,'Anfänger Rennen finished.','You made 15,21€ and 10,65 EP!'),(23255,643,0,1,1502046787,'Anfänger Rennen finished.','You made 36,55€ and 10,66 EP!'),(23257,184,0,0,1502046838,'Part sold on market','Your part was sold on the market for 250,00€.'),(23259,643,0,1,1502048397,'Anfänger Meisterschaft finished.','You made 181,13€ and 27,17 EP!'),(23260,643,0,1,1502049405,'Anfänger Meister finished.','You made 407,08€ and 52,92 EP!'),(23261,643,0,0,1502059919,'Anfänger Meisterschaft finished.','You made 204,38€ and 36,79 EP!'),(23262,643,0,0,1502222152,'Anfänger Ausdauerrennen finished.','You made 818,24€ and 38,87 EP!');
/*!40000 ALTER TABLE `faxes` ENABLE KEYS */;
UNLOCK TABLES;

--
-- Table structure for table `garage`
--

DROP TABLE IF EXISTS `garage`;
/*!40101 SET @saved_cs_client     = @@character_set_client */;
/*!40101 SET character_set_client = utf8 */;
CREATE TABLE `garage` (
  `id` int(11) NOT NULL AUTO_INCREMENT,
  `user_id` int(11) NOT NULL,
  `car_id` tinytext NOT NULL,
  `sell` double NOT NULL,
  PRIMARY KEY (`id`)
) ENGINE=InnoDB AUTO_INCREMENT=734 DEFAULT CHARSET=latin1;
/*!40101 SET character_set_client = @saved_cs_client */;

--
-- Dumping data for table `garage`
--

LOCK TABLES `garage` WRITE;
/*!40000 ALTER TABLE `garage` DISABLE KEYS */;
INSERT INTO `garage` VALUES (2,2,'beamer_pole',0),(3,3,'beamer_pole',0),(4,4,'beamer_pole',0),(5,5,'beamer_pole',0),(6,6,'beamer_pole',0),(7,7,'beamer_pole',0),(8,8,'beamer_pole',0),(9,9,'beamer_pole',0),(10,10,'beamer_pole',0),(11,11,'beamer_pole',0),(12,12,'beamer_pole',0),(13,13,'beamer_pole',0),(14,14,'beamer_pole',0),(15,15,'beamer_pole',0),(16,16,'beamer_pole',0),(18,18,'beamer_pole',0),(19,19,'beamer_pole',0),(20,20,'beamer_pole',0),(21,21,'beamer_pole',0),(22,22,'beamer_pole',0),(23,23,'beamer_pole',0),(24,23,'hatcher_vision',0),(25,24,'beamer_pole',0),(26,25,'beamer_pole',0),(27,26,'beamer_pole',0),(28,27,'beamer_pole',0),(29,28,'beamer_pole',0),(30,24,'jonda_apex',0),(31,29,'beamer_pole',0),(32,30,'beamer_pole',0),(33,31,'beamer_pole',0),(34,32,'beamer_pole',0),(35,33,'beamer_pole',0),(36,34,'beamer_pole',0),(37,35,'beamer_pole',0),(38,36,'beamer_pole',0),(39,37,'beamer_pole',0),(40,38,'beamer_pole',0),(41,39,'beamer_pole',0),(42,40,'beamer_pole',0),(43,41,'beamer_pole',0),(44,42,'beamer_pole',0),(45,43,'beamer_pole',0),(46,44,'beamer_pole',0),(47,45,'beamer_pole',0),(48,46,'beamer_pole',0),(49,47,'beamer_pole',0),(50,48,'beamer_pole',0),(52,50,'beamer_pole',0),(53,49,'jonda_apex',0),(55,51,'jonda_apex',0),(56,51,'santini_figurati',0),(57,52,'beamer_pole',0),(58,53,'beamer_pole',0),(59,54,'beamer_pole',0),(60,55,'beamer_pole',0),(61,56,'beamer_pole',0),(62,57,'beamer_pole',0),(63,58,'beamer_pole',0),(66,61,'beamer_pole',0),(67,62,'beamer_pole',0),(68,63,'beamer_pole',0),(69,52,'santini_figurati',0),(70,64,'beamer_pole',0),(71,65,'beamer_pole',0),(72,56,'hatcher_vision',0),(73,66,'beamer_pole',0),(74,67,'beamer_pole',0),(75,59,'santini_figurati',0),(76,68,'beamer_pole',0),(77,69,'beamer_pole',0),(78,68,'santini_figurati',0),(79,69,'jonda_apex',0),(80,70,'beamer_pole',0),(81,71,'beamer_pole',0),(82,72,'beamer_pole',0),(83,73,'beamer_pole',0),(84,74,'beamer_pole',0),(85,75,'beamer_pole',0),(86,76,'beamer_pole',0),(87,77,'beamer_pole',0),(89,79,'beamer_pole',0),(90,80,'beamer_pole',0),(91,81,'beamer_pole',0),(92,82,'beamer_pole',0),(93,83,'beamer_pole',0),(94,84,'beamer_pole',0),(95,85,'beamer_pole',0),(96,86,'beamer_pole',0),(97,87,'beamer_pole',0),(98,88,'beamer_pole',0),(99,78,'jonda_apex',0),(100,79,'santini_figurati',0),(101,88,'jonda_apex',0),(102,89,'beamer_pole',0),(103,90,'beamer_pole',0),(104,91,'beamer_pole',0),(105,92,'beamer_pole',0),(106,93,'beamer_pole',0),(107,94,'beamer_pole',0),(108,93,'santini_figurati',0),(109,95,'beamer_pole',0),(110,96,'beamer_pole',0),(111,97,'beamer_pole',0),(112,98,'beamer_pole',0),(113,99,'beamer_pole',0),(114,100,'beamer_pole',0),(115,101,'beamer_pole',0),(116,102,'beamer_pole',0),(117,103,'beamer_pole',0),(118,104,'beamer_pole',0),(119,104,'santini_figurati',0),(120,105,'beamer_pole',0),(121,106,'beamer_pole',0),(122,107,'beamer_pole',0),(123,108,'beamer_pole',0),(124,109,'beamer_pole',0),(125,110,'beamer_pole',0),(126,111,'beamer_pole',0),(127,112,'beamer_pole',0),(128,113,'beamer_pole',0),(129,114,'beamer_pole',0),(130,115,'beamer_pole',0),(131,116,'beamer_pole',0),(132,117,'beamer_pole',0),(133,118,'beamer_pole',0),(134,119,'beamer_pole',0),(135,120,'beamer_pole',0),(136,121,'beamer_pole',0),(137,122,'beamer_pole',0),(138,123,'beamer_pole',0),(139,124,'beamer_pole',0),(140,119,'santini_figurati',0),(141,125,'beamer_pole',0),(142,126,'beamer_pole',0),(143,127,'beamer_pole',0),(145,129,'beamer_pole',0),(146,128,'santini_figurati',0),(147,130,'beamer_pole',0),(148,131,'beamer_pole',0),(149,132,'beamer_pole',0),(150,133,'beamer_pole',0),(151,134,'beamer_pole',0),(152,135,'beamer_pole',0),(153,136,'beamer_pole',0),(154,134,'santini_figurati',0),(155,137,'beamer_pole',0),(156,138,'beamer_pole',0),(157,139,'beamer_pole',0),(158,140,'beamer_pole',0),(159,141,'beamer_pole',0),(160,142,'beamer_pole',0),(161,143,'beamer_pole',0),(162,144,'beamer_pole',0),(163,145,'beamer_pole',0),(164,146,'beamer_pole',0),(165,147,'beamer_pole',0),(166,142,'beamer_pole',0),(167,148,'beamer_pole',0),(168,149,'beamer_pole',0),(169,150,'beamer_pole',0),(170,151,'beamer_pole',0),(171,145,'santini_figurati',0),(172,152,'beamer_pole',0),(173,153,'beamer_pole',0),(174,154,'beamer_pole',0),(175,155,'beamer_pole',0),(176,156,'beamer_pole',0),(177,157,'beamer_pole',0),(178,158,'beamer_pole',0),(179,159,'beamer_pole',0),(180,160,'beamer_pole',0),(181,161,'beamer_pole',0),(182,162,'beamer_pole',0),(185,164,'santini_figurati',0),(186,165,'beamer_pole',0),(187,163,'jonda_apex',0),(188,166,'beamer_pole',0),(189,167,'beamer_pole',0),(190,168,'beamer_pole',0),(192,170,'beamer_pole',0),(193,171,'beamer_pole',0),(194,172,'beamer_pole',0),(195,169,'hatcher_vision',0),(196,173,'beamer_pole',0),(197,174,'beamer_pole',0),(198,175,'beamer_pole',0),(199,176,'beamer_pole',0),(200,177,'beamer_pole',0),(201,178,'beamer_pole',0),(203,179,'santini_figurati',0),(204,180,'beamer_pole',0),(205,181,'beamer_pole',0),(206,182,'beamer_pole',0),(207,183,'beamer_pole',0),(209,185,'beamer_pole',0),(210,186,'beamer_pole',0),(211,187,'beamer_pole',0),(212,188,'beamer_pole',0),(213,189,'beamer_pole',0),(214,190,'beamer_pole',0),(215,191,'beamer_pole',0),(216,192,'beamer_pole',0),(217,193,'beamer_pole',0),(218,194,'beamer_pole',0),(219,195,'beamer_pole',0),(220,196,'beamer_pole',0),(221,197,'beamer_pole',0),(223,199,'beamer_pole',0),(224,198,'santini_figurati',0),(225,200,'beamer_pole',0),(226,201,'beamer_pole',0),(227,202,'beamer_pole',0),(228,203,'beamer_pole',0),(229,204,'beamer_pole',0),(230,203,'santini_figurati',0),(231,205,'beamer_pole',0),(232,205,'jonda_apex',0),(233,206,'beamer_pole',0),(234,207,'beamer_pole',0),(235,208,'beamer_pole',0),(236,209,'beamer_pole',0),(237,210,'beamer_pole',0),(238,211,'beamer_pole',0),(240,213,'beamer_pole',0),(241,214,'beamer_pole',0),(242,215,'beamer_pole',0),(243,216,'beamer_pole',0),(244,210,'santini_figurati',0),(245,217,'beamer_pole',0),(246,218,'beamer_pole',0),(247,212,'santini_figurati',0),(248,219,'beamer_pole',0),(249,220,'beamer_pole',0),(250,221,'beamer_pole',0),(251,222,'beamer_pole',0),(252,223,'beamer_pole',0),(253,224,'beamer_pole',0),(254,225,'beamer_pole',0),(255,226,'beamer_pole',0),(256,227,'beamer_pole',0),(257,228,'beamer_pole',0),(258,229,'beamer_pole',0),(259,230,'beamer_pole',0),(260,231,'beamer_pole',0),(261,232,'beamer_pole',0),(262,233,'beamer_pole',0),(263,234,'beamer_pole',0),(264,235,'beamer_pole',0),(265,236,'beamer_pole',0),(266,237,'beamer_pole',0),(267,238,'beamer_pole',0),(268,239,'beamer_pole',0),(269,240,'beamer_pole',0),(270,241,'beamer_pole',0),(271,242,'beamer_pole',0),(272,243,'beamer_pole',0),(273,244,'beamer_pole',0),(274,245,'beamer_pole',0),(275,246,'beamer_pole',0),(276,247,'beamer_pole',0),(277,248,'beamer_pole',0),(278,249,'beamer_pole',0),(279,250,'beamer_pole',0),(280,251,'beamer_pole',0),(281,252,'beamer_pole',0),(282,253,'beamer_pole',0),(283,254,'beamer_pole',0),(284,255,'beamer_pole',0),(285,256,'beamer_pole',0),(286,257,'beamer_pole',0),(287,51,'santini_azzuro',0),(288,258,'beamer_pole',0),(289,259,'beamer_pole',0),(290,260,'beamer_pole',0),(291,260,'santini_figurati',0),(292,261,'beamer_pole',0),(293,262,'beamer_pole',0),(294,261,'jonda_apex',0),(295,263,'beamer_pole',0),(296,264,'beamer_pole',0),(297,265,'beamer_pole',0),(298,266,'beamer_pole',0),(299,267,'beamer_pole',0),(300,268,'beamer_pole',0),(301,269,'beamer_pole',0),(302,270,'beamer_pole',0),(303,269,'santini_figurati',0),(304,271,'beamer_pole',0),(305,272,'beamer_pole',0),(306,273,'beamer_pole',0),(307,274,'beamer_pole',0),(308,275,'beamer_pole',0),(310,276,'jonda_apex',0),(311,277,'beamer_pole',0),(312,278,'beamer_pole',0),(313,279,'beamer_pole',0),(314,280,'beamer_pole',0),(315,281,'beamer_pole',0),(316,282,'beamer_pole',0),(318,283,'hatcher_vision',0),(319,284,'beamer_pole',0),(320,285,'beamer_pole',0),(321,286,'beamer_pole',0),(322,287,'beamer_pole',0),(323,288,'beamer_pole',0),(324,289,'beamer_pole',0),(325,290,'beamer_pole',0),(326,291,'beamer_pole',0),(327,292,'beamer_pole',0),(328,293,'beamer_pole',0),(329,294,'beamer_pole',0),(330,295,'beamer_pole',0),(331,296,'beamer_pole',0),(332,297,'beamer_pole',0),(333,298,'beamer_pole',0),(334,299,'beamer_pole',0),(335,300,'beamer_pole',0),(336,301,'beamer_pole',0),(337,302,'beamer_pole',0),(338,303,'beamer_pole',0),(339,304,'beamer_pole',0),(340,305,'beamer_pole',0),(341,306,'beamer_pole',0),(342,307,'beamer_pole',0),(343,308,'beamer_pole',0),(344,309,'beamer_pole',0),(345,310,'beamer_pole',0),(346,311,'beamer_pole',0),(347,312,'beamer_pole',0),(348,313,'beamer_pole',0),(349,314,'beamer_pole',0),(350,315,'beamer_pole',0),(351,316,'beamer_pole',0),(352,317,'beamer_pole',0),(353,318,'beamer_pole',0),(354,319,'beamer_pole',0),(355,320,'beamer_pole',0),(356,321,'beamer_pole',0),(357,322,'beamer_pole',0),(358,323,'beamer_pole',0),(359,324,'beamer_pole',0),(360,325,'beamer_pole',0),(361,326,'beamer_pole',0),(362,327,'beamer_pole',0),(363,328,'beamer_pole',0),(364,329,'beamer_pole',0),(365,330,'beamer_pole',0),(366,331,'beamer_pole',0),(367,332,'beamer_pole',0),(368,333,'beamer_pole',0),(369,334,'beamer_pole',0),(370,335,'beamer_pole',0),(371,336,'beamer_pole',0),(372,337,'beamer_pole',0),(374,338,'beamer_pole',0),(375,339,'beamer_pole',0),(376,340,'beamer_pole',0),(377,341,'beamer_pole',0),(378,342,'beamer_pole',0),(379,343,'beamer_pole',0),(380,344,'beamer_pole',0),(381,345,'beamer_pole',0),(382,346,'beamer_pole',0),(383,347,'beamer_pole',0),(384,348,'beamer_pole',0),(385,349,'beamer_pole',0),(386,350,'beamer_pole',0),(387,184,'santini_figurati',0),(388,351,'beamer_pole',0),(389,352,'beamer_pole',0),(390,353,'beamer_pole',0),(391,354,'beamer_pole',0),(392,355,'beamer_pole',0),(393,356,'beamer_pole',0),(394,51,'jonda_apex',0),(395,357,'beamer_pole',0),(396,358,'beamer_pole',0),(397,359,'beamer_pole',0),(398,360,'beamer_pole',0),(399,361,'beamer_pole',0),(400,362,'beamer_pole',0),(401,359,'santini_figurati',0),(402,363,'beamer_pole',0),(403,364,'beamer_pole',0),(404,365,'beamer_pole',0),(405,366,'beamer_pole',0),(406,367,'beamer_pole',0),(407,368,'beamer_pole',0),(408,369,'beamer_pole',0),(409,370,'beamer_pole',0),(410,371,'beamer_pole',0),(411,372,'beamer_pole',0),(412,373,'beamer_pole',0),(413,374,'beamer_pole',0),(414,375,'beamer_pole',0),(415,376,'beamer_pole',0),(416,377,'beamer_pole',0),(417,378,'beamer_pole',0),(418,379,'beamer_pole',0),(419,380,'beamer_pole',0),(420,381,'beamer_pole',0),(421,382,'beamer_pole',0),(422,383,'beamer_pole',0),(423,384,'beamer_pole',0),(424,385,'beamer_pole',0),(425,386,'beamer_pole',0),(426,387,'beamer_pole',0),(427,388,'beamer_pole',0),(428,184,'santini_figurati',0),(429,389,'beamer_pole',0),(430,386,'hatcher_vision',0),(431,390,'beamer_pole',0),(432,391,'beamer_pole',0),(433,392,'beamer_pole',0),(434,393,'beamer_pole',0),(435,392,'santini_figurati',0),(436,394,'beamer_pole',0),(437,395,'beamer_pole',0),(438,396,'beamer_pole',0),(439,396,'santini_figurati',0),(440,397,'beamer_pole',0),(441,398,'beamer_pole',0),(442,399,'beamer_pole',0),(443,400,'beamer_pole',0),(444,400,'santini_figurati',0),(445,401,'beamer_pole',0),(446,402,'beamer_pole',0),(447,403,'beamer_pole',0),(448,404,'beamer_pole',0),(449,405,'beamer_pole',0),(450,405,'jonda_apex',0),(451,406,'beamer_pole',0),(452,407,'beamer_pole',0),(453,408,'beamer_pole',0),(454,409,'beamer_pole',0),(455,410,'beamer_pole',0),(456,411,'beamer_pole',0),(457,412,'beamer_pole',0),(458,413,'beamer_pole',0),(459,414,'beamer_pole',0),(460,415,'beamer_pole',0),(461,416,'beamer_pole',0),(462,417,'beamer_pole',0),(463,418,'beamer_pole',0),(464,419,'beamer_pole',0),(465,420,'beamer_pole',0),(466,421,'beamer_pole',0),(467,422,'beamer_pole',0),(468,423,'beamer_pole',0),(469,184,'santini_figurati',0),(471,425,'beamer_pole',0),(472,426,'beamer_pole',0),(473,424,'hatcher_vision',0),(474,427,'beamer_pole',0),(475,428,'beamer_pole',0),(476,429,'beamer_pole',0),(477,430,'beamer_pole',0),(478,431,'beamer_pole',0),(479,432,'beamer_pole',0),(480,432,'santini_figurati',0),(481,433,'beamer_pole',0),(482,434,'beamer_pole',0),(483,435,'beamer_pole',0),(484,436,'beamer_pole',0),(485,437,'beamer_pole',0),(486,438,'beamer_pole',0),(487,439,'beamer_pole',0),(488,440,'beamer_pole',0),(489,441,'beamer_pole',0),(490,184,'santini_figurati',0),(491,442,'beamer_pole',0),(492,443,'beamer_pole',0),(493,444,'beamer_pole',0),(494,445,'beamer_pole',0),(495,446,'beamer_pole',0),(496,447,'beamer_pole',0),(497,448,'beamer_pole',0),(498,449,'beamer_pole',0),(499,450,'beamer_pole',0),(500,451,'beamer_pole',0),(501,452,'beamer_pole',0),(502,453,'beamer_pole',0),(503,454,'beamer_pole',0),(504,455,'beamer_pole',0),(505,456,'beamer_pole',0),(506,457,'beamer_pole',0),(507,458,'beamer_pole',0),(508,459,'beamer_pole',0),(509,460,'beamer_pole',0),(510,461,'beamer_pole',0),(511,462,'beamer_pole',0),(512,463,'beamer_pole',0),(513,464,'beamer_pole',0),(514,465,'beamer_pole',0),(516,466,'santini_figurati',0),(517,467,'beamer_pole',0),(518,468,'beamer_pole',0),(519,469,'beamer_pole',0),(520,470,'beamer_pole',0),(521,471,'beamer_pole',0),(522,472,'beamer_pole',0),(523,473,'beamer_pole',0),(524,163,'santini_azzuro',0),(525,474,'beamer_pole',0),(526,475,'beamer_pole',0),(528,477,'beamer_pole',0),(529,477,'santini_figurati',0),(530,476,'santini_figurati',0),(531,478,'beamer_pole',0),(532,479,'beamer_pole',0),(533,480,'beamer_pole',0),(534,481,'beamer_pole',0),(535,482,'beamer_pole',0),(536,483,'beamer_pole',0),(537,484,'beamer_pole',0),(538,485,'beamer_pole',0),(539,486,'beamer_pole',0),(540,487,'beamer_pole',0),(541,488,'beamer_pole',0),(542,489,'beamer_pole',0),(543,490,'beamer_pole',0),(544,491,'beamer_pole',0),(545,492,'beamer_pole',0),(546,493,'beamer_pole',0),(547,494,'beamer_pole',0),(548,495,'beamer_pole',0),(549,496,'beamer_pole',0),(550,497,'beamer_pole',0),(552,184,'santini_figurati',0),(553,184,'santini_figurati',0),(554,498,'santini_figurati',0),(556,499,'jonda_apex',0),(557,498,'santini_figurati',0),(558,500,'beamer_pole',0),(559,501,'beamer_pole',0),(560,502,'beamer_pole',0),(561,503,'beamer_pole',0),(562,503,'hatcher_vision',0),(563,504,'beamer_pole',0),(564,505,'beamer_pole',0),(565,505,'beamer_pole',0),(566,506,'beamer_pole',0),(567,507,'beamer_pole',0),(568,508,'beamer_pole',0),(569,509,'beamer_pole',0),(570,510,'beamer_pole',0),(571,511,'beamer_pole',0),(572,512,'beamer_pole',0),(573,513,'beamer_pole',0),(574,514,'beamer_pole',0),(575,498,'santini_figurati',0),(576,515,'beamer_pole',0),(577,516,'beamer_pole',0),(578,517,'beamer_pole',0),(579,518,'beamer_pole',0),(580,519,'beamer_pole',0),(581,520,'beamer_pole',0),(582,521,'beamer_pole',0),(583,522,'beamer_pole',0),(584,523,'beamer_pole',0),(585,524,'beamer_pole',0),(586,525,'beamer_pole',0),(587,526,'beamer_pole',0),(588,527,'beamer_pole',0),(589,527,'jonda_apex',0),(590,528,'beamer_pole',0),(591,529,'beamer_pole',0),(592,530,'beamer_pole',0),(593,530,'santini_figurati',0),(594,531,'beamer_pole',0),(595,532,'beamer_pole',0),(596,533,'beamer_pole',0),(597,534,'beamer_pole',0),(598,535,'beamer_pole',0),(599,535,'beamer_pole',0),(600,536,'beamer_pole',0),(601,537,'beamer_pole',0),(602,538,'beamer_pole',0),(603,539,'beamer_pole',0),(604,540,'beamer_pole',0),(605,541,'beamer_pole',0),(606,542,'beamer_pole',0),(607,543,'beamer_pole',0),(608,544,'beamer_pole',0),(609,545,'beamer_pole',0),(610,546,'beamer_pole',0),(611,547,'beamer_pole',0),(612,548,'beamer_pole',0),(613,549,'beamer_pole',0),(614,550,'beamer_pole',0),(615,551,'beamer_pole',0),(616,552,'beamer_pole',0),(617,552,'santini_figurati',0),(618,553,'beamer_pole',0),(619,554,'beamer_pole',0),(620,555,'beamer_pole',0),(621,556,'beamer_pole',0),(622,557,'beamer_pole',0),(623,558,'beamer_pole',0),(624,559,'beamer_pole',0),(625,560,'beamer_pole',0),(626,561,'beamer_pole',0),(627,562,'beamer_pole',0),(628,500,'jonda_aura',0),(629,563,'beamer_pole',0),(630,564,'beamer_pole',0),(631,565,'beamer_pole',0),(632,566,'beamer_pole',0),(633,567,'beamer_pole',0),(634,568,'beamer_pole',0),(635,569,'beamer_pole',0),(636,570,'beamer_pole',0),(637,571,'beamer_pole',0),(638,572,'beamer_pole',0),(639,571,'jonda_apex',0),(640,573,'beamer_pole',0),(641,498,'santini_figurati',0),(642,574,'beamer_pole',0),(643,575,'beamer_pole',0),(644,576,'beamer_pole',0),(645,577,'beamer_pole',0),(646,578,'beamer_pole',0),(647,579,'beamer_pole',0),(648,580,'beamer_pole',0),(649,581,'beamer_pole',0),(650,582,'beamer_pole',0),(651,583,'beamer_pole',0),(652,584,'beamer_pole',0),(653,585,'beamer_pole',0),(654,586,'beamer_pole',0),(655,587,'beamer_pole',0),(656,588,'beamer_pole',0),(658,589,'santini_figurati',0),(659,590,'beamer_pole',0),(660,498,'santini_figurati',0),(661,591,'beamer_pole',0),(662,184,'santini_figurati',0),(663,184,'santini_figurati',0),(664,184,'santini_figurati',0),(665,184,'santini_figurati',0),(666,184,'santini_figurati',0),(667,184,'santini_figurati',0),(668,184,'santini_figurati',0),(669,184,'santini_figurati',0),(670,184,'santini_figurati',0),(671,184,'santini_figurati',0),(672,592,'beamer_pole',0),(673,593,'beamer_pole',0),(674,594,'beamer_pole',0),(675,595,'beamer_pole',0),(676,596,'beamer_pole',0),(677,597,'beamer_pole',0),(678,598,'beamer_pole',0),(679,599,'beamer_pole',0),(680,600,'beamer_pole',0),(681,601,'beamer_pole',0),(682,602,'beamer_pole',0),(683,498,'santini_figurati',0),(684,498,'santini_figurati',0),(685,603,'beamer_pole',0),(686,604,'beamer_pole',0),(687,498,'santini_figurati',0),(688,498,'santini_figurati',0),(689,605,'beamer_pole',0),(690,606,'beamer_pole',0),(691,607,'beamer_pole',0),(692,608,'beamer_pole',0),(693,609,'beamer_pole',0),(694,610,'beamer_pole',0),(695,611,'beamer_pole',0),(696,612,'beamer_pole',0),(697,613,'beamer_pole',0),(698,614,'beamer_pole',0),(699,615,'beamer_pole',0),(700,616,'beamer_pole',0),(701,617,'beamer_pole',0),(702,618,'beamer_pole',0),(703,619,'beamer_pole',0),(704,620,'beamer_pole',0),(705,621,'beamer_pole',0),(706,622,'beamer_pole',0),(707,623,'beamer_pole',0),(708,624,'beamer_pole',0),(709,625,'beamer_pole',0),(710,625,'santini_azzuro',0),(711,626,'beamer_pole',0),(712,627,'beamer_pole',0),(713,628,'beamer_pole',0),(714,629,'beamer_pole',0),(715,630,'beamer_pole',0),(716,631,'beamer_pole',0),(717,632,'beamer_pole',0),(718,632,'santini_figurati',0),(719,633,'beamer_pole',0),(720,634,'beamer_pole',0),(721,635,'beamer_pole',0),(722,636,'beamer_pole',0),(723,637,'beamer_pole',0),(725,638,'santini_figurati',0),(726,638,'santini_figurati',0),(727,638,'jonda_apex',0),(728,639,'beamer_pole',0),(729,640,'beamer_pole',0),(730,641,'beamer_pole',0),(731,642,'beamer_pole',0),(732,643,'beamer_pole',0),(733,644,'beamer_pole',0);
/*!40000 ALTER TABLE `garage` ENABLE KEYS */;
UNLOCK TABLES;

--
-- Table structure for table `loggedin`
--

DROP TABLE IF EXISTS `loggedin`;
/*!40101 SET @saved_cs_client     = @@character_set_client */;
/*!40101 SET character_set_client = utf8 */;
CREATE TABLE `loggedin` (
  `user_id` int(11) NOT NULL,
  `token` tinytext NOT NULL,
  `created` int(11) NOT NULL,
  PRIMARY KEY (`user_id`)
) ENGINE=InnoDB DEFAULT CHARSET=latin1;
/*!40101 SET character_set_client = @saved_cs_client */;

--
-- Dumping data for table `loggedin`
--

LOCK TABLES `loggedin` WRITE;
/*!40000 ALTER TABLE `loggedin` DISABLE KEYS */;
INSERT INTO `loggedin` VALUES (2,'',1489648576),(3,'6iGqaLlRVcWsL646sgBjdlvC0BzyqfNxIkIHaDv+cmnix2RuwlOOxFNm1J/fsP4Q',1489489276),(4,'Qh@yFjSYPbLQjOGrB/UzaJ0lsE4hMb6JhrA9e5qFfWGbUZUQaQk2g@gGi@T0mbXP',1489489414),(5,'blWd0j7Wk6IDukKZ7Gy2Sh5HzDQEUl9fWcm1ka/o2Sasujti2W5BDNUBPBEbAxTe',1489489473),(6,'DV513h/GGD9SxCvJmRa@T2rQYwNLmO9WCUVmencWEK1EnaHowJLKkIB3xR7DGq7j',1489489516),(7,'RYTG/wWZknm@pCXRNscx0F4htMcG/LW6ea58NQ8bcJqNeqB/pv10oO0PTXv8KNCm',1489489730),(8,'hHN41g6TR6/Nane8uBBNyX6rpe@BkgbNXlAqRVVVLr4LeC+xiBSqCwSX1FzVJRVS',1489489782),(9,'KaBZz+lEbWN503T0NoeHHkqmcurSe5OGIQibjI3tix2yWAfd6Ojo4O1T3ZdRbjVQ',1489489803),(10,'P38DCbxKeAXdrCpiR1MHOUIQwQZP1O8S+IpV5HLH8s7pyA8XgB0hpsCKAeJjQU+L',1489490222),(11,'spa+XsnwdKWLZ/oBgp1vYpBJYsFZsTFpyszKEZNe1av2TxgWdTwXR@X69grmTnWL',1489490237),(12,'r5SrL04AF1TOZQ@KrpUtcDx7e7LDgcuHWlz67F9Lo2lEOVsZDpPNnM8egqwAgqZG',1489490277),(13,'RlmGgGjeioEHf6N3aj5cvjId3doa1YFIB5a/4DFAnL1loLjSy0WLE/WZJC2gE/ia',1489490380),(14,'tfFPs+N6zsfqAZaZxBQ52KqRHDeTfRnzR6Cgm2ySldA538sO2+33hptz6ypxx9Ea',1489490984),(15,'WvPg1x3RiKejD48cwzduZN9H135CCQUMOCAi3Z9gW8im8UnH7Uf89FyAPJWNTirV',1489491434),(16,'pj5MYShWSv1hPiLzWrRCZRGCi3PA22r5SfEh75BCLfIUVJCy+Rx@lBRx490fwJUR',1489491471),(17,'7HuG6ZVpZ2ujeEMGkTxbcPn@AkgY86vDolu2JeBgvM+z821PbAYDiOG8sUqOqw+A',1489491776),(18,'INWKxdPm9wYpuHJGbadkuMotg3Rxcnf9sx2Cbox6nWARqKJlvq0/LNvYMetEDkDd',1489491844),(19,'dol@vJGl2LJ2obpdppvvDkMgJI7EvvJTzulxY+96DvwLp@cbHgVUaCd8q0Bc7qle',1489492216),(20,'AuheRoV7Q5kB3SDZZM4N@c3ws7CuR/YTZv15usr31z@1KUnwnzx@fQVZhmMGP5O6',1489492344),(21,'ZTvrYNfCbWfcpCm1Pu1MlelBE@5U/2/Np+dRyfG/q/rqQcclhO5shA4SZZ+QGSqe',1489492346),(22,'86qLbmIFdwejFYkftOwpLcXM4V5O4cQYiv@avzXS1QB9LhT7c1kUnLFbYRYB0c7c',1489492907),(23,'oYdexlLYAb3BWFsgQRZJ2htl0LBoN2zDn0H00Jc9mv5PWwoZ@SmPL+CgY10Lwmr3',1489493281),(24,'JrewvKc47tLiJZRUSiYZRVHvVxl+2BU7DGX9jSXP3TIjEBx@NmX@9I4zh/O7gf25',1489493397),(25,'ueAh1kc2T@p4wsas69bggL/atbE+N37wvFZiHSm0@azEXw+ZpvbN4r+hbUgpYzSx',1489493429),(26,'hsCbqUoCyGej3AkN1CyDjACY8u3kiHyYHfmEaghk7kZaNqIYp8o2g4hHLp+wkYUT',1489493474),(27,'clJ899ApCYPN/n8ct/oC6TFCEQB4AYKFFkG1CpJYqEZs6YMUHeJqexVxMjiweCKo',1489493555),(28,'X3J9M6bF0/b3fHnLaOWayay8S6lq7s2Y6S8hmqROL+4jyI+grdwWGMLCj@AxjKUu',1489493577),(29,'cyTTPsuVlGEsNiRMsSXunFvz+LFKHFu6htz6ChsISaqicocHXb0o6eLUXGlLTJmZ',1489493861),(30,'dB3DEZReK@ndlOm0pQXctgfS@qs@CBoGiL+b0MYkZuDdVi9PF5qcFvq9xgclcw6+',1489494029),(31,'m@dgxK+qCLWtZHPONdGjw6qiNKNrSnf6QyDss1BYMq88pjT3u8MSQutiIez6/oc3',1489494085),(32,'KGyicw9sM8HeZAx8vQ+yxe8soc6yrK416zl6DJ21AxMga8dkcYmne7fPkbagRIDM',1489494278),(33,'Wd1Rk6500z7EDPIw2OmDkPOhN+C49mSGcZPqGST1z5+6zIwNUeaelRuUZj6Gg6pY',1489494294),(34,'r1x9krPpSLjp2bVcPPo2SeDiNz6DlUJc4GG0EFkHifxz9+oaiVSla1AjFY28hEi3',1489494402),(35,'v@HTRu9f2gTcSWe00@lRxcdyBAFxIfqmiT5VZ1NKpQsR2o9+lvGHNy@Wxm8r@Q26',1489494452),(36,'h8+hQcKa4YnoX+GxrI2rn0jAEsQCvmEB5AyBvTf4lI3KUF9H5RkU8HHN@cPdqpxV',1489494476),(37,'H6F6HpMttjYQOCo4YgoEn8e+dSA39CQQV+z9LtlN7Urrvq/IuhIA3OsvAFrEYwp7',1489494646),(38,'FUsQnmpX8pDGKF4G+i@onBaXzK/E@yf/qv+4Iy1QAs1T/IS7rE4+1vJrKyIcKssz',1489494832),(39,'HMafaVANbs/kD320JM5OjCwGVjXrz09Oul0qKbgZIDJYCVMvZC+xiO5XOP54gz9S',1489494883),(40,'X@WtZ9uzqUmMl4Q4luCuSbHuI49u/z1IXpPYvJj03i@@a0Cl9mOL4T3dV@H6oqt9',1489494997),(41,'gTJPnzkQUsFiWu/@/I7Y6AQFGh6o4ldDw@t@NRWQi2rhOCEtdVMcIUk6qGqJu0SJ',1489495012),(42,'aSBGHq5MwSKM/IzmAt+c6AY8UFiMhsCnIAEzNJi5r+OHkjRFkEAjdT1TSEKOFyiD',1489495034),(43,'q8iLLrr9HWMFz+PIBZbmag5a@msGNCg5wGQaZeoi9URJsEuh0Z63BfD01TB2gV2K',1489495243),(44,'oHFKh0dLl7VaGp/SKfnvUueSFrVFTAWJqBPlQScBaBIAl1Vhk5RQNSxhOzrBgYHS',1489495295),(45,'/cEUtEOZPnHR4l5DMe9a6fy5+frua/jt4ik5EVh0M@eBHISe+tL8a3goAymA9RU2',1489495455),(46,'5kNkql0qOcNG9lc0lQD/wZdBQ6RmtrbvgWKdOiFzTUoEjJNZ/xwZbExIuhWGa+uU',1489495731),(47,'Ysxhl9HQRmtGY/wbdP/GexXERATgPq6fTSWQJPrLSfQJ3TNSZU1TZU/Z0VYVwewT',1489495918),(48,'5UTlUjzpxeBMzW6ZZ0KT1dJL6r00zPMBi@XmCIJifPT9zNDYxHt7RFwuTQpnMeA+',1489496452),(49,'pvmVz5Nu2N0Ds4b@Bm2boj0o3@QiD+Pw3y+pAwR1i1Zk3iH0OZXNgApE3cXRo5Lu',1489496649),(50,'Ku3yXHz9lWjdibrzmvP3+Q0TRuqAM3oz17EdkxwHMK9Yqt2Hzy8OSGSlmuPx@WpM',1489496781),(51,'+K1X0GC6aWfkVC4g6xp@FMhbWLMCrG5mKRp1U/oZFoOrw5boVgiu@rNw620M/GrM',1489578772),(52,'RyN1/HfhmbbG7J3wU7yIRA9@D@LTHzOIZgtcrpzpAdUTLDuTm@eOO@P1LuF0D/pY',1489497194),(53,'3L5EL42epbpyE13xV5nPjp6S57SMrQHK6lyqKmM2RMULrzv9+IccqeQO//k/uC+7',1489497290),(54,'oWqCApT1HML@zH+KNrPxNUOdsGrILncLIT44YNOZ9OeSHs8/z3rZhnzocLmrzj9m',1489497417),(55,'Z6t+G3R9Lbydws6ra8+YvoAbrbET@od8N6Nhyv3c+imvKJpIbPC@7k6+@VOTFwb0',1489497487),(56,'A1Jm6yawMD7N1aIQOJnscXbK8u9rdjNqx/Kpatjs5rXmQhE5xYH3Q1f2rp/92waS',1489497502),(57,'5yniURCtapwJJLWPHuZx/vophjxEXO+7@DXrcrMCQ0bT+BuIk6FePSj@Cmo5PjMS',1489497507),(58,'2900IKguTg6LzaD443QG3eoGNs+Wb2B2Oes2ux2H97ZgqDpArQRTd6fp3Dlndp2P',1489497628),(59,'SeV2S3S1sXwZhB/iZ@VaJa9XOWsPODipSsr58715x3DuhlNcle/uEj4hmwB2XF2r',1489497727),(60,'5otToAljm5dl6WxU+Aq32lCplbkzHRMGha0R4FQV35u6GKtGPLa2+otc9phFgdgR',1489497811),(61,'QfIwBH/Jdorup5s+b42xev9IqlQYRDAblcbB7qNEWgAdiWVx9B/pybZGoKcc4Urs',1489498108),(62,'aehQ/bSaAstlskg0CATFRMd4TQK9b1XP7zR8PmaguudJMrZ9yDrGUYfbUz12MDx8',1489498110),(63,'4kerd1tYIOzOx93M5RpnsK@cPZ6cSpzpC3a+Ieu5E9RWnMKlFvKJ8w1ybACu19xm',1489498160),(64,'xnHJZB/5kDZeNuc0ii@+Tmbq/WQWupmovs5SgPAbFSBbrWCTwLA3oqDV6KkLrwdT',1489498230),(65,'r8Z7C@ysobwnsR4mpHJXhrNAr9snJMNXwfckn@o89vwtnjk4fKCRPmaTEIAVyJsa',1489498282),(66,'iVh9wYiFJLEp41Nemfcksxp78AyuRoKs28rjt@185G3@S9tPfa3rWGqC4MBfHtSd',1489498367),(67,'ssbHfzd@UZRz8RaQnS7R3PwjxeqQg1szlSmP1jA9+OH+7dDOetjHXaqlJmQ5Th3Q',1489498375),(68,'P42VrtBsQ2OfbMqHgoG3txS69tJley9MS@V3ZYDWxZ8x7XeYvuUZjeyFwCTtreJi',1489498596),(69,'Hd7w/FoRJwps5jDRl4@oWXd+WSOkUMCFzpkRtt0l@fjaIn/cTqa9rD1/spvFHqf/',1489570254),(70,'9arJIaJ+hwajTG1FEkBs+TpmjNZ4Rj3KA@+cZNb59dsgwHI3rDZB18TzkB79m6h3',1489498936),(71,'2oK/jaloU3XQgeI8MWnvhfNvMMtGaEmBBGx3OYT9YEWRXMicIUyt8XYowMwIiP3z',1489499092),(72,'dFG@q2oVxwYDO+zehzHO9QChsBvOja2Kq9AoXEMj6aRs6MfMXdlaCd/B49yQCUEt',1489499167),(73,'wBs61ehLM@c3s+oam4T@JUwBnx9Qcpa0dAu7TbR3@285I0ny6mAxp+5UGIYP3gfy',1489564351),(74,'5YIR/Y8+TwiwFMOXAja26OHSds@AG5KZuplehuvyCFkCbhGNT1BKSkl+7hy4Gdnh',1489499947),(75,'XyZABoWCd+D6LmwdMb1PPxth4YnLrbG8iRIAUs8ET2tT64gGu2ZocZU/zIYrk2lh',1489499966),(76,'hwB5WCXHCBcqNALYE/LYsYBk+Utf/I5Lvb6US+dhCwU/V@BGHWiAP+HBvKFmsxeo',1489500084),(77,'VgochbYTT1WrL3VTdRDmZPiswZbY@uTSUv0+eRZbzs3c@0wqRPG9HyCQhaewiM49',1489500147),(78,'LfYz/EygOsWX7J5/VzBK@YtdjSSlQ5Hot8EoY1oxnl925xSDzrZonsn42lB6EZ0t',1489500313),(79,'GhbhrjV8hFREJGHyZnc@mSZj10suOAbIy9RDjFIiSuSBFyYfOP+dLvHml2IPyWne',1489502713),(80,'bszyV@OPyZlAZBuFvW9jlaNfswc3ZcDgYIGAKwZ/yKeq6gpFLmwcIDHN9W4mNA8a',1489500494),(81,'',1489500523),(82,'4ILNzE8B5LYI+R82m4H6eJGTL+e07UVI0J61VD25wIrd+uKsIPnRWXiZ7FKJa3IE',1489500648),(83,'7hhqRN1wgwt2xAK@evFEl2KN1yWt9QAkDMERTbz1+giUUTKDa63ek3E7dULXQfmj',1489500839),(84,'9ALnr6XzY002myimoBPwb6qX3YJoPWciF7lgBuHpX+O1YaDA5cXMCWvAkPeg1RQU',1489500920),(85,'jHz1TddllX@ft9bWWVIiEgyPxGmR0yUmBuG2q897@obgPQwpaHXL9EQpQRTcMpsK',1489500951),(86,'r7nYj6sfNrFHb0Emeq809WPLiTvAzVFzE5uX45rWE0Ca0GGxzrAbyHfjKga3zrJ7',1489501177),(87,'g7sNln+HS@chLD0g+cw9NUUvTQKoNDyt+fA@UlY9V5gZLPnAsK1LYhJAE5ElEQW1',1489501190),(88,'2gYmCSvNHBnLoMmSe+4ItxE2NofdSiwh4k3CZL0HwlCgah+8Sy/4ZiNpCBtGnjmq',1489501304),(89,'o7ILVs8XPFsMjNVlyYjJW07lUA@zacF4bPKvtwnTPPeCGMWIe12RvbRao9OS0wMB',1489501672),(90,'n51qm0KFGl7HT1D7/UCcj5jvQNP71ooRUCSoxCqcj1eP3BKY+A3X4XbmNFrPfzMk',1489501807),(91,'Q8gdIZYLWQVyg@L28I@R1cHOw3UBGDjI8+jpPUIEZ0xgFQsYlPoDuoj4GetPXnuK',1489501814),(92,'ilsqB6n73McPfwOn@RtHmAuZazlXUwPARxZTxyM29IV2jetDeEIU5842BESRx77y',1489502046),(93,'4fa7cHND5FqUbPbsazH3P8sqPFytRMeJKg5ml5MePUP8rBj3ZIoEeLXgoIUfJzXl',1489502053),(94,'dU7oCVCNMIyA/RhaowQCaXqfQzsZ7OHOF34w74F/U49LILK9MITNaKCovWbfdK8h',1489502721),(95,'AFmxxDdDft6YAOHixVM0AqPbg3lEkrLzqQMZTtY7gj4oTK2D7+DGmG3xf7vfV54M',1489503393),(96,'nrc1ov3+PVvf5MFN8jRu9SMlPI1exJ78xjZ5QDp+aWd@Ml8U42firdAbgZcoFd01',1489503481),(97,'n9eOXiFErnohe/fQSUyanbyUbsHwhPFGPk46aCgktU1l0G8L3L4r6aIMMXWM5qra',1489503945),(98,'rCOEcMDKGd7d37LiCip8fa2eJUOnj@W1pnS79kO57krYMuWDVlb6UFaKUGmQW4HN',1489504018),(99,'pnfJIH7GHnr2zPxYYCZQUZCJQokqdn5@LjGAqBA+wQqD8o+2J4jXwuKu3jpHxTOK',1489504018),(100,'H44u/jb1GMVY2PeZMzIhtmgHWEI7/AfT0YsJUiOYVhrBACojW6SOSvaatwD3qE@2',1489504022),(101,'j8BMUkzAVRrJCGEiEVVl/43ZjwiBj64EoIm5EHQXFsKTOJWHJeyTVs30Mdnx1qvF',1489504140),(102,'d5YT06+a869GkFP1FjRgg9ZQ9tF/obBq5/u/2bSFztWhZuqgW1zI1hHB@XK29D3H',1489504232),(103,'LRLQIaC4hF3mVETX07OhUXG1M48IHC9f7v6nUVGapJD25Xj7iWLxxwXplkn5jtnK',1489504273),(104,'7hHj4@GNVW5mt5ZXzWIJHWQ5hqJIBZ6e/Fr/1CWfV28/4EyZl7zXwhdxdGGmfN0Q',1489504344),(105,'SDJnBiamjDHCQljGrhn6MBHRz3/PCUyRaklyeEGEA9zOdPCOK2zTQ00jxkFD@Yt8',1489504682),(106,'be2CR6Z4KlIOarAPGzFnDnlJV@zgSMRsU6M3VRi+Mj0AnGJY0Z89+Wogl6+QutXC',1489504732),(107,'3fEKMvc8kwgbvZkaw@Nit9PdsHOUzbPQco8l89dWzRKJwUwQFhnH3Qx1cZmWM8H+',1489504922),(108,'iWHbLEtywhXygT85hW7kpbPxrmnwrtCNgxSpfPEZbUXwh4hdGFWMUmu72X1my6sp',1489504951),(109,'zL9bMhMqn7CV98ODE6yNcjjzUWbnLpNaTdxMqjP+wA4K1fcIfXWeAtAvt+vT/SGF',1489504985),(110,'OR72rq+W8lM+rT+Folrr8BAGKPiw4eTAVs0hueC76xUgXD2GzhHwtikoqRGkHdth',1489504998),(111,'G/H8cX@36pnn/2F1TYdFAVMKgVaWY@66VFKXJNa2W5E5ZSEGqahHTidfdYdd9R4M',1489505132),(112,'OGW/t8Ni8mjd@tCRhAiFxm39d5ZJ@RdXEwoGyioABMVxdL@rp4+Cod0599XxF23m',1489505399),(113,'/hHboTA6a5YiNEJFokTiW2bo+6WsaXn/f8v/D83JNKc@L9vPnjl/8pomLLGRTOSo',1489505488),(114,'VyuzP+6Tr+lnp/VlwOJYgTNvuBJ+u6axmtQ6PO@0PyutWoSUSKhe5pD2xsLZX7rY',1489505511),(115,'qxAbfOh93Qh4eGBA4r6U0NQU3bCU0XJF42t6cg5lOh4mChFJY82V1+Zdad/Nq/tS',1489505524),(116,'/EUZOHf1QdfxwK@Eqg1aj3ik9UJt/EeA0L7Kf680zylQZOVgcXkW0EbYgP7RDueg',1489505785),(117,'jamkiVyntpYYPDb/XC7eNjS/1@IhTRPwbKXrUQzhdKCr3kwt6RJQlmcNXfKVYahn',1489506838),(118,'gfACUVMTE1GR8zSI7dTKel@vSdKJzy6nxAcMZTjRua5Uhy0@1modjqloTAtPA7+J',1489507136),(119,'fw0Y@usIx5P+Gc4q6wpcuJmBwtU8Qa+Ft0C2n0j+07vZKVr9gb3tKapyAdqJzxzO',1489507177),(120,'TENF5sYnVTVR4XhxWIzeotuhOrRTtpAbCwylZd0I8/+3EhPcLzHogH@uOVU@w31x',1489507278),(121,'KxU5h0vlOVhmpUr6l@HReJgn+n/E9h5CtqXOu0+0JnybKt69suQT7cTjtw/TKpAQ',1489507394),(122,'zn0BGr5pJ9xLtucHsKupUHv4g1+KnP5PF3pShhIiAmaYQ@vGE6g@0VUGt06WJTZo',1489507429),(123,'xSGgH4d2orpraSuVA@g1+cNlXrdaKPRDzMHjn63+sOox@q01M+nqvH4lX9nglMju',1489507797),(124,'k1D2VYW+bfmlPkUfE1+YyIv2FS8ObOJ9zMJdx2uEnVDRcn8HtdOummhDEHb0NOc4',1489507947),(125,'O/LcJMaKHEfVU4R0@FUlT7bIBMYQeCp3yaSJMLaktqrwR6ohhnmEcHT/ZpoFB@aL',1489530417),(126,'xLgpa@vFz4rhelYnU6eAIzvEJbcfosSI9SNjz5Fiz5lUCwH7jCL0KQLO8JIrhVC8',1489508203),(127,'T6PnauDe@g+8kElUaL/84OJyH3y9o6Y4OaN+jkCsbC+i5XaMAb4JBYT7UgBdTiMK',1489508300),(128,'pXbJlV8k5xzmelcrFnGd4HZLMPtM+lQ95RwaiSaY4bEQ3ZVDBeibGU91//9PTcYF',1489508386),(129,'2a6LsbEo1SAlNE3+IwaTSZK/RtzlZhfeREt8DYxJOQ@l2qehTrpcAOahaa4PW92G',1489508480),(130,'JQ/5AsS/mW8pq7cBCfGA6xXYsGv9lF3ToQKNclspIfQ4St0Ez8YJSTXhKI2s3nEG',1489508629),(131,'kzt4Tt7@+0YfjJYD3fUf+VJ@tMMdx42swnwxde5@nm/@Lg6RC@8K6f7QWQUcKk6V',1489508842),(132,'ZDH7ETog2x5cDz6e0hN+oxyD4yv+CJOOMTGWPN6u@nvDDfxxUw@WkJfZhNNhHbm@',1489508870),(133,'GsLftUuhAqq3YV4ZWpVb/x6ndjh@EfMcp/yGSdmWCiVj0G1C1UBX9YM1fN7VD1T5',1489508955),(134,'xTkHFgBMTtaRIpLLC5x3OUTsxitxNLQIW+XZy/D6HE02rowvHOJ2@fXL8klhcA3t',1489509437),(135,'NYR3O3sBj4ii4CkROQpkWMfDs5M7uv+MdPa7YZSuo6sXUP618k0ck+o5l4jMm59h',1489509507),(136,'DIeIyfcRluZikj193Gy2ETR07x2zbikcu9t1kP6fqdt2ET5Lz/i5XBYjx9DZx0RL',1489509718),(137,'iezfuutaEQLpbHUfXboH5gdNCh3vI21sWxEu89px7ErtlTGscIzEpErKATp37FCM',1489509828),(138,'y9I6NjCJMi@KNoblT62hdEg6JAdKCM2fMdwD2KYkoDGAZOjV8LCw957EPSn@IrcV',1489510045),(139,'mXkxPt/8ZsfhtXO6b@6AIC/TM9yNAT1eEybIDw/4CyI0iCo6t+4uP4bPHNXfl4yf',1489510227),(140,'H8Fwp9U3yVPfvti6PI/TxIMTkquFLUdUqXMCC73T9ftmIC2YwK1hffF@zpBcK7Ur',1489510348),(141,'scKXscYP8y9Kdrh/XUTCsxJ1DjB3tH7AU3Qz2IdAb/l6eQPKe0XyGEpOt4d5M+Yd',1489510532),(142,'wdTJmvV3qiOCq8BW3QKI3kWA/txlRCwrqgAxPaiptO24Rml8qGhs1DOGr2+5k3UY',1489510721),(143,'ic@RUsUNYhuOcL4l0b@LVd3@c/Btx3lxH41pT6yth85hsx+rYzdq9QWva0p6HBBw',1489510769),(144,'x+XD8qnASyQbantXVYz26QRJcuSKQitC0Uv0yInwlDw4xuDGyRnK@/DBfull52@b',1489510865),(145,'wva7t72fpq2PW9lDCGyl@+OrXYCFAW/1/E9oQLMd2@CAXwafFwsoHFVh5utFV8Tz',1489510942),(146,'cAbrRFD@lMWF8wQuJ2+XdffocnExc+nEArhDA8txQPsZu6FFqeQBG1wtlnn4qRfJ',1489511139),(147,'WGSPvOQf+1xHoE@4YWEzmX6KWRw+/PqbF6TYe7qthrYTYD9K2g8rp6OQKtEpmzN1',1489511193),(148,'c7FbRFQa+EZ+FKmggNoiZNrAAkYWkTnVcFS0yKWv+pmx2HQZc4bk9RhN0kKWXU22',1489511470),(149,'TxTbj2nNti0BeSSQLjEBL8Yp5mQgIyMSFwPNlMI/NauVwGKHam+K541CemKXCeIO',1489511677),(150,'uJSIHXBzu8uFaK9Yb86SqQHvlQS5zrIm6vT1fr@XTTBKhLCxkN5pQIWIK2jX6PU2',1489511732),(151,'46Us8sDp+MaeAHTFJzdhy1yOWB0dbR0ZzD60Y3yym0L3pQJoDbXzUkpK7grWfl54',1489511762),(152,'@1l@CQpeJBGf0PVocXGx9@7eIJPczaY9pMRLtr5ip@a1HFgZ/yEMiwqmGidj4Abs',1489511805),(153,'wHf6v0Dyg57SC8+/1uM6d605dEjzBxBTdCbUswh6VlRB52WXCAXq8mGUF7TKkr1f',1489511810),(154,'XI2j1lSlSAjbD1GCvk6XTWB5l7NTeQ744430bqdxjkpu19wartR@BAh/oBYOgGJD',1489512436),(155,'DUSODuFa6KkepCz7/mMxq2Z0mQ+/8CbS2RwYW1x46Y06AamY6VuNBvcp@rkj21fW',1489513049),(156,'HXopHT/OL2z+eFIwZzzHtQImCnNeBqGHz1Ae62RF+FnY6Ml1wQaeyrk8DL76nsAe',1489539695),(157,'8n8QCyhi0dR74pEShilni0gJ35DqZk@8/p2vwEeU6Va6V/+oHUWzMBsJf4Gi8qda',1489513279),(158,'a6xEtsdGzyXylLKZql6Fcx6sd3dmvPNaET6Cx30OMFXpAhaaC@2VLOP7xvbcop9v',1489513394),(159,'/yBh1mi5IU5hNJ@nHmUCRpjnV97IH+Lau4x5AGaBhkKTIRRQsWJMgNJz@UdWJUjH',1489513412),(160,'4UsQOVVLFrqbGNNQWVekm6pK+@9tDRwSgvOU7jBNPap4dpEhoucPzHYkyksAgiDF',1489514053),(161,'P4ZFgnA8YcsdvOk6t/pbZ+BsZ7O5ODC+etZy5IF9+migBoOkG83JFo0Y7mW7I+A8',1489514070),(162,'FZ2kO/GTEXGPbgzIa+39@YZvenFbm1GgzKYJvOddaaUOTXg1+tlkpDXiFatYtf42',1489514108),(163,'7o@zUb/k+DDseyGWOZmF4KbYgOPvALRCT2@nnVxO+G2E2J66P+6nC19ED98wiBil',1489775782),(164,'6fErJ5Xebk480Q198kEI60W8I0sCCFwGLbvpC8Jh7Mqg/BuTzKWbYQIBy8DnYQni',1489514284),(165,'3TRrAg9aCih0PlzO64fzmKU7w9LMbftRsoP8eEpdofcUWuOSVUpK/gbxaZr34+Xi',1489514444),(166,'n1v8IV6xH5aqWEyjbbotfutqai/WL16jetf8RADxEJMTTfdD@qxu5Hp8+oduSp+S',1489514811),(167,'AOsWRDn08VWVgFZThD/LV8ARFDJpUvcgyimjsTkegQmiHUjVkutvvvWEOno2oFcb',1489515078),(168,'0DlFEyZY/3+is4oAxbCIPPcAEOul91yo6nQtJ6S4NhxqlgvoSpAF9suHsWESIohw',1489515226),(169,'h1rNTbFQI86EvIoDK4qM@iK6WxotOu1Pt/U9EeYiZWwUkJZsw@CjASxOjJyvCIh1',1489515440),(170,'Zhf@ExkPfh5Tr/Q6geBG6CJjBgrvLcBXqNjW44JdEoKGedI3R87V/12AFuT0N6y8',1489515549),(171,'wW5pTpPHAQeqgAWt5R2rnUM7qWanlsSQz2jCpa7tcMnlyJ3G7CmfpErdMUKKOEeJ',1489515603),(172,'4lO8tTPCdwc@swjq8AMK82L3eeAiDYvvu1CHyHoCvBOjYcziNIvUTCEnFHyfh4XA',1489515740),(173,'eYzO1hjWdV7T68E7h1WgalT0s+pseoPNQ51bkAva+R5L4jFXBQSdCZ74Buk9ggT9',1489516127),(174,'Kwi24MIOBgjSmGbpVYAMFj29cSFuGse0B7Wy22DrdxwgzajDShHbdq6jBOIkXK6c',1489516240),(175,'y5lvgVJi/V+jGnq+nCf4w7SWZWMGBEEJH@2uwwht@ImDiktiYo@sS/VDWtBFSZTx',1489516327),(176,'cyYdw9tdn5l+Ju9uJLQaPgLhy0fM5GyleY9KV4AhhY3EuwrCyAHjK1E0+edWRHEF',1489516383),(177,'W4B+8JWod@679IftrOy6GXV0C7XbUKEsJnUZZiKtXYYRRPLXuP+LdFZT+vu7H@JV',1489516434),(178,'gXUU2JPVN/L2rAamEAtpQw5ZtSc6GINUIIGWo24JWMtsWctqVrnb8twaYDvaamnW',1489516455),(179,'94Vi3Neej1Bb1q8DHGsaTtCZVvTprREPrweRpCd+TqV7jImceFHT+VLSq0eoA29e',1489516618),(180,'mMbqWBRYL02oQCryLEDh871r/Zr8EupGQ+8Lx69w9/s4WkNGKJ5IAs/xjADc54mc',1489517062),(181,'1t+pbrYX@R9yxRVbxMh2svBIkXzDPsNIiXx8C0VzcdkAOfvimW+3+h7YJ@IkHaXk',1489517319),(182,'m4tSwXiNtk19zYB9VcEUnlizLM7d@tRsEvO@zZCajRvpldhRn/imMoSa69DEVzdh',1489517507),(183,'xRrtSFLRvJcAxx633Qo3AN2wBAEi3+cpX/lBN2uJjQzb4j0gwbYwGs@yIlz5t@VP',1489517710),(184,'TAioDnz+h/iQ0UGzXDvTuqksDZXc5BNKtTAaw2frBrSGDh80Guafxg/dFOFA8BJs',1500862070),(185,'NsGIOJvsq+KKIN6dE8YEnOQWebYW1JxJb6WTn@XO2Jm83R6sn8WstUha8yZqkFC+',1489517969),(186,'ucpo/QQaOA5Zy7aASKaheBfuNfbfx4zEGV2cpLLEU0DhsicZJrmxKB7RQ0f9lLPb',1489518026),(187,'ziU8gXkRe3CmELJ@mIZgm3lKsWcD/l7RRBx9A+x6Kc5/jQCvXGViskQsUS1BCATF',1489518073),(188,'ZS7THlesc/DX4FWWe9@z9kNXbO9jz79cPt00VGTFbZe@uCdNPP9CSTMqma73mecF',1489518397),(189,'M/GCP7XYlAhuocMu7jJcRIvAVb4XK7iLb5/YWBxlYl6m+/JI97sjNiMq4AqravXY',1489518553),(190,'T6SI+Wjxg3uPGaM/TWT8VIy94rXd4+uWcIJMhzwc@55eOAOhpD8aASx3cKUXg5QF',1489518851),(191,'',1489518863),(192,'dqtR7v01yFFhXcnCD37UL/2EsfivXqHDDQOC2CEAPD2kyprGoleGXQM24RLFoL9C',1489518927),(193,'YUuwxefircOuIF3Szkke797wd9pu68pIr2Bq@hs+NJh2wZDDKRKjt2xSWoPzPCoA',1489519056),(194,'W1wc@jC2aMXnocBHgHqUrI0ts1wq84IlZ//AoxPN3gPg7QGDevipR6Ha3QqR+sHa',1489519136),(195,'A@RNT84kqcoZ8Rm9Xx/+UIMEUPS80zWW8FQIJLmjQ1fm1SuwmVqZdsAYYmx8UJHx',1489519177),(196,'Lwv8ViPFsk+RZCYaN9GWi0GHbXLDoGfYdqop1Ll6l184AY8/Yf1HUsA8yg7pr+SW',1489519196),(197,'eFrsWROICzw4Mi5mc7jHqL/VaknHXHAvrY0NrnLo@H8r8ELXY/9xB0j6DmTNUSjz',1489519345),(198,'dPBg4g757eww2y9FiyMmUNSRlEEoEajuB+tGIGyalxMBtP5HvN2KprI/8Z8/95lt',1489519348),(199,'uZCy/dS4YkcItATAY2dubvzsfuuFQAZjnwX@JrncrfPupZQ42xQ6tgtnEljt7FuK',1489519579),(200,'uyal1US/a+lvOBU5SrVIMMN5ovjAHGeuxyiintR4qzjZ1S4Aj8RxNMXGuEmqDRi4',1489519918),(201,'KHZUxU7IBPTxF/MVOkpxS1sv7vcNyI4OMhQgm/xhgukclkGEjCUl95i/+bxQJFXI',1489520052),(202,'FBW/Gn7D0hrdjMiYsZwtqY9OJTAbrugIzXkKC82Luys4qMgMAE6Ddl/wRGIQm58w',1489520193),(203,'hJpSyG/+gUwE8LpfvGky@clvf+3oMHKC1m7s5KcviPy75UhBFbRNxmmLMQ/9YrwE',1489520241),(204,'EWo4DnANma2dHme91z2Ri@eot0r6FUsARGbiZxWSK+n/PpFysVEc7iU7pqTR6ehZ',1489520464),(205,'qWv53u4bcaekZe5G6bU@ba90Ms@rEXzjM3QCuw8kd2yyzzTv2JmPo@V0lEoLvC0l',1489520897),(206,'p+irKhjhuH7fZA82PyvW7u@q4bBvaR4MlZDMvJXS3B@FG1bJjneZN/daLkvL2QTJ',1489543199),(207,'Lhy+RhHGLIuvdExyQ3vBP4xARpKQ/vUt48rprQmshQR861w1qUxLlU9CM0f5tYT8',1489521376),(208,'FYticDfWp/luH4rSNNtTkk7BZeFCTRatkuf1UIlw0tQOaXmU+KhEDGUwuqVfq5Ze',1489521400),(209,'I/oXwp0IXn2HchoJfSqX0MZ1nxtsHHuLB7TNkI+EfAbdRtTUCv/NHiKeFVC4Ktj5',1489521496),(210,'/H+ZosSDOPGMFdFBqVB9N71f7qcmSkP4BiPSzFh+ud99XRO3iSpQAXkbKmCrjUMz',1489521721),(211,'AblQJlvpMkjVMTRL+W98ae9EkkM5QOBxP93uw1eUaMSO6CovUbLhS8prz60Frork',1489521795),(212,'4Sr+A49bpQfF7oSY4Uaof4KSaw/QbNHGsPQVQiGPJr8UK2kqpVH7gI8vbZGH7z9M',1489521803),(213,'XCTv0BGOAocaKD3hASrnlypSyAD4dZM73U9qwOxSj3xZCaQBh1YCw88XlD964fdO',1489521815),(214,'0uppeCQvYcXvWjf9bM26aO74qjLlLoE8dAj3DjHvhA9h9eG4Nrw+YT3f6DgqLhKJ',1489521853),(215,'99YQ8s5fmmHid+ob41OHmvwpmw9SKlthMpiwhKmafhECK5wF/Rjj0OCpEcUmsIKo',1489522218),(216,'abdir5j4GoMWlaSCw5cc1CD/HIz0qXq+zv4fvqmvZRidATLhopLWE/9OScWqb64y',1489522431),(217,'VbBUfDx5tTdMwELkg782k5Ctg8/qGSrEx6@OfcI4Y@KekrN1dyNIviNX8NIa2reK',1489522477),(218,'2hVvVqooQSp2Z+EUsuO3uBVcNaU1OeuNijaHdE+HSGoOV1sO8Nryny9Y4tPhttr9',1489522510),(219,'gAxbwDQipF2unHkA8@vzCGZw6fJRpuFVO2KB5IeR3IpVDTUvggWnhi84PWBx2Xrp',1489522541),(220,'QOst5A3KCAet8dTgoCUK4vYdbSaL3dffrSxUMmGJuYh5VX5XeQFvProB0Hxhi6Ho',1489522925),(221,'hLxhYYBMAu1pOEAZ3fOl5k5w8E@Eyf1i+PvlRAzT9lqqN5xwwESU5UqWpV+zsEQb',1489523158),(222,'2DxMVxCLCPRmKqFSzKVgRXA1o18zaJyf@02r1rDxEG3@3nzkt0hX2f3N4Vn7@tvT',1489523844),(223,'Ej@t/AGXSFaeFUZ+iL2PG4XzmIdt8qLz2EJdIOsd83WNMzl9B19rEu+mBFf6e/qa',1489643680),(224,'Z2wn0DOkXpyEemCBrppR4iCpUHnEWZjULe@n5@KTIJ0yAlyDmhJuk6TTFse3j7qo',1489524154),(225,'KcLaKq+1mNdHmAg4HU5mTir9Qvrqkecs/UpKcRubdGLA@f0I9ZWgD1V3VBz0E9@0',1489524382),(226,'GBzIW@kB5aJWVcAfHAR6sNP5LvGPAYS1q90vRXh5hB7WtNy8rTElY66wtFY1Uip+',1489524701),(227,'fu2uuf1VXbxJ76uR5SC5TrnDkocstjqPWnfIeFLHCC2R+it0JHv4Zxxo4Uo@1Oa2',1489524959),(228,'1o1GD4Ahba+4XOMFgaWFXgR6ffFS32BGXK2gQ+NgmVd58JbnyuwsdRCMNxSpkv2s',1489525780),(229,'Fgz2Pp3ue4ROMBCuLzv0QgfL4TJqrSSH2rYl3e6gh/5A0gsSGl@Kmu0HdJSLxuTg',1489526252),(230,'TtJ+IRuflbNH+k7vmPNVfT5d8QT/@Cd50nOEx6eMqPr+/Cso+C1pEVeFbq4N3dZ3',1489526164),(231,'i2EnTCTIJZSpsoWLnsL+FXG@wdGhVBF3kF0ojtaQAEWH5chpF@Z/ajfNnLpEl8nE',1489526564),(232,'U6zgx1cRgE5XPloyB+U6kTPqViuerz7Nia+bP1AecNfBylF@AMzcc2oYt@tpUuz3',1489527196),(233,'WuYzj5fX4Qn6vEw+paKGJ5Elp4DYUkSVlyJozH+VDq483Qz9pvOkblJ8ZYjRypUL',1489527916),(234,'KPAIPd1EaGLiHco3k1tfof75Rwt4qU+zpEbciW3z@rop61ng4Gd+aXf8ZSKBZ1+3',1489527966),(235,'zxSotx7r8g/@CAAV5KIihruIyu39o@jak0PR3UNT08enUp@7ODNGbMR5LJajinbb',1489528268),(236,'o9etOem+UJ2zRA64oMxvj+OZyRcykSj+n59saG5dkCBKK@e/RbKtkHo37dunlFlN',1489528934),(237,'88PHbVvjPEJape@DNPiVhjA2Rc9jWXkCtHUzkVMWrHSEPcx0W2z8RXyEjHFBKgxm',1489529045),(238,'eOoRpiwI2em0pKaBrSt+ZfmYrbJXCYum7h@LbErSDWVZ1Gec1/GVSMoJxllVcq3J',1489529225),(239,'cBEQ62thHaOdIJCftjA+cBl6YZf++NxKZOsAaAQ8Ttx4WEp7revlG+CDCUONjDWP',1489529837),(240,'o0JfduHiw6T0kf/fZUm1FB5LvWU2NBb1xDotxC9YIrj7CZU4nswZw+4HgXpjfmWV',1489530404),(241,'ssrZrz9MCqfbaJOmGvx2dYjfCVxk+KeJas/rLrP8NhOWDNhTosjLsidDitU69Xmq',1489530421),(242,'ZVpXDPQj11zRH2bNEZDbywNOGzYeuvb4OEG9mQh7yVg0gH93TTb@ESEt@aHliXQ@',1489530440),(243,'rDvpuWRkgimj/Lq7NCJm5oKcOP4EWJIPF3z5JkMCJOt7uc7mxoDZSNx79AiySvI2',1489530496),(244,'lYneJHloAnvQZphdYUOxOqGI1AR+9RC6Tf@YVF8yQqCkQnsH7sqb5mHlSj9ZHgrO',1489530556),(245,'SER7ARzAjKyxBFYDdRP2K+HUT5PXJqlP2Txs75sU6YefA6TRRkkaoMpMQ5cmh/eu',1489530662),(246,'We+wTtKS@XXimlZzexX4AQBHkp4XaL+pPn4zwXGEJbb2iTgiJtQlBUtASM/iJtcM',1489530722),(247,'IFbDQMra8jchh@8MtEF44+GDE1cdxdHGfzRrFWI0dES5X8/9wC5hIzp6DLVYiEZp',1489530737),(248,'6PvvCrEK5AYZ3ZsfLdWxNH1c3xSfWMU1OJfXNDqO/gKp0AAw/iWzxNunYmPdLVzS',1489530758),(249,'PQ4/xgAsw3f5bmMZnz8I02GmiiWxqLnSEckWyDn0/BfzhYi3caAfC8sSlcQ6pGEe',1489530823),(250,'vTyxWvbGW4rSk663W8Lynzu6Fl2IOjqVITkgXl1pmVR@vGBuwdA+rha26zLUeBHh',1489530933),(251,'+4uApHF@lQasRyeglPconaQ@YmECwbB2b/CdvkiPNyoJg8GmPZky2udFX9MGdfIF',1489530934),(252,'zrAP@4/cCMgi9JepEY7MeakYNWlDE4M2LFomQ/iOizsq9AP0E6rm+WmdVD7Qy9d4',1489531046),(253,'xc0rW7cOEiBFoO@PEfSbRw9pQWr+eVdfw3vf0i+WIFnOI9nq@ianK1VK9Hc//SPF',1489531677),(254,'3PgMXjcegnRMoxa1rZ24N/rodjqFpxK@PHMY9XLo/b0j/bv4GkPj@NAMTzAhalSl',1489531755),(255,'HdfcuHTZAk4Xq1vKdqogk+gfsF09pojztSSQm6WhqH3NAjpqn9N3rDdTEsL7Xke7',1489532105),(256,'1KAsWvfSbD8ybJ0+z7SptBl8OdLaBkcxMFGgWaAYxe/dyGn67l8J1Ikmv6KgchhS',1489532437),(257,'i9w/2JZrvTB2+@@9ahTSwe/yhjJzv15vJhC0inJ0j5jeLFt+ydgUTcnhsTtgqOZ2',1489532649),(258,'PoEIxtdp9OEEyOkdUjhU+HVGSn1DbxQB1VNbFU7ggrl/AeChbDoDnliktwiN0EzK',1489533352),(259,'k7MTemASMDX0Xnw@nET2BlMx1RmxY6iq2USShzUs3EedNJo@09BSHfj+kZjgccWh',1489533382),(260,'+6N@6kYziDRXsDO1XFeEmd41lln@m1HObLax1XFN29Ie/w0TBRyhaD@dZ8PyoGbt',1489533575),(261,'3YTvbXQ2H5LWWXhN2x27zvh0iitoFndA62goc0OzitbUWN7zju1@3tpi8ZE/6YUZ',1489533816),(262,'BOpFJ8EF@fdU2S0sR0qMpMBNEtxFvqt@XZluBGBMW/4gtI4VgZ6fucIjJpy4qiHA',1489534048),(263,'pBiAd5g73y9SZdCcFggO8u7zqQLDmuaazXFoGieb63w523HDornLNbq0s4z1CDrs',1489535375),(264,'DhgVAbyFF3i6a8o0BK58g/BccIAETKQkltlVqOmy4RIaaz+s3Awp5qUMKKWNMsr+',1489535452),(265,'0gjoEfNgVB4yhtKoMn5EeeamQGDobmwmNPOIrLRZykbQMy+O2aJNtEMSiCXHnqN5',1489535720),(266,'mHo5gjI+Qvah9zjjnC4NreyXabpBe4qDmkPlN@IB/UCfX3zH3dUBVODrDWAL7KLH',1489536388),(267,'3UKcKJIBV7y/VM+Ax5mr1lV/z+8oGIUiS9fGhFyJyKkZdVN8EQczG7zdPGNvdNyQ',1489536828),(268,'IizuKh+/tM67uWasc5pqFL6OlhGIoKuBmtHzclQ4gAmcK@BVHfI8mv0UWp1/vF61',1489536896),(269,'yRjJsxYpejUOFziEefAcSSikPeWVX@8l0cABCuo8oUCiu9logYx6anKD0+iK3KKi',1489537394),(270,'PH3bzO82H8ffvC/K0wvFl3F1EcRRWaDHMKyqtZoaFWEaPsfpTdYQw2Hi1Xn2dARV',1489537938),(271,'dr2cMdarOa6uqBXRtZoROHtHj/CtgTQD2i+uePLddRWn/6UdufpA7Q4z3KG/0jpm',1489538858),(272,'nutrVDlkGJD/dEf9dTPg9Ahn4X7tJle7wz3C4@ZyRBc@J@up@g3I/tTkB9Z7SZfI',1489538869),(273,'zFX6qusR7vq8jzFY4p+uVaQwn4b6umNob8Oiwb2Wi7Ysex+sITk74aKsXJ7SDY5B',1489539179),(274,'nZqeW3yhdIOo7ohjPJ/JyHQGtdKhysl5pyh3HmqPCyU3p2PxAZCzr6RNcbUGFLoR',1489539745),(275,'ppYUXUnF3DXT@xOu6OeCKJJseHUGxX2ObxvNi3FapAjOyzk5SUVJUkg2JwqBwq@j',1489540473),(276,'D2Rlp/yupxqKBq4oN5IXs5zmXMYuHExFbgLGnqxBxO7StLNPwOzq41dZw3mCt4C6',1489541701),(277,'H3udmrOdnAyyqkD0pXnlf9LabHgDDWwAeoHSruPs+JQsJbl3uXD9cNOz4fhb5DUv',1489542217),(278,'01Xz1TVK6VWe0n88PrSx4gWyBo8x13w8dn6tSFMfQ+G8C+fepRi5oveljAOZhudT',1489542433),(279,'JJ+43S1RunRHKIhd5kCImxm@gjJMhVD7E/NmQEBkcJuqRW3YZ2nkr8Pog@o7kUO+',1489543532),(280,'9nYkT5VqoJTwAJskRflAY12JN3NCVt0O0i6o2Q2u+zx8tuyrZ3cJzz2tKAcYYWSb',1489543663),(281,'XAfhe3GpZS@/ofxUZTP214dZllRKYxAr2q8fMlJgqQSB+XsuwDhcwvkeCI48wD8J',1489543887),(282,'4Y8lGQRBe8hfcI98UobLZLaY44HrYoxKtgLhakDD26X2j6hAkrxVsCIaZ3bFQ4zY',1489544252),(283,'YzZLXKYLv90e1u+nKUyfHB8BJggN62gFJ5ELRyygyPb1DobYg1mP1QaSs+J5vFnP',1489544482),(284,'YEC3IVhmUcJoqdNEFGtQN16a+od+nYMs4zjHpbZo/kDb+3w/8hqgdwdiAEJ8KIXj',1489544915),(285,'xHzueTN8Rz6QLdcURbyzVNNBo1JlZDWlRTqRUEW@1q2wMX8xNUgXJXTGR0V@DQyT',1489544931),(286,'5so6dwnXOQa1E8mGO3Swen2sqDko8YkLQT1DdU/WLIvTr8SAE0SOKpW2InBKXt4x',1489545467),(287,'lvCWCuySTCd@hQXSSbCKClmYlc6U0aBTWkpxEN6ITjZQQMGJ2YMtmhVCW6g3l+1l',1489545655),(288,'/aamzjiyJqLvm9uY9wdny/k3Oriq11ouGb0GZorIWYIoWocRVwibziqpWjUVIIIQ',1489545718),(289,'mv0TJVZkWkwAtc/0h9Hd9Qzu@jJv5SAGqIM0YTQ@JrBPg+IuQPQH+S9@Ka2P@Q0h',1489545763),(290,'sPsGtgFXM4AU/MrdoJ8EdNRjfopUo6VFKoV5c3y1dn9W@7m+KoBlhbhEBflXGHHo',1489545966),(291,'On8m70D44ZZ8IKfvp+oP@ru7QF9SEeg46hNJLx0nkOkU6Id0r3VEkLvZCnL0lVrw',1489546044),(292,'UZZKJAg/dKypWl6Xbh6QdpWukmioYCkcs8E8hL/OZwYN0ZhfE21dj4Nw9+TrYnC4',1489547055),(293,'yEmrxBJfXfp3SxvEoGUZ0CMpeQRb00gkLJPbaS9nEfZTdwZUvhIl48Z@kVd9sVcL',1489547200),(294,'AcDLz/umTm1e@qkzm1v/0SUyUCswsrPT227MUXNb+y1AlnCj6mUcqHCOAo3qFELX',1489547385),(295,'OB1UhNnvWjbPWaeY2@Hx9@7cqLIIY@H5v6XMnkGb@ZLaDfY40OhKyO72eHvCt7Ip',1489547949),(296,'TIHXKoz04s78Zyr0fJDlZbiRykLGtP3b@4wtvyY/c2w5Q7ZeWTa/HQrtoxSf80qV',1489548003),(297,'Ogzcvws9WdbEhcfwcVI1N4WTRVxe/QLCv/6N4o6onBiqfrT6oKT+Pxo9us3ALu7v',1489549952),(298,'zwBbf2gZZu+b+bQl5tDg6K9Qy5SP6USK0k0qiGcdhC2p1MZqTIOE3SfwJf5LUH@j',1489549970),(299,'@VX@I4xFc8NSFKCdU/wGXx8M/vHX5xr+yykceLx/9Pat8bqiv37SW24dyYwUioFw',1489550355),(300,'Gra/T9K7lmnB1JDXaLvZ84l+kLGUT7OBVZBAFcyUfWSRqN8xqeDvQMEAQTK4Kvda',1489550629),(301,'fCCe9nbUnq@dLJGlD7Y+VAPOv037TK5SBf42PfBgj/B5B/yoBR9TWvrq+91LfMO7',1489550641),(302,'at49OQE5g9IrLwGempHQKw9oTbXhC0bmo7j38Ces/cKD/vnW2LrXMPIdQtOxwUT7',1489551241),(303,'jcCWXRPJGrZq5Fuu4B4xDkiazEKmXmSY+c7r1yHuRDbdIfmox4v6onnOsdvZqYno',1489551369),(304,'JmxKtP0oClda8kVgFj+qUQ04pdX7HNWDz90Edc6wRxC+Y9owD9PqPJFYrG/PhLaV',1489551418),(305,'0BfZA7zgKupSI@uTQPxDfZm@JYzU2mMMcTZkGLPK6OOperDOWIKYobB/f53o+sFH',1489551746),(306,'DL0flF+Ccs2LnsyJD8zCSX9q2IQ9BIv0/2nSqG1DzAfs+ZHoN8ZCXGH@yFx/tTfP',1489552421),(307,'AGlb60Sl1nYA4Q9nuhjp9rLRwLLJhTORWKyFhx7kf3p@to3om06l@6Ns3nMYMXHC',1489552665),(308,'K4t83gt0YxkK9grwGWmQNqUE7ff/B75BrRIeSRkZwvcRV/dCjm@/TW0dADFCMXn1',1489552671),(309,'OsJYQf0Jx@JGdoSrqYWsg4y+6@tp/l+2m+lOP6qHO9x1SSMXf+lBB0515DkLRtFy',1489554644),(310,'zq4oluRtEK1uG55d8Uj9bNCmBbSleK6sa7WHtaV5+cuiDbOXtE5Ry4OU4mSkWCsw',1489554658),(311,'ziRkEvkcL7cOSpSp6Opk1WKQ5vOpl52/oXwE13EqA+3I4s9N3DKHkhCy8rI0SmhQ',1489555175),(312,'jY/vw7PADkD04LuI31MzjP3YBRZmsqkrYoEkX/I6GPMnHEabjb9HhTqGs5odtCQz',1489555990),(313,'NEbn@YgqHqHNAMPneakCqSnsDsgL@2u59tRojZdHlm1c4WP0+nG/WJRsGFQioFcN',1489556691),(314,'mRaCtU1+6hc/yxQeulffTKIZb+mGFczcCWbv12lMC6SzLNUCm1GKjr7hqir4JBOS',1489556709),(315,'3056zSXIS0uMoj@zZ9Fsy2eFUTV@c3VUqI2TySthlriHJZf7cOxdEC@MqXCiWxDn',1489557152),(316,'gNNMAHGwKblHpud+EgQEbk6MGncxhmTzI6tJGUW@h2VCsRjdISGJgPwCpkmNwsyK',1489557559),(317,'ZZQvB24PgGoYP3BewYT2k4Uc+qvvD6wBhdaav2Z9WsowZ5PVNJJCuCyr14pvEZqD',1489557661),(318,'8pHl36PpHERe+u1qb1Y9e+psaj5woKlMXFSZ6dCNobRt3EqEZ4tJSPF/5lfG8XFd',1489557872),(319,'Fn3Dw7hwwc1tT9lt1+/uI8OScLt4AkZfdW6KT/qMFZDNQ2FaO8w5iWOsyi775RN8',1489558124),(320,'Um7r9UqvhO2017yN4S6NFDefRnIZBmaOxxDPrbMFnhhyb8ouf/Uxb5JiG732+cOR',1489558622),(321,'9Czo+W4yiYtW2Uru9M@eFASGvd+prC3NcSp1xl+dDPkMNVfbd/D5NRRz+inDSrF@',1489559688),(322,'3Y@uU/399agfurkHyNIeOGUvvetfpiA749Re2oCi9CZDDVFRt4DRZ7E4qH03NyQe',1489561042),(323,'Yyo@Xz2HXGpJ7SBtCdEeo9iMaLyoTtpADMPqsFyFagvZE@Nj5Hio+n6xi/xjmCiw',1489563556),(324,'9wzVsaAk58QDfVX1nwqatLWoigfkMiGAZP2tqrWKRL/cH0yIwwwVr+mEwKofy8Vu',1489565974),(325,'',1489566245),(326,'32onK/JmymHXr193Q3w80WyOL7Ynii4a7+azlcA17lR+f2L3GFrXdWy8Mc+Jw537',1489566593),(327,'gbmXce/c9O99hBBPr3kUj31tgzRneFtHq1aYutHGY947u5v0qF7bAznZ@99LKvbz',1489567909),(328,'exmMPJ1b4Yig9ZZSp7n24hkfTGT2PoTH/7Nb054eFsS15p/vE3tiGPOIu7edPXq2',1489568518),(329,'m61v0w6MENVNqmXebEOtn7EGkwv/Y159W7hPTfno/EO+lUi4OdTfQEBX@RJ+Qo8S',1489569013),(330,'RmiLEGl50hME6BAlYMz5fNTJbdoujMqcAFlELJXBnIARfggXgl4AihgbOdyPiTH8',1489569200),(331,'7nnFSi49He@E6IragSIM27ZKdj@s3np+MiVAAsH66+sXiDuLFC8/BUcbQFsqzpP3',1489571735),(332,'xjPCHWM3XtL1SUKPHsqoarEdixLOfsKCEaxL0zHETyUR4/QP/3Ax0rdfDyOn8wet',1489572511),(333,'AlKPr1gKRvZWxl2WdNWf+p04CcOgHtI/rlHWAEEDtyeR9m9@I/cng7w@j4UqLsLc',1489573704),(334,'A83M+1uPdsHOlmbLZf4XrfKL+A+nB6R5HSBd3/CZA@b46+6B7F3tkdjj+cPjVs1T',1489575503),(335,'XH4jQSJGGle7GsMkJGn3ceSSIbHS3Uok7FZqNPpbBrwZP95ZA3Eqe5ngUOY8@LHT',1489576425),(336,'uR41RCw9MGkofhTl1TmjvRVpxfOirA7tffFpp9zHAr1@U/LZ2Usktwu3XP5Br7mG',1489576664),(337,'FIq@5U2P/GaYAstrC1RfnQo2uWr5ptRKK5jJ9KanZRquFUWFkzXRRFgyPriMeo+v',1489578251),(338,'ih01NcMaM7UXCk/BHqdhov7Ebv6oPh0q/gbisDARNTPIyv8U+rCA/iqodEDvJwg+',1489579080),(339,'ywUi7GZay/tc3rKUnZnoKA0nitjP2Zx15bh2wI2f18L7zpJ1rqgeL6pqUbUr7abJ',1489580085),(340,'MpNiraXN40p9uTooDI0Jea0JEAq1/vpgN+Cn+asaRz9SeE0dLUmCM73ZlfP3c7sb',1489580592),(341,'6jn+PtTWuM@+L5dR5iPBo8YEcZogbH0yEfVi87X2oaXdC/De8YMqJtWiqR3nl/AR',1489580635),(342,'SNJdyTmW90gloAL/xPspsBcqBhp6nZFdHvpnuUkghegjeY+Dgxqbiev03uoednSL',1489580663),(343,'XpwK4/pbp/0cN8944G@6mnnpaURVm9XTZy0KHoXmU/0K+wRIcC1oSoFOQafbqOsl',1489580737),(344,'voiPo8LyFWw@hrQfhO7L3uUKgXH1egYXJa9hyY+bDTJlhNJOc44AlUJIzWMBo0mY',1489580767),(345,'HOtRJoXffxfdifdU0CM0QEtHKTFr3uJsOCUDmXQ4JdoNO4IoAzi3vzy/sZW6L@sw',1489580927),(346,'1Z5flhd@TfypTKtY+gvxyQLRvY6yAbN2NiVRQ@hBTPa3pOkPKs@yW6MwCJnvLNlu',1489581160),(347,'taw/upY97VeOCiGJEZIIJukQdF2V/jXFjdKgRa8DuJquhtVvTLOk78JpKbr4PVFh',1489581630),(348,'3LgU7f295so5EJU2g2t@TkTogrwbpOCdA+7ROtDIukgjp65qf9uh68/7QkF7LUaE',1489582401),(349,'E7zf2SNdwh+y8WpUSH2jQlcX0zD@gOdJuLLhYwnf2plrKTn1hVmJmvBqQU7NRKgf',1489583510),(350,'w6AR9lRROZv6QPZGkTxZu+bSojEhxrtNN3gDWHYeKX8ArAj@eAki/l0alfOouXVy',1489583701),(351,'M+SidUaQKULCpNQfwHKIQcdJz57Niix2l@s+0bs7o2175@CO@6Ju4FZ3ROIqpGd0',1489584578),(352,'7yl4/sV/x0MCXyi/R7@Xlp@+ITur03PczGH7ukB/kJqHaP6STttz0//A845dnpap',1489585066),(353,'PPluVCgqu/Tw@Uc8aCDr+ImOF9@6L9ST@GdkC42yOG@mtBD9IMSJ2D/5kG3r1z1F',1489585656),(354,'amdsExhKR@jT1tUpwcoE8Ch3jrPnlpJaKVqi99goozslBxBEEnS/Lt@3KrBOCHNR',1489585881),(355,'25PVzRxXVtcgVr5H9QOLLb28npV8+7hlhQDJMyG9E1mv@3zQUjYGz@g7xkNXtNts',1489586081),(356,'yjCb6oPfqx5w1BHxIWUlHokjs5l88C31MnVT20uUKO2fhoTQQtTNXOOtm@TRBIW8',1489586200),(357,'gm+BBv9ppujq4qe6djdo@kV6EXJ6JsvyFv3FWrJq70ds446CP8lJqve@ZTM8oEk/',1489586409),(358,'3WXBg/N/Hotv1x5JVwiJTkYWVf6k3W/aSQH2xA1PYs1/7w/wRKLzPuEsp54jqFhQ',1489586493),(359,'7MRsrxz@1KuNpIx4oU1pRWrNTE8fr2NskwASs3orQ@jAh@L35v80i6ZvcwCWUytu',1489588569),(360,'wNi2Wc4vYB+25pL7uMK2XNj1EjaU+6jnRr8+c28a9H2DqobqRoi4gd@kuLWNh/ry',1489586845),(361,'aHQo3Ns+zKW@5wZQIQ1kewGjkQhtiAblQE@nHErqTqVj0c3sscNRVIqkKlLVuhDN',1489587291),(362,'onwdoYbWB6nJ/LkTtOmPFayanztGJnIoMVr+tga7CRcfdHfcmXAsXno9AQmyDv4e',1489587571),(363,'Ek6eoW2lU68yUzfQAwH+oHU7YMh0EYNrV3imRpJWJ8l7Qt8Gj6okQj/s+y8UMloI',1489588605),(364,'jD/bwvfndknnGwQvxmer9XikiugKOIxKtKQa8fMs6eXgI7R9aIl11lkuKPcXy4Vr',1489588894),(365,'0kHAgRPQNEfwP763HgFqxPhBPLkv5jVJPi9loIscL7R0O4mOGcLdB+g@k+HExTix',1489588903),(366,'JanU2EudPxu4b2i+6i@6D6OITl8btrAWyaBr79AsdbIWNB/hDX2P7avPcR1h2shU',1489588963),(367,'Ymzo@1YRTnP8yssx7paBYEgPeo13sbJkeraqdl3Zm9TCeVwjMWw+AO+@MclLtdd5',1489589303),(368,'ptUmXaTLUYunvv/bddU0mZ+VAj727oHCJuwTU1lY4d9D+88ViCe/0iWHlu7BSTtB',1489590414),(369,'TW/Xcia2b3SfQgoB7C5ahNio5B6fK3jQrdTShtkGhvoaehd@l@baqawslfXM4laR',1489590939),(370,'OXsPT13zDFTJ4akbZL1V0fKdQKfxIUu8Cb1nPpMuaznGmWtDMsGjS0Kx1jZYEwdm',1489591548),(371,'nShDzFz7f4hDXpF/EaCoJMsY5qU6R9JIlhtThITMPBTibT0Mzzmqk8NDP3CNbaxi',1489591660),(372,'ilPV1O1hzPQoSpPYNexlydpwsJyAg6f@aKOJ@e4O6nzbnfkHbjwJT3OHcqHJP8oG',1489591742),(373,'GipdWYeEFM2nvsQdG76VkMQLxRMyTpbTHRkrzaFBCr8@zYZHjgfHfLI6zbxuk47i',1489591768),(374,'JVfqvtje6HdBHsyy5rZzw5HmDhd4A1ti7CEWT@@ioHT5n1nb4G+rcQyLCfCwQDfA',1489591844),(375,'fKjmUJ/wYCF@xTwBPXYtJk@YrRXU@8AADaeN3XUKi3lQ0HImOGhNVfMTAH@fin7R',1489591887),(376,'wXnhdsR8anFrlF0Vwnvp9lDdXV/UhJFdTwOeP4hHCS+3XYwyJJD5igHuYP56lf@@',1489592463),(377,'mJJ4FUP3jAqFyZy2/t3aDij5d+PQj5vLVJXwirsoKfK6ypatck583KaQEljGLr0m',1489592597),(378,'6AIzg0cDJakHtpeV4a3YH7zAo1m5KfaEhHiKG74gm2JR7ow2IdYijCM3mctqFZoK',1489592867),(379,'L0E1kCmTvNWtuJAnQxmLnsnvwgrMJzM8DBzSjV+YveDgIyZ5AvdImoxd@8Mkw01E',1489592938),(380,'P@5hV9hHxfrSo/iNcx9w0yVXGXMFujsRKp5++6@GeG9a@JxT8RtXK+tuyivgnLvF',1489593020),(381,'JufojnP9K9vnQDX@kWamwNerrqXB1jL3uttxVIpTpLzvfnnmy6SrKak9/P@Z3WbY',1489593170),(382,'Aw5@WE2fbDsEM1YrXsYSlZvPlBLQ0LW36nDS+BNdnNWH7sXo0yJN/IbB4Qv6aXE2',1489593222),(383,'K4CYyUaVqIN7TMAEXoPtikN9cDnWnwqSEv457GHKgImrcnzz42rlPHu9s@vNqeqf',1489593419),(384,'NAdZ1yhIwvHMqlHPQrlULZZLPJ7z+PZ+HyLsiB6wRmDKF79y3HgWQR+tSi8y/ij@',1489593971),(385,'tZ@@iqi9qxKeQLXBRswDA2biggEYHnZp6z94i7V3Zw03R29NsW+ZO6PcR0WGbScf',1489595923),(386,'meEQG77CUxrPIq54GDxc8190+VxQZtvcEh8sLq8Yzp7wzoccichoqcC1iZy3ZMP8',1489596214),(387,'7hK2GpCUWTTyxA9V5CyJPzfSWTU@m9pmc37ffIta+TCV0J5xjzJG8F62N7bcyZyN',1489596252),(388,'H+BupVI@IZGD8CH4VrXZ3fZkB@EAgz@Nhb@SylX0Cu5PX@BGi+z1Sk9Hkn1BoAG+',1489596346),(389,'c4hhJMf91QayqJIRaUXNjzOyZeAP0KvkGoLKCxhBPSyiAxuwKaVvvcWfmofH/JSD',1489596711),(390,'6lcUg1Fdfg8R/2nykbXeL/QtY0rUDKP8iIEYANX9XYxBalgAVJetUOMOfljGGLRt',1489597843),(391,'v/3wypOmhWbtN5J04ExMzXBdQSYkgF/I7VeFfp/UNAITxiGY6is7OzGQH7IGYZAB',1489597973),(392,'p3coEQQaaNBZPRnUJ9Dh9t4RURwIIhYzUuyMYzVH1isGP6dmnycpRi6wKZwar7HD',1489598328),(393,'93b/YEdCOAv1fe+EpUsO7/kKUkIE3PGgT757sNxXCDJjBenmqajKRNQpdEg3VpnA',1489598612),(394,'sqMBpw6E8qWG7NIOwgaWzeddkLOahQAsNvbFALeqwNVBi9Okte4IXIebpiMmxBtL',1489599166),(395,'ppRL9MW1g60sxycxTksuLN7gYmsDu8l85w74cROMFW48GzlnwCuCGCoU8FTdFrB0',1489599248),(396,'qnfEEQsuqiRzNurjRK4Cwm+SiE/c0Pbn8iRRrrOI6c4cnbCiOUs/hgivMoe/ACBt',1489599405),(397,'SeFHJtniHGV/PjV4XMZu6T+kYhyo9Rr+GJxfm1nLU/WnE+FOQFpNPa@mSrfzQYOp',1489599666),(398,'rp3JxpSgcRV9SkMyn3cohBnNu2zi/d/BJugKabARgoR@jF+VLixVAoF3tpYG0A1v',1489600543),(399,'cq5pOsz2OzfF9sE4+XaOPKypJU6GXFkZAC9lXAsAKmIG0ubHkD1ze0gA/@OfTSX3',1489600903),(400,'rRshWQk6/y9djA4fnvu+GbB/5Jctxq0aTHfNVgvrznhQ@H7Vz5p@2w+bQ+dKC4sJ',1489601097),(401,'QevgXde4MbYshru2yLWXa6+lT8s5DMykhnJP4zO5m/LVFW6w9qHPj8Vy@W1TP7pD',1489601637),(402,'+zOGM6YmaJnxlv/4HlAdTrnmSmAG2miyFyKg+XP3ABFWdoScvKRbWQnhECr4Rypl',1489602292),(403,'TR3d751kSazuTkj74HcTwAMDsSDG4oIS0q+m6i/5+ESkZcrgS6fOK6mVRhoC+XQ@',1489602788),(404,'ZVnuczDB+L2T60wOaz817nnYK9rtrg3ZASDPUnJTxc23+hS@3yeJAJilP2Soft6c',1489603207),(405,'jF/hbrsMRWTfaraCTggB1s0um5ft+0vBirkTpUnaLy1nQ3X@ihD/TfB6Twv/DhfZ',1489603714),(406,'Yktctec+pew@s6QYazLzHCTlxq1/9O3@50tcT9KrLIe6MIbXSHYuFtI6@Oo2g3G6',1489604385),(407,'whlNWiNDJp5wlYs2u/4wzHbU/@pPx9QSqJrS8wT4Q0MVufO9JEeMRalc0wnunQh7',1489604822),(408,'vjos4260Uc3JVpDg/3xFuOnTW@QW41IlTG0Y@ujq/Smf4UjuR4qGpk1bHiCiKUuT',1489604834),(409,'4ivZHSuP6Vb0RSxrpbeVmnOdyWNnsnRMwRuKgPPs2pvb@jXpruYGa6ucWl6H2YSx',1489605338),(410,'fKd044vb+4gr@GYuDT22WrDs70Tfi7WkCz9ykDzXV6KFQJmXQynTG8n63IbqR9NY',1489605975),(411,'ZOGsjaNJo/dzs5Rr4nC+cdC@mMw+SfzP@3+GwKD2DY4D9IWMn4FT3SPxgVVjzM+2',1489606162),(412,'XZY4k5v/gdl2MN+J8I5NMK5GfSbrvq84Wf1lUVrKeUtxrN3kxD9vb90dkAlArkWz',1489606434),(413,'mVOrahMfwkXbhi6xG6bGJvi@VWj1xswapAUMBaluZSHs+C+6etcRaABJB7v1HHj2',1489606538),(414,'Og56RnzoixPlY@BTG7E/2ZLZq+iDxa2J7901zeyGp0D05GnFNaMBH2PzttrIRwFU',1489607716),(415,'GjGz7LVl0JYED7jj399@0OrYsVcxa1158xJALigIWd4yX@6yRtBpoCK9dVEV4jri',1489608005),(416,'LmVcLxKvydvRFzbK0oMaGtdnfksRgyJb1ZGFHHdZys/QzpupH+BHEJKol3YceZo2',1489608206),(417,'I@7HGxg8MOIt378Kd65dO+nKarMFrY+1L0l+TUVnMMRulsy@N4PiHPIhcThKFGEP',1489608720),(418,'3HTskb@hCkWJhpJY2bS@jU3721@AgEVWdBUrX@7OemHHjEqWOQ6zYBFu/A0@PLW4',1489609000),(419,'vzeoN@qFQDbog2WpT5q5bgPxiVM7@f0prBTGN43cgmg9q6b8oVS04v9sd4xgygB4',1489609273),(420,'MVTck3FNsFYYBm9EZ9p3viCqsgAI1WPNreU5ckVl4qJZGeXrOdI5BJKa2vM3m+kI',1489609530),(421,'qtt0rYGaYopy3UFPAHpc083MPxTC3TmiGZlyGviBaT2UiIdCY5HOZ9wQrdKmAY8n',1489611207),(422,'IthyVcjRs8WTqky4mDcxYHqZomgxqR0R8rLwIXV7/lmVuP6SYmcdvwY9yJRAJzgK',1489611404),(423,'BbyrPPVliMF5RkKMIDk+hiSHmvxYP49FPg3Y9kCO7wAlWMSca4RLpB8d+mko8aFO',1489611727),(424,'KmbIKIWs2F9KidwheHSPLy9vJCvpHPf@g5RYB/jh7VU@J2HQOYHvc81+CZpFr1z8',1489614594),(425,'cgNjaOPh2yltxa@HJ13QD@o@K78ILgzHMAiYXDwN3LwxK6NVYP9KXC1UstMxadFC',1489613692),(426,'NVj/NyG4Awg5rVh4if5dStG4rWj@Mto6wnjUDMFbVmOTEdmtn0mL/C4fnAaPmRFU',1489613799),(427,'@yX1VkbnFx2zW0UjXaNLc3PxZCemec9/SSPkF6DhIAV4lIssv+raCAU@GU1gmj3U',1489615163),(428,'hgdEcGfhwo3c4kesNlTd+JPfk2b9RJVHMPO9GGBFCTFn9gFxF4l@ac1TO@toYwMB',1489615194),(429,'CeOi@vDVzk19fszPBGdRsE7xXrfGZdf7GrIyZ6152qvKoY5JSTS3dDi/Qyr4zxaW',1489615651),(430,'@TyZgtPeirIZ7dttrWxpp8nInznytOdXX1kAvQ2WckOtvaM/QdzaQ9zjhSXrZ0Hk',1489615932),(431,'gF+gMMyZ4Ol4FmNg1aSlYr74mGHnzUtTG8GrjxEIrjrC5KmpFK2G9vu2Er4plNgT',1489617351),(432,'8TEPtu98FaszsQC4qH+gkpXAPCvk9EjLpoLY5PtO5TcrNvA7GqeeDys3kzKFgseH',1489617480),(433,'0UwRjn9jbJ+kYi6KIr4UK1N4lnDA+MAzSEL/VHTi2@2QkrDFTt+xGY6XEXWyqP5F',1489617700),(434,'WS/12LyAJzT4P3KHBs3DezvrNRuZXMKYeZa30rQg6slVoAnezAr1jgLZNUgCEU@u',1489617701),(435,'lJWN3O+No7e1otz1D90rlGIBWIPctSyKL3Y+@ut+pZ9h593+8xuRvjkokVXB2jzQ',1489617704),(436,'ERmqh93SEUGWPjPlost48jHktvSM2VnPyrykYthcaid3sTtuz@KXYT/I10G@Mb0O',1489619550),(437,'7kR58s8SzM+ZwkaF5NuNBlmYr0z+UYi0tbxSFL+LvM6FhoeGyeGMfJ38phwqdfDP',1489619932),(438,'V5P3dq5TgeOP8xXIE+aw8NWICG8KD@GjMYbRk8PANjjIQE6vSYfAPcr6F3G8jZQv',1489621095),(439,'Q9/jNw8jDggy2sCqrMvCs4RsXzGGLIVGbfnvZvjNqMEPeIBiRKgsRpHhtowcfTeo',1489621589),(440,'gSJt0H9o+l48CbAyxQ8Tw/2VmJ2o61rkfMmTSNN1+k5iS4VwI819uDATOS98Mlpw',1489622442),(441,'Sa/DM3OOTfNMkeyU3DeXoYN6FdbhVqKjKR+O/doigaYTgctdamz0KkOgPdiBRgtw',1489622776),(442,'FQrd3FKFbv5vxA0Khz68fbcyRcaB5BvJk1FLS8LPb2QwfORiT0Q2X6mD1aDoZ9yP',1489627031),(443,'sQN@fAOodFmCS5rjvbm0ivvqCvcHJbKyEck2O3UfXE6Xjx@291AN+DJLuUmQ2MKb',1489627098),(444,'hfVM+0rkTQ7VFxxSxpgi1vlOc6mjhP1mgqgVzEyzqn1vyTaXpnHo0amfeK2N2FoF',1489628119),(445,'yT@WyxE1EioF+CFoSbVpPHKlOfRMRJqO6Qo6oyg3y+NEKvRFBzHnAnoSJp5SRhCB',1489630819),(446,'k1@yy@KN0STWn8P6JM0MdH7AJQUzC5AQD7XsbZkYI4vi9QGV5jDoAGEY+OtW2AHN',1489631768),(447,'JiHFUIyYyWB1XBtWOXJ6cpGOU+n/6PWAdHBtrco/cejbJppHe5+nmhb5nk31uSsL',1489633658),(448,'xj8wAUOYvF71mn2Jsr8PGvalb6lg0qktITih/t6ahiu9xhUWSHnIsSG2@XeUdAci',1489633870),(449,'zeRACRkCyoyiMuI36AdqGWR0QTtp7uzSnO/RX5Kum@TRYwSBje/K5P+yKrz1VEP8',1489634323),(450,'YShttnR8zrhDgfuLJ/KsP/S/4L@uleU1@QwASZfGqBY288FUYX7IusWGGjLElNiQ',1489638688),(451,'YzzNwL6@omyhaRDths0fUIj9LR9ar+G@YnGEgnro4uGk+La153oPzmd8C9W5QSTM',1489640880),(452,'6OJWUaHMN8gj/N@IsrrdAjwVK7U/ge426ID1ctIe/wWpVyp@DFePo/AwmM7BAtH2',1489650763),(453,'ZIEaKY65os+xJwjEswasXDrw+Tse8m3@Db9t9oPsekTWEou3KFH4mzeCJa3xDnhP',1489655246),(454,'7AIlIzWM1GEqrLRvRcCogg22sycobXlQSQBsBnHAd4g6vfH1dCni4IepfakmghKA',1489655873),(455,'miLJLOp0wNQxrULki5DMeBeMk7tT3Nm4O4tmN3F+v3BZcOeM0/jKkIkt3+nYyv4E',1489658839),(456,'B/@9lnmLwWXCJbLhT0ZsNDwpYVwbu+zVJyY+ghMYDbaKBLtLby8Aka1UKJJxgixs',1489660707),(457,'JI/X1k@cxNzGgSNfZZThNL/YqA3gfes3GgLvYHbgP@oacJOE1+ZwG2wjdRaxeI52',1489662817),(458,'phmwyf3+BDT@ErGSYJkHZL+X7AncZzzl0vZ7xLk9IXxUsZmZVxJ@@OLNaj/Kws@y',1489663546),(459,'QQHZIQoWVbt6ad+VVDXVE5it1+RC@1aF05sJNMM8fl8yid24ru6aJ02Q/chEoGYS',1489663805),(460,'fkbNiAhHir+CW@JY2RQhNix336t1sWS8OQ6hyu/DcDE1/3oHga9x3cdleWcbMUyS',1489665354),(461,'u2ZwB3WJ3QI6vaO2KmOL76R@YPOfxkFA6BmWqXEK1li0YxKxiJCRN7kIHzwc76WM',1489665439),(462,'jHpqgiym1s3@Yfgul2Br@5zgSEU0FqRfzupcq46WOmFJVDdFB9IxiUOSs4hn083c',1489665934),(463,'I5MIMV3rDrTDoQe5MPFF9z4/mRLFN1K0qrcovZWej0wTuT8IYeQSnQQulaL2yuA7',1489670938),(464,'Swb2sr4XP2HES4WbCgeL4NeBqNOfq+dXOO1CkCDjKX9LGYsu6Dew1za7hLYfORb6',1489673495),(465,'XsaRqLV4+gULjfJuwxmCW9EekhNPul8jGe@la26U+qgg1hxf6rDP1e4/g3vjPp6r',1489673720),(466,'NptK0L+2ihjXDfhAEUm9TPELlpuXc4voBmYtvtveWNmcM/bAXhYCXmbE2NrAqUzD',1489674134),(467,'0KBw4ErYN8Te+gnUGXhfhln8SbSMqgMAj1E2/Vi7yiyk5S+RS8bNmlZOHSeNozBT',1489674604),(468,'JyX0tIeNayVDpUrGxMUy3sG69FbTfJ9POwxeMs6h+zoJX64XAD2E5VCJ2UgHBNyu',1489677506),(469,'8T9CMvxVP/FOPafVGCB7DY3ZV/6vJ3oR3BmsSO@kUZRn4mM5bx3yMIF5s8CyPFEU',1489679616),(470,'m7w6zSyNq46IgaxTQ4hF1L1Rh+8X65k/tyfggmn/WEYB/ZBq8mu4XYdX13OJLFMZ',1489682803),(471,'Y06KOmWd4L8q+P7q6Po25oActQAqE6nKTr2kqLqpUO6nwMmyds5Qse2UuIgR5WTw',1489685102),(472,'HzaSu5e5HML3cmoz2qZRvKN10tC6otpO@EUeswUAM8DznPniQsxxrgGTfQCznVzb',1489685997),(473,'asSjsZbKLvATjxVP+PkHirnpOthm5L6QR9nm@Z@58AH9pi5JYzbb25NBLp0iQdQs',1489689445),(474,'nm@g+Y+xjfPf7lE8DWX7UyVbX@YVheMMV1r/mWbftVzIVdBxcL6hty1j14MsU+oc',1489690463),(475,'27v9OM9I9Azngn5jF1/aXPlQxXCuJEUf7eXtYCUzFPeIgwfClaGIyUO5GGVxdIFb',1489691421),(476,'roRmyE3FmwbZa3kUSfiRileHJCk3vUWpQZFL4ZY@zwEZ5L04r4JV98Ezkgc@0zn/',1489691768),(477,'4DrxpT0+vrYcx0Dyrn7Qn@ms6We7Q3nvX4zYlaMF8@H8haH7G+Bpau@CAkp0@Ne9',1489692072),(478,'fVLE7zFk/lvWs79gOejQxU8H@uvfxER+btnYqN0xcRxZ9K@wMRqLavENPN4fVD1b',1489693411),(479,'wGa8Hq8qN3hOk4Hr9auIVM+BIlgDvxal67BEpDwyXBKf@vFDFVR@TnRJU4IznAY9',1489694204),(480,'1VUIpYwdGm/pKP1xSwvpMpbMt3BJKekEEVNEBbBQJVtC@Yq4m3G8OXzrtzSF8cbi',1489695027),(481,'@u@pYbqB+s5mRLXKLO1Bsi+S3nG/4g2VRVZUu+WHCPE1l31bSnChioF4iU4QafEq',1489695110),(482,'7vIZ7JuUZv3wWEAKYdVr7vbXt1Pj1nXyq0mZcI3fpoqniVOKdwYm4u5NdupXIFlI',1489700593),(483,'tAOLV1+h7J5Hb2jJySr+fFUIv+x6oC5KFgVA1f1tsfOPI100Fj@cbEmpc3rs4T7I',1489703553),(484,'mbjgDTZSYu/qXnVJsfXVoTWaufGbasNGUPB2Og6IDhyekdei/xGh0ugNhTHISgBK',1489704045),(485,'cvFv@MG18JCBGwh0aqK/9UfRwNBC3NCiC3CpZTY0+ipVkFZnWa0HVq/RIuEf/Rjw',1489704169),(486,'AheA7ewKMHuIXWIfFQmV15WpFrkeZSeWmKitjXOhgya7X6lCuc5BeZ1SeC6iV+6i',1489705334),(487,'v56wqpxj@t1GmTxLwzmENMZfppIXrsA6lJjclar98u5ryk7@mCAUIIpGW78W2CjM',1489708468),(488,'jf3tsfw6dSx4z12nu/YjzUVH@AtV1JKkXdom5LYQpsbN9FzCDQ@4fpOMey@b@CD3',1489710061),(489,'Q5vnAxUTuXuTgD@PIFtIHD0KbRLrRC@U7Nnly5ytJxhB68ZsyThXVoHsLgciPRzc',1489710547),(490,'CRbmVUoflDg36u8LtbpWg3aY8LQp9CAD1X4P692HH8qF9laImP3B+tV8gEi9Ka6@',1489713771),(491,'bS/5ZcP2Jq3CLNnOJg+dREJxkF2/2x2Bqcu4CWQZDcw+AhJlIkdjKHWXFiW@JzG0',1489715036),(492,'RvkOa+l1CIQI@DnR8oh8103YNeca20nCxeTD+sXKt@zTTdDTTq26kr8jg8ZROT+l',1489716747),(493,'2KSLrfY/dtQlbQCPc7FzYZ4zRUkwO@8HzIE0Sde1mdL+Ej+Rke//gZl5DzQHF7f0',1489717454),(494,'XtkI+X1kTDG/Se4xLzBeXtzMZxB/r5CyU4IWFIcPwSW7OnxGI5atVhShZ88i/klM',1489722337),(495,'e2kjLP8HF4QlHJ+a@Cq4Yym9/xz8R1CWrXu+tI+3NgB42XOTJQpDqZcuO@a3JFRP',1489726826),(496,'xcYNVnTo7i1FokZ0A9IxwQGuogz5M9Pz9A1t1XCWZ/v+VAv+96njusAtmgrlTwER',1489727527),(497,'aI0msnJpkrFne@3fCDXjzcwG9yzvizhkt+C@P4wy+11HlnqNceYHs4zU6n2Aijh2',1489729497),(498,'+NSCzj9toVd7hRwiPVBfwLnXsr72d7Qxmg4x2IR/NT+ID06SoWr3hApsebZnu3a7',1503839927),(499,'Gqi6VWhHUiRm@6LWcUSlIHGL4zN14eRN7ktILd7NrmRwApS/@b05KiYO175rd@Tx',1489732020),(500,'71xirqQPUiJjau1DBCFSgEuLJxqXr6JO/XRWWRrLbIkeLNpwycGxHkNY@LlNubYs',1489737704),(501,'9P+@@WjrV96B4XaxyKEKz+5eCIKkHkx8+1GtJ@H3q8alkUeKL9rmwafRbtFCQf9I',1489736591),(502,'oaXfp9ZmtCy/CQtQtPddlZZE5ajklbUIV@h4V5MMx9D18w+ibgtBLW5q5Vh/s1B6',1489744650),(503,'aNs@qP98SKfflpZDjqG5DiSK@yzqceyRjLGRH8y/XVQvAxvkbUEPzn2oLE+T/v4P',1489748654),(504,'GASWVcGKuXusZA4HtsqZfUujbzyf6Qbyueqdl56Kgcx9bedfggRydxmN7mZHx2+7',1489749893),(505,'IcM/Z/owqWMqPdqr4SneQKnN5LjS/5VIACvMDggD+o3r3Z@Qhd/754eme8mrx5yg',1497802053),(506,'rdwguZfYfMUq13G8bAdt95oZd53y5GoXezqjUgjUvqD1@HpNDGjjmEGHeO4ISC7i',1489753186),(507,'zuK6O7FoMz4AvZ89vc9Apevej9rNMe@W0RJoW1csy8c/WIenJaTsJWeuF5@+zvJY',1489756006),(508,'0f9d5pC7a9aKy64n1U7jBm@N6MpmmjjWt8jXUg05Iq@f/Kyvy3BlJr9LK0YB801h',1489764891),(509,'idvCns32LoGHaIFbSZ2yoLvC/kOmaiuedLWCaM6pA9FH@UjUuuQrD4UYZp7s52WI',1489764983),(510,'SEJt3xMWtPnXlWS8jEdWyNJxtB/RC7XpWtIkZ47PcnOdcGn7NDjAGhubR/ykEJpN',1489766524),(511,'zUR1IcIej4DCiyka1SiAXQmGda77ET0bXulQ2rD4WST0/IigL73GMRslSRbLEigZ',1489767011),(512,'Bv647vBVoANCH2QF5FDdCxjiYrWl9mtU0bIaZYoJyOmupA9W@3Xt/U4u1RHKpLy9',1489769852),(513,'VwnqRQySGV/2AnkWuVGbCw+FjCttEEhltb3sUgqEn14vI34HLgoCYmpwfAxUojUU',1489770736),(514,'ZhROUeVkaxHC+QSQ7MsiTIOX4mawjVaXIjBuFPLlee/Za0Q76WjGj5gCOMXZn8ZU',1489771530),(515,'xUFCRlk6p8RamQNy2/geqzGRRnG8FShhH6LcNSIvt+pfmDxz8yd1Rcq/mI5MPhjN',1489773550),(516,'QAMXess7xrOJ0akjBwO2cp5eYC@dQZ1HR4psVJ/mT8IcCk82qrH5NQnZj7FKEWpQ',1489774022),(517,'k5yjtfHabry4hae/fY9jAzgSDr7ya0ZI6upcBlAafsAm59xC8hhK6uHSd@Y+HKfQ',1489774824),(518,'SOWbqksS0aP1PX3uRc@eYLenZlhYoQVHP4atxltwMwUGYAyDkbDLJA+3uk3oKiIv',1489775313),(519,'b8wlXcrlwWk/5Ees7wZ66RbmfZdW8vjB7BFS6r0qCU6UgS@/VF5P@DxRRkVWT3B2',1489778402),(520,'4JQj1/LjT1NDlsHy8YvjlCacA+4XUDi2mFUfdiimD4KrCKlLxzLFS49nToF6D3xk',1489778684),(521,'NAE2TECczJ4pmxQeqGyJVM@D5Uh2H7Xju8OOA3Ox3A@BSBRemQxPs+LpVQM5AHUR',1489781966),(522,'pjzeA+fcbhBNvB4hfcYsaPoEnzbit9WgRX@ZG53KmRaZy6n6sZHdJ2A7SqfSKX/@',1489789344),(523,'cFAU0pwogIPDWq5h9/54AM4S@OKnmQZjE91iwmq9dOuWtg+zYRsZi35o5E2ac2SA',1489791431),(524,'ZY2ZJw/cMBeY7cMKEvyqmlcdnMhzp47Y+a50e8pDVRYgoGUHshPLV2LuGjaOVgwW',1489796248),(525,'+HIei4h@wkhBKQ9FzjcIIMjZ5WtuEd2BtslVBcHwWp6QzZPk6E5xI4spkvTkWaM/',1489810252),(526,'nnp4BpHOVzyTabnPdDGA7foRWBt3cjZsckxihf/bfW8mR695D3+m6N@kB/2cm/5X',1489826649),(527,'QhPR+p/eOf6ScQy9Ki8zk8BZFcxoMe9Ko@UUUAOiOrgcDmNzoRlko8Fbo6k+4NzV',1496739570),(528,'GBOD2aKLRxizVuWPZr@5buXI5/jPfJ@vJS1ngpXg+K1TMTovRIgQiAuLL7nEHaXb',1489828653),(529,'Y2OkYFkNttUeJUpcFTt1zIkWZJuc//O2@@a2WkJHFrSXZ0yhPJng/j+VFIdVtohA',1489848226),(530,'j27DISGOwaiRf8kwHzVlGvh@I5mGlfBdbtQzfezRI+klYY@n1h5DxFH4I/MCEnGU',1489848697),(531,'Bc2V5uxk@A6HgSUp9gu6RPw/twk+ZkgMV+JtYCdRTPYE2K96Sp7zl/vRuKZTnXqq',1489852383),(532,'GNXUKGyUJHVxnZBSnzdOa0uXWN7f8sOD254bFyXN+vADnKjtys5GeRS8qCBs2dVx',1489860567),(533,'DLmi7pDEY290xyYL7sO0ACqzGSn5HZ0V1PO4Sq5kykAOe+Va4nsU3TxW9Or6ng88',1489861979),(534,'TiCcIRVyAfabCgxSb0wFdO/HIiOoufvkPBJ1lhGrVEhFf+M4iLWcProzF6nru0os',1489866052),(535,'DfE+5CADyNFa9k/XtcB+nftrbjAqxOUXs6wVxGD/Sj1JSpQPSmtjvBvGt+i5B@J1',1489866885),(536,'lnPnXyYBXzJfGsX78oA5/PCv6S1Lc2IvQ/fuXS1YRCT7XfLdPsKtqrMLIUQlviUo',1489867741),(537,'QbZFvt09FsAy2Cn1ceOZ9O46e3Hj1+NBLbiTJFZJj+pullpoHrCkatts1VMc8h/S',1489878098),(538,'4Qsmt8h13TWHkT01N9YgZmy9Oafl2lgPnLBm0HyhOLMGkJlBSVWVuhoTYTgC2uIP',1489878676),(539,'@h0VCHlPfSxBxXrZ9H2XRhAYBcopoSO4LTiqiSTFZ2enX4RLJjW+g30@ZwfN5zks',1489885186),(540,'vkHFeFg685YmjhHRk7a4/3TLolTla5hjbYeUCWZsoa3kR7oyN/0X7@lCEHQDevwm',1489890183),(541,'FVjdc4vCcYfhsMUOiYAGWz/AAgPO6zMxS2ofGcA@CTnk97PH4fcIDSDs51bLenv1',1489900526),(542,'cS8s5gSFJMZJPZvw1wN5Zp0gLTZB716ISoRZ8fz+JiiU5dVW8uI+kZG4em/CZpVz',1489903425),(543,'iGFF9qxxxb2ZsOxNLSefaHn@ahnK+yUaMTLbS4@8X/Hwr4jRqBjpscoVS35y6FlV',1489911732),(544,'49WPMryrHnbYOgYiBvQe7npt@PzvwABWdpIToFG/lVmT7gyakYnJgU45jNcy3Ypr',1489913482),(545,'qsYOklzQKf2tnzGEZM7nHxNKi6ulAJNgeS5+pprCplmA7scD5EZdr1VOHR04VFqT',1489919789),(546,'igTybMwaOTymMJZz8lR7hmiGxJWirYd4gP4f+@h+2BCJc/62@@rr6pvjJKD50HV6',1489923201),(547,'vuseuPLv9cUGu+ucmoMaLUEIX@wSXJwD2/AYQXsQuo@VBfd46hcuR/tIdlF81A8M',1489924372),(548,'TQaBmNp5pYXscFVvfzhKz24pWXXEWAZXI7z@EaMrA1jCD760uNrfnhnkhNuUhR@u',1489926386),(549,'STPbVDvB6s85uVhFJ/vAffypRGeVakpulL7ywlfl9FBXk/pPuzvDa2xj+EcMBy7D',1489937229),(550,'K3HjVYbcOlXSai4hMoN+S86xBIoF/wPTKJySyWz285V/tQukY@gs+DaAO8vkFspy',1489943856),(551,'7+2Z+CjNupe9ZnTEkg/LkeZBj2BqJwUvVJBiOOF7sFnW8ton1zwetUF0ojzqPWyy',1489947817),(552,'C5RYT52hqkQZNm2rvhHRuj5+chzd1CDok9Bf0n+F5DrLytL8X2mlZd0E/mBKTn+k',1489955437),(553,'QbzH/6duI@Md9w7MrCgXcUlHU@1d774IFFi5yITlYsVA/Ji2DdVIkpbwmDpLx04Z',1489957894),(554,'quNBNOSeCCghiO/@@4B3gjHDTNaUarIbg2SyhvSQkB5SzBZATirV3@ZRMXyJl0hs',1489961084),(555,'5pr7fQY5smrQKGgp9YgD5g0qT7gMV6h12x9DHX+0d17mEWR2+PlPG23zBZazHmmS',1489963636),(556,'6IY+u1XtoW6uTDaM1zJCbGVV07+PgeSGvOBw75yDafIPjFwInbefGpGUI4ZUYxaQ',1489967889),(557,'UONK3ppM2tjA21IQiAPYEkLg4u9LNJYAXV2uRpz8w2rOwZ5GG5idzEZVLNDneO1j',1489969964),(558,'A4cbDOOtFrW7qvKRZY0clk3WsC0vkPE2UjoxlgHox9FKZrVUQNUDipHivhdaHwIH',1489970263),(559,'aQ9nqUBIitTs0V99hva1m+AU56ogQZ29IWjOPVF7UcG3xNJHWiENNv366S4IwT+H',1489972899),(560,'Xk4UAGL2ByG5CtUggQ3fq1uRS+ae6CvNso3skklfI27OCWoIoCnCvAXfIZDVs7@n',1489976596),(561,'11RzLfkx5JPiztf+7silziS+bigMxG3iK5ag45jrlEpwycgMbZ3DiL3U1OJOpt1Z',1489979514),(562,'iTcKjYshWpAsd/8kPIwu+ntEoZ4PMzhveP4LNLFTZh1lOBFK+veRJr67T/I+ufvB',1489996477),(563,'CrZQClZblBJaCJikhQr@GvHwUoB0mK2QBGMH@6CcSn+XaUhEqh7pGb3b7dlDHaBP',1489998492),(564,'EcFJW8oqdUffPN0cAJZtWFsdD4mSG0xiG9up3vDCy0E1IOsF0qtHeWWKWbQ6QOE8',1490002383),(565,'1JxYXzPY9Z5wX7Run@qBjiydcqaW/gAxJVRNxcGFbUEMSDB1URY1NAmVHah0De9/',1490003126),(566,'PmsnsMViFrBAzkOUbnRIbW@7q2fG7iR1jBFnbI1KyOvU+opllpkF+NSF23zHw1DQ',1490014474),(567,'cZmYUcUrZg1xvEEkbzAo75AoV5EKaybm6CHyWL/oYvLgsP0DjvbeVnUTj82TNsI8',1490018230),(568,'Kpvj4TUKuhfgB+EFlA/+8+drgTsWKpCvsL1@BWpUJK4eb5ho@wfyj7qBA6LCjBHZ',1490036848),(569,'k4+y2PYsy/Eam0mB0lnj71puJMupMP@QsTbclD8QR1ULgVY7HvVlQC@FFiW6F1vA',1490037699),(570,'3jVKRypu80BMmkxPvHDNlM2nLeicuMZ/qJvBCAhDWANzRKl0+pN5Zzx3tfOGd0ib',1490047934),(571,'NLDevbLY5Bli2/X5z9tFoKotoY6FMJzkWmO+x9xQQ4@VnCj30Wk36ppl7oDoHHK5',1490054267),(572,'C3GWqYyPT873PhVkEZeH0m665AJ7HHQrzuhM8lDCwAIr739mFuD9400tvZ3uhfMm',1490054806),(573,'aQ5s+TeyZ2qsb4RbUim5SBARP+bQk/fuX/HlBeZObks5bETf9JTkBwhO8qy8ntrm',1490072028),(574,'vF1qP9cCvnJk@je2/P+FEgPn6r92dmAUs4gj16miaDnxugjCKJQcjoHrWtRdvcNb',1490096605),(575,'inhFvKOPSifi8FyEUYfkxjP+xwN@DGKDLI4a8yxHhL7/v@E3cSluJM39maKGsC+r',1490097107),(576,'njrj7+76cmM1z@vN1LslFnus66LhZ911VMz1ipEwSpomLn8t3Ki4g4AqjEY9p9L2',1490115588),(577,'q0j1xfRaHsS6UbPohuvR6gO4Bfeb4PBvdUxJG36/Gx1v8X5GyCuKSEYT9NfWiSgc',1490126956),(578,'fqrS+Df6pMcHkM45IKM9WVyl1zBQomq5el3PArxJe3vqqoaoTi45YS6dfGuhxYrR',1490172515),(579,'Liy15aiFIH1JGGK+W68abh+1uoCcxFd10pEfNagoLUZfcJl6TvE8up1H/gFNef/o',1490193447),(580,'LoxZdbcAiagWsaR0oqphs0FIvAR0hJo+XtDoxCVc97SOhIcxxBGhaP+R5AjJgbU@',1490193759),(581,'OTydynAfeTzQTdbxjMsdCR/+GJHo+I4aR9licjbBPNf+nyIRXiUVtHrTiYVf2xeQ',1490196867),(582,'bktqpfBVyF8AxlptNsPtq3CzaOXK777JA53q8a1xDi578rqYJToGEU1D+cha88x9',1490209415),(583,'/Q87faj5LZZSEKNykQmhJ4ZH2FuVQDnkNZfQR61RA8gNuIY7m8EQi8z0cXWRiawC',1490211230),(584,'+gKamUJNi8+nq@zk+6BS3ZwrIaQnsKEIc/sYo/wjPDx55/hwsOHen2ZGV+cXzCem',1490212237),(585,'sUDNarxFlB/6iShbQ5ZPnO5q5re+IHInpmUm2iTlHAm8cFoZC+SCo8CMGFTAC+hv',1490224684),(586,'bcmx4HzORtCBJvAl9K042B@tzumrTSeRGAKQIfxg68X7gFpwnxN/rlJK7+SOGKfS',1491148647),(587,'fLLs8XQj@cOPW+z5nWzXvpy9QIGTZznw02CCdvZ1mM7DyYAMvbYsc8GrU1HRP6rN',1490257832),(588,'1Ab/ZGHPLnE8KtfDbx1ht8t+A49uJ5ikMvQ13igIDSrAZWBGD2m3tFy9MON9czhd',1490271813),(589,'UMeorXC8PgU2Ft/ufdyx11Y2202hhKbzd1nHs5wcjEvUXJWmCt5IKkUQ7WIWHIFz',1490280232),(590,'ChzdXiJ44hxcRkRGLaGEeGeFDkNOj7ume@4D74KfWrmD7wjAq8r6A0GYpJopUDhc',1490288219),(591,'TpCCSK0+TKCNStuZxbI+fp7PNtiu77bxTfsu5A2gMILmE/l/rZJf80JZzpLCM4aJ',1490311075),(592,'9vPGeqPxV80D3GCG+0Y2ZgGOp5FBFhDtJ632p8@gCVbnQ0d7GptzZyZ3MWdHcRsi',1490373063),(593,'zCVPR@9WTjj+BpPY6o7T8i3PE4MaPcqS@nBagaUUNxzpU5r@bXJCVBTzVFvfCDvd',1490386696),(594,'ikUmWT4c@b34/wyWZR8Jny7fOtxIMkrV70B82@x7@nbKpdhEo@VCpeTw6VJG6DnI',1490390231),(595,'BBiXwL4abS5CqxNou5kn3cSCAga/L8UBMdrazM0kU+8lhXL+gtHRBdEV/tXlt+ou',1490454225),(596,'@ssnK7wU716bju4X41I7d60O3Qzz5@rhoz5/8Fn2fXDjYq/H8@cPF3pEBk/cn+gt',1490455806),(597,'2keobLDTjgzVy+35xdu72igycKVEcG1+mr@0fmDY6ehFYQQN0Bv/Nki7GBTvFWb8',1490480497),(598,'4BFJIHVXFLGI3/sYnms5qY6+8QMrXQaikktjV4a9UAteUDgUAOR+aJyl5Gi5pJV9',1490489999),(599,'Lnq0we9ledNRT6cTTItdM1iQkewFjlbI5jW9VQ4V1RfXuDodCBp712kkowDP0In6',1490523359),(600,'ovLoXHPxrme1AEVyrwCACltcdV7Nk6W3eP95l17tsjdEuknsyjd7iS7ChyyRb9o1',1490528782),(601,'jAkMpgfADofzVz+8RBWiFEK6fATr8W44sRc6hnV8NpBU1VvuMgzvWTKQFZZDBT6h',1490543537),(602,'fZGHkkUK6yDLqK2Yo/jMlgpX1KhYJnkL03xcJTLXRPrCuGiLQCyzy+IHUiBLPq43',1490555902),(603,'9zYq5aYBxFCCKfrEVR6KFvneQ5JdIofyw/55xbLLUvf11vRE6ThwwLQfzz1CD4px',1490566739),(604,'YDQZHg1X6eowRYSg1wDWjjxOUcLMp1w0TnOez9CReMtcPH10IW/JOQY+dTOepPiD',1490701131),(605,'tbVxaHhylYhkR7AM+CnW0IJxKDMwEOkZvmwAfnQpwm0Wpu2TNVO1x8gc@qs/V9Ua',1490708802),(606,'YuCle95j7QxvgM2j@4n7I0GXh+hPbmwm82OBt4xONR9KpQwz4yzYIMsQFGMP@Zly',1490752680),(607,'wjTtvjpBxuTWrqV86Feg8o97L3W/qCFihfWUyzAenXppeJujhXor4njEZdWuu0Bp',1490753003),(608,'21hnCJmMIPYPYMgOYhZohfbsKQ/LTxrOVb@@D0cZE316LevWsacxCCFkj5oMk0QU',1490804780),(609,'1zWz/a+L/Sk2czIuxfLrjuv4ge5CyAbfoyar4ruTNF+b2UG7OHt90JW8N@Aj@AOY',1490807635),(610,'YInlkRcNWcJ6FUOvn@crpECMvoqjrImsscjgaIoNY9B0bvCuxN8ykirsH@APxHh+',1490827979),(611,'o4Lq/H3tzWzHMQVJzhDypkGk5dBBm4wlsJfRJk9ZcZLI03v36U+HSa/WNrmUJUc8',1490955399),(612,'kTMocgRjV4t1QvUri37yqgVk0ewK4M@aReMy/uwyEVuL@tHMius+6@@W@mUs8i4A',1490992519),(613,'pfoaxuC2hDa0jJ5X/kJbDixsviimVz4ykYcFlgE4G2OANjm+eEmdZ7qupjcCRhaC',1490994150),(614,'Lk0Jo6tSMcNxuQTGr6VU8PQ2svom6UU4Mc@WCt7oFXzfy1ZAsSp@O4ctdxlutffg',1491006659),(615,'d1qxldq0iF1P@CdYEpeKN1@EoblJvArjFh2xdkicXxlALQ5IyM9V7TjxRwLC4MYD',1491069472),(616,'h/zWdv9dt3DHTOrg7UlDVa09@WtLZ98Z5QUxJ0Eq31rTkRqajK1UPvh8hfdJl7Eb',1491160864),(617,'t0aoL8+iDVpuW@I5lM1on6YNZs9e1R/NPys8CmSRYITc4TLYV@WLEyWfZqAOH0Bx',1491208719),(618,'15KDR3@QSn9HXNbdkvmC+fJ0dU0HYf1oB0kMF9G5SKl/eQ0pzy0RbT3lDuXnaJ9U',1491316744),(619,'wTVQ2TSam09WQma2nl1KgZohPHwdbOZPtQlAX6/qVQGWYUvnnulOeKNBgf9mr4LP',1491661147),(620,'AotAQOUf77zP9bOniuisSUfAkVFFn0kzox6LQLzW1Ozb8Od07v1YV4k@DO+Os++Z',1491731565),(621,'ATA2dCOj9CH0xZezBCDuAm+yAC3wU+PeATul2I2SeenZV18ny9E9hG0B47JlSca7',1491755888),(622,'Lh8WVZBVPYSQI@asFQ+8w42fjnIK1pV4bmfdLcMe3Mjb2b3fCgcKYVvHFgnE6zZ+',1491808895),(623,'Y/ZrCOJnwv69f0@zh2/WcaFH3lIDfLmkbqinKUUWkqT+/Ge96vnqIrHnEQeya9AS',1492025516),(624,'xQRzqIAb7lqW83pQutfVkhj8@7RJLY0s@gwZB/2zNXiFOyjASMiZ7WqN8IPW6Gsa',1492189893),(625,'QYPugDY4ys3V22g4E/K4DnxSJkqPZvyUgUnnVzaO@RLHtSSy1QcnoayOTNKGFpmF',1492249066),(626,'+5g+iVad7B5gzJVrV0Z/VCBn+HRMvE3C9JJbAEjKnuS/S+5vAvLW3q9i+xAQljBf',1492264632),(627,'03eiJJ+763ZhN9py9/qkTsUMZ0Tw8OOhsqiDNyQFxT@Xsu39IWRRSnmFm9jGeug+',1493107468),(628,'khtK021nGHF6JzG5@15WKBw0FR0ZdhkUG3UDfJxrRZHIHgIvv0sahiwikZZM9tdo',1493509596),(629,'R6sEoBmsrSeEEnCyfuKYDphxOUipQBvIIE/dQR2VaruVU9mxZ12G7hl6@uxn45Xr',1493918889),(630,'ODgN9JgES4S6cYB/rlECyLdU6HehOpO6MyehMoXzFw1/ZJNr0dFDQY5LncO50xD/',1494030096),(631,'XIcVb@HYXIpndIh44PlDPhqIOSC0sG+1NXNXfssckHK1n+/FPtMeZiuVQ/mY8cxx',1495310844),(632,'DRKAd5@YtEfRSAmbFs@JnoPWacOqDpxDKz@3zyX8ZadU7o6VjJsz@VwN3S1@tKJ4',1495795581),(633,'Ae8tz8mbJEvFFFdC@dN/3VHjD6a0Se6hvy66aVoa9LIwL/0XCfrnTJv1u1RjJJvR',1496065699),(634,'bi2WxOK1Zgl/6B4wMFzqfR9S/BrtnyyHW5lGFK6VGUphHkmeta7XKO@W9Zghg6iu',1496110854),(635,'@7KTYcRkaVBFbozJM1GRNzbaReubD5LJcIKG/VUVHRpMUiKTBGeizjWgHaQCRKQe',1496293884),(636,'ApSl3MQLznZiUyGn8vUbdgz1lbWS5w7W4qKXpIr1GK1Vx6PcnAqC0Woqc5rPHB@/',1496489367),(637,'EfMzEhdDoRO18pn1BB0ypVePbVMbTc@BO/JHFKmy3NSVPk4VFh1SePjF/+nECsdz',1496930178),(638,'NiYF@kXy2/6MGrejn64CqytTDkQDH63rFyVOuj@l6/bgOWFR4XuFmff/gF4umh4j',1499561663),(639,'vFuVlFGrn1cGVIUywfRk2dHVp+c+ztJkMGNzzqwbB9Rf4GRTr4uICeTPE1LUBKH4',1499840907),(640,'p7EZsuheitghVVa1nhsdl3ahsPfN3YlM0fAJ3ofGq6f5R3OYjys/X58C/on1RrC/',1500421165),(641,'69rCpCa2m4nRjsK0FmvS3R/mBS6CDr4OiwNyoWCKxN2pCoqtPdFw4RF7N89qHU0i',1500427855),(642,'vL8ZQb1YY@QiSouUwi5WtSVxz5ZIUqe8iQoPGz@F0c6E@EQSa2yCMb5Tcxz1U5jX',1501596661),(643,'DaWAMtK1oBOi1ywHX4yOAIc6kJ30X7qmoHvUrnkVeRtqGOd498P7l7/7aOxXr034',1502046550),(644,'fshZy0TpmncETMR7wFlU12@FHsRLvUv88sd9Adt@6TNv1TFlXQdk2UyDRrdtpo7A',1504028369);
/*!40000 ALTER TABLE `loggedin` ENABLE KEYS */;
UNLOCK TABLES;

--
-- Table structure for table `new_cars`
--

DROP TABLE IF EXISTS `new_cars`;
/*!40101 SET @saved_cs_client     = @@character_set_client */;
/*!40101 SET character_set_client = utf8 */;
CREATE TABLE `new_cars` (
  `id` int(11) NOT NULL AUTO_INCREMENT,
  `name` text NOT NULL,
  `title` text NOT NULL,
  `ps` int(11) NOT NULL,
  `perf` int(11) NOT NULL,
  `preis` int(11) NOT NULL,
  `liga` tinyint(4) NOT NULL,
  UNIQUE KEY `id_2` (`id`),
  KEY `id` (`id`)
) ENGINE=InnoDB AUTO_INCREMENT=35 DEFAULT CHARSET=latin1;
/*!40101 SET character_set_client = @saved_cs_client */;

--
-- Dumping data for table `new_cars`
--

LOCK TABLES `new_cars` WRITE;
/*!40000 ALTER TABLE `new_cars` DISABLE KEYS */;
INSERT INTO `new_cars` VALUES (1,'beamer_pole','Beamer Pole',20,20,2400,1),(2,'beamer_gulf','Beamer Gulf',80,70,12000,2),(3,'lmp_fx1','Lampadati FX1',450,700,320000,7),(4,'lmp_fxs','Lampadati FX-s.',645,800,833000,8),(5,'santini_figurati','Santini Figurati',55,50,8000,1),(6,'santini_azzuro','Santini Azzuro',85,100,16000,2),(7,'santini_scusi','Santini Scusi',160,300,41000,4),(8,'santini_dolciamaro','Santini Dolciamaro \'74',220,400,59400,5),(9,'santini_rubacuori','Santini Rubacuori',420,650,320000,7),(10,'lmp_g5s','Lampadati G5-s.',370,400,125000,6),(11,'lmp_g6','Lampadati G6',500,620,412499,7),(12,'lmp_g7','Lampadati G7',600,750,900000,8),(13,'beamer_adler','Beamer Adler ',135,120,27000,3),(14,'beamer_gulfr','Beamer Gulf R',200,200,55000,5),(15,'beamer_adlerm','Beamer Adler (M)',300,300,85000,6),(17,'hatcher_vision','Hatcher Vision',45,40,7800,1),(18,'hatcher_legend','Hatcher Legend',90,70,13000,2),(20,'hatcher_crusader','Hatcher Crusader',110,130,20000,3),(21,'hatcher_fires','Hatcher Fire S',190,200,40000,4),(22,'hatcher_firem','Hatcher Fire M',222,320,64000,5),(23,'hatcher_legendr','Hatcher Legend R',250,270,69000,5),(24,'hatcher_firel','Hatcher Fire L',300,400,97340,6),(25,'hatcher_centurion','Hatcher Centurion',400,490,235000,7),(26,'hatcher_conq','Hatcher Conquerer',700,720,850000,8),(27,'jonda_apex','Jõnda Apex',65,30,8000,1),(29,'jonda_aura','Jõnda Aura',100,60,13300,2),(30,'jonda_nightline','Jõnda Nightline',130,120,21000,3),(31,'jonda_legacy','Jõnda Legacy',210,120,44000,4),(32,'jonda_motion','Jõnda Motion',270,180,72000,5),(33,'jonda_legacyst','Jõnda Legacy ST',350,300,159000,6),(34,'jonda_realm','Jõnda Realm',320,315,115000,6);
/*!40000 ALTER TABLE `new_cars` ENABLE KEYS */;
UNLOCK TABLES;

--
-- Table structure for table `parts`
--

DROP TABLE IF EXISTS `parts`;
/*!40101 SET @saved_cs_client     = @@character_set_client */;
/*!40101 SET character_set_client = utf8 */;
CREATE TABLE `parts` (
  `id` int(11) NOT NULL AUTO_INCREMENT,
  `kat` tinytext NOT NULL,
  `part` tinytext NOT NULL,
  `liga` int(11) NOT NULL,
  `preis` int(11) NOT NULL,
  `worst` int(11) NOT NULL,
  `best` int(11) NOT NULL,
  `duration` int(11) NOT NULL,
  UNIQUE KEY `id` (`id`)
) ENGINE=InnoDB AUTO_INCREMENT=83 DEFAULT CHARSET=latin1;
/*!40101 SET character_set_client = @saved_cs_client */;

--
-- Dumping data for table `parts`
--

LOCK TABLES `parts` WRITE;
/*!40000 ALTER TABLE `parts` DISABLE KEYS */;
INSERT INTO `parts` VALUES (1,'motor','nockenwelle',1,500,2,10,60),(3,'motor','kolben',3,4000,8,15,1002),(4,'auspuff','sportesd',1,200,1,5,60),(5,'auspuff','msd',0,1000,2,8,200),(6,'bremse','gelochte',1,1000,5,15,10),(7,'turbo','ladeluftkuehler',0,5000,20,50,10),(8,'schaltung','getriebe',1,1000,7,14,100),(10,'auspuff','kruemmer',1,500,1,4,40),(12,'motor','kolben',1,400,3,7,120),(13,'motor','kolben',2,1000,5,10,300),(15,'turbo','turbocharger',1,5000,20,50,500),(16,'auspuff','katalysator',1,300,1,3,23),(17,'auspuff','katalysator',2,1000,2,5,123),(18,'schaltung','doppelkupplung',1,1000,5,10,300),(19,'schaltung','doppelkupplung',2,3000,8,17,700),(21,'motor','nockenwelle',2,1500,5,15,320),(22,'motor','nockenwelle',3,3000,8,20,800),(23,'motor','nockenwelle',4,10000,10,20,1800),(24,'motor','nockenwelle',5,25000,14,25,3600),(25,'motor','nockenwelle',6,60000,20,29,6000),(26,'motor','nockenwelle',7,150000,28,32,13000),(27,'motor','nockenwelle',8,400000,23,40,17000),(28,'schaltung','doppelkupplung',3,10000,12,25,600),(29,'schaltung','doppelkupplung',4,19000,18,30,1000),(30,'schaltung','doppelkupplung',5,44000,23,38,2000),(31,'schaltung','doppelkupplung',6,100000,30,42,3000),(32,'schaltung','doppelkupplung',7,350000,33,45,5000),(33,'schaltung','doppelkupplung',8,440200,40,55,11000),(34,'bremse','gelochte',2,1500,6,18,800),(35,'bremse','gelochte',3,3000,7,20,1200),(36,'bremse','gelochte',4,6700,10,24,1700),(37,'bremse','gelochte',5,15000,14,30,3600),(38,'bremse','gelochte',6,44000,18,34,6500),(39,'bremse','gelochte',7,120000,20,38,8000),(40,'bremse','gelochte',8,299000,30,50,25000),(41,'turbo','turbocharger',2,12000,30,60,2000),(42,'turbo','turbocharger',3,30000,70,80,7200),(43,'turbo','turbocharger',4,70000,75,90,12000),(44,'turbo','turbocharger',5,12000,100,130,20000),(45,'turbo','turbocharger',6,400000,130,170,25000),(46,'turbo','turbocharger',7,775000,200,250,40000),(47,'turbo','turbocharger',8,820000,300,500,80000),(49,'schaltung','getriebe',2,2000,9,18,200),(50,'schaltung','getriebe',3,3400,10,21,400),(51,'schaltung','getriebe',4,5000,13,25,750),(52,'schaltung','getriebe',5,12000,20,30,1200),(53,'schaltung','getriebe',6,40000,25,35,2300),(54,'schaltung','getriebe',7,100000,30,38,4000),(55,'schaltung','getriebe',8,225000,35,45,7200),(56,'auspuff','sportesd',2,600,2,10,240),(57,'auspuff','sportesd',3,1300,4,15,600),(58,'auspuff','sportesd',4,2500,8,18,900),(59,'auspuff','sportesd',5,6000,10,22,1200),(60,'auspuff','sportesd',6,11000,13,28,2800),(61,'auspuff','sportesd',7,30000,17,35,3600),(62,'auspuff','sportesd',8,99000,25,40,5000),(65,'auspuff','kruemmer',2,800,3,6,70),(66,'auspuff','kruemmer',3,1200,5,8,140),(67,'auspuff','kruemmer',4,2120,7,10,200),(68,'auspuff','kruemmer',5,2800,10,13,540),(69,'auspuff','kruemmer',6,6230,12,15,840),(70,'auspuff','kruemmer',7,18540,15,20,1200),(71,'auspuff','kruemmer',8,65000,20,25,1600),(72,'auspuff','katalysator',3,2000,4,8,230),(73,'auspuff','katalysator',4,4000,8,14,360),(74,'auspuff','katalysator',5,6000,10,18,1200),(75,'auspuff','katalysator',6,14900,13,21,1500),(76,'auspuff','katalysator',7,35000,15,24,1800),(77,'auspuff','katalysator',8,99500,20,35,3600),(78,'motor','kolben',4,10000,12,20,1400),(79,'motor','kolben',5,22000,18,25,2200),(80,'motor','kolben',6,74750,22,30,3000),(81,'motor','kolben',7,223000,25,35,4300),(82,'motor','kolben',8,480000,32,40,7200);
/*!40000 ALTER TABLE `parts` ENABLE KEYS */;
UNLOCK TABLES;

--
-- Table structure for table `quests_user`
--

DROP TABLE IF EXISTS `quests_user`;
/*!40101 SET @saved_cs_client     = @@character_set_client */;
/*!40101 SET character_set_client = utf8 */;
CREATE TABLE `quests_user` (
  `user_id` int(11) NOT NULL,
  `quest` varchar(100) NOT NULL,
  `completed` int(11) NOT NULL,
  `timestamp` int(11) NOT NULL,
  UNIQUE KEY `unique_index` (`user_id`,`quest`)
) ENGINE=InnoDB DEFAULT CHARSET=latin1;
/*!40101 SET character_set_client = @saved_cs_client */;

--
-- Dumping data for table `quests_user`
--

LOCK TABLES `quests_user` WRITE;
/*!40000 ALTER TABLE `quests_user` DISABLE KEYS */;
/*!40000 ALTER TABLE `quests_user` ENABLE KEYS */;
UNLOCK TABLES;

--
-- Table structure for table `races`
--

DROP TABLE IF EXISTS `races`;
/*!40101 SET @saved_cs_client     = @@character_set_client */;
/*!40101 SET character_set_client = utf8 */;
CREATE TABLE `races` (
  `id` int(11) NOT NULL AUTO_INCREMENT,
  `name` tinytext NOT NULL,
  `liga` tinyint(4) NOT NULL,
  `ps` smallint(6) NOT NULL,
  `dur` int(11) NOT NULL,
  `reward` int(11) NOT NULL,
  `exp` mediumint(9) NOT NULL,
  `exp_needed` decimal(3,2) NOT NULL,
  `sprit_needed` int(11) NOT NULL,
  PRIMARY KEY (`id`)
) ENGINE=InnoDB AUTO_INCREMENT=36 DEFAULT CHARSET=latin1;
/*!40101 SET character_set_client = @saved_cs_client */;

--
-- Dumping data for table `races`
--

LOCK TABLES `races` WRITE;
/*!40000 ALTER TABLE `races` DISABLE KEYS */;
INSERT INTO `races` VALUES (1,'beginner_race',1,90,30,100,70,'0.00',3),(2,'beginner_cup',1,100,180,500,180,'1.00',5),(3,'beginner_end',1,140,900,2000,190,'2.00',20),(4,'beginner_master',1,200,300,1000,260,'2.50',14),(5,'amateur_race',2,150,90,250,130,'1.00',25),(6,'amateur_cup',2,180,1800,1000,180,'1.20',40),(7,'amateur_end',2,200,36000,4000,250,'2.00',70),(8,'amateur_master',2,250,7000,2300,500,'2.50',50),(9,'pro_race',3,200,200,500,180,'1.00',50),(10,'pro_cup',3,270,3000,2400,200,'2.00',80),(11,'pro_end',3,220,30000,10000,700,'2.20',170),(12,'pro_master',3,350,8000,4500,400,'3.00',140),(13,'exp_race',4,230,2000,1000,300,'1.00',90),(14,'exp_cup',4,260,8000,3700,450,'2.20',160),(15,'exp_end',4,310,53240,15000,4000,'2.00',430),(16,'exp_master',4,380,14437,6200,2000,'3.40',290),(17,'med_race',5,280,3600,2200,500,'1.00',200),(18,'med_cup',5,320,12000,10000,700,'1.50',440),(19,'med_end',5,380,72000,23500,800,'2.40',900),(20,'med_master',5,430,23210,12500,500,'3.00',470),(21,'int_race',6,400,3600,3420,2500,'1.00',300),(22,'int_drag',6,500,500,1200,130,'1.50',150),(23,'int_cup',6,430,8000,18300,4500,'2.30',500),(24,'int_end',6,410,86400,34000,5000,'3.00',1600),(25,'int_master',6,490,33022,27000,3000,'3.50',799),(26,'exp_drag',4,400,300,650,100,'1.25',80),(27,'eli_race',7,550,3800,5500,4000,'1.00',600),(28,'eli_cup',7,600,14000,12000,7000,'2.20',1000),(29,'eli_drag',7,730,500,2300,600,'1.50',260),(30,'eli_end',7,640,129600,45000,13000,'2.75',3200),(31,'eli_master',7,750,34000,26000,10000,'3.40',2600),(32,'black_race',8,700,3600,10000,9000,'1.00',1100),(33,'black_drag',8,900,800,3000,3000,'2.00',440),(34,'black_end',8,850,172800,82000,40000,'2.50',8000),(35,'black_master',8,1000,12800,44400,20000,'3.50',6700);
/*!40000 ALTER TABLE `races` ENABLE KEYS */;
UNLOCK TABLES;

--
-- Table structure for table `races_run`
--

DROP TABLE IF EXISTS `races_run`;
/*!40101 SET @saved_cs_client     = @@character_set_client */;
/*!40101 SET character_set_client = utf8 */;
CREATE TABLE `races_run` (
  `id` int(11) NOT NULL AUTO_INCREMENT,
  `user_id` int(11) NOT NULL,
  `race_id` int(11) NOT NULL,
  `time_end` int(11) NOT NULL,
  `car_id` int(11) NOT NULL,
  `driver_id` int(11) NOT NULL,
  PRIMARY KEY (`id`)
) ENGINE=InnoDB AUTO_INCREMENT=23345 DEFAULT CHARSET=latin1;
/*!40101 SET character_set_client = @saved_cs_client */;

--
-- Dumping data for table `races_run`
--

LOCK TABLES `races_run` WRITE;
/*!40000 ALTER TABLE `races_run` DISABLE KEYS */;
INSERT INTO `races_run` VALUES (2,3,1,1489489316,3,3),(7,12,1,1489490406,12,12),(12,16,1,1489491533,16,16),(13,14,2,1489491758,14,14),(15,18,1,1489491901,18,18),(22,23,2,1489493651,24,24),(26,23,1,1489493581,23,23),(38,31,1,1489494198,33,33),(44,30,2,1489494503,32,32),(45,36,1,1489494538,38,38),(55,44,1,1489495336,46,46),(56,40,1,1489495392,42,42),(57,45,1,1489495494,47,47),(63,46,1,1489495819,48,48),(65,24,4,1489496186,30,30),(66,24,4,1489496200,25,25),(86,61,1,1489498163,66,65),(93,56,2,1489498543,61,60),(94,56,3,1489499275,72,71),(101,68,2,1489498939,78,76),(104,49,4,1489499065,53,51),(105,68,1,1489498829,76,74),(110,70,2,1489499221,80,77),(154,81,1,1489500905,91,90),(172,88,3,1489502424,101,97),(180,84,2,1489501967,94,93),(192,92,1,1489502117,105,101),(215,78,1,1489503160,99,87),(219,38,4,1489503524,40,40),(228,97,1,1489504004,111,107),(237,104,3,1489505432,118,114),(241,102,4,1489505126,116,112),(243,111,1,1489505191,126,121),(249,114,1,1489505568,129,124),(256,79,3,1489507064,100,88),(262,107,1,1489506599,122,117),(264,120,1,1489507322,135,130),(273,76,4,1489508950,86,85),(276,131,1,1489508928,148,141),(280,133,1,1489509025,150,143),(282,119,1,1489509211,140,129),(292,139,4,1489510667,157,150),(294,121,4,1489510945,136,131),(302,147,1,1489511250,165,158),(307,146,1,1489511436,164,157),(315,142,2,1489512049,166,153),(323,134,4,1489512687,151,144),(325,134,4,1489512692,154,147),(335,128,3,1489513593,146,138),(340,143,1,1489513845,161,154),(343,161,1,1489514127,181,174),(355,172,1,1489515796,194,186),(357,169,2,1489516175,195,183),(358,177,1,1489516503,200,191),(361,183,1,1489517770,207,197),(367,190,1,1489518906,214,204),(371,196,1,1489519318,220,210),(374,195,4,1489519732,219,209),(381,200,1,1489520070,225,214),(388,203,1,1489520905,230,217),(389,155,4,1489521257,175,168),(395,211,1,1489521834,238,225),(403,217,1,1489522517,245,231),(410,213,1,1489523063,240,227),(412,219,2,1489523337,248,233),(414,221,1,1489523248,250,235),(417,224,1,1489524221,253,238),(426,229,2,1489526500,258,243),(433,233,1,1489527990,262,247),(463,241,1,1489530943,270,255),(479,228,3,1489534514,257,242),(481,262,1,1489534107,293,277),(493,261,4,1489536993,294,278),(494,261,4,1489536997,292,276),(498,265,3,1489538319,297,282),(505,269,3,1489539852,303,288),(510,272,1,1489539219,305,290),(511,269,2,1489539711,301,286),(516,275,2,1489541627,308,293),(524,279,1,1489543999,313,297),(526,283,1,1489544901,318,301),(530,289,1,1489545818,324,307),(532,285,4,1489546707,320,303),(533,304,1,1489551468,339,322),(534,305,1,1489551810,340,323),(538,306,2,1489553561,341,324),(541,310,1,1489554714,345,328),(554,115,3,1489566627,130,125),(556,326,1,1489566733,361,344),(568,69,4,1489572661,79,78),(569,69,4,1489572664,77,75),(570,334,1,1489575576,369,352),(579,339,1,1489580143,375,357),(583,338,1,1489580574,374,356),(584,336,1,1489581694,371,354),(591,238,2,1489582464,267,252),(596,351,1,1489584617,388,369),(600,356,1,1489586253,393,374),(606,358,1,1489586675,396,377),(612,361,1,1489587349,399,380),(643,371,1,1489591717,410,390),(644,373,1,1489591834,412,392),(646,375,1,1489591949,414,394),(651,378,1,1489592904,417,397),(652,381,1,1489593217,420,400),(669,389,1,1489596763,429,409),(676,391,1,1489598024,432,412),(684,394,1,1489599232,436,415),(685,392,4,1489599732,435,413),(689,396,3,1489600476,439,418),(690,396,3,1489600487,438,417),(691,397,1,1489599740,440,419),(700,51,7,1489636971,287,375),(707,401,1,1489601726,445,424),(726,408,1,1489604880,453,432),(739,410,3,1489607141,455,434),(747,415,1,1489608082,460,439),(748,416,1,1489608265,461,440),(759,422,1,1489611511,467,446),(762,423,1,1489611966,468,448),(777,425,2,1489614706,471,451),(790,430,1,1489616101,477,456),(796,431,1,1489617420,478,457),(798,432,1,1489617657,480,458),(799,433,1,1489617762,481,459),(819,435,4,1489620029,483,461),(835,51,3,1489621951,55,56),(836,51,3,1489621952,394,54),(837,51,3,1489621953,56,279),(860,440,1,1489622493,488,466),(865,441,1,1489622813,489,467),(876,438,3,1489624345,486,464),(917,446,1,1489631849,495,473),(918,400,3,1489633361,444,423),(919,400,3,1489633407,443,422),(920,424,3,1489634000,473,450),(1055,223,1,1489643721,252,237),(1311,458,1,1489663585,507,485),(1320,459,1,1489664113,508,486),(1449,464,1,1489674009,513,491),(1484,466,3,1489677501,516,493),(1668,474,1,1489690530,525,501),(1699,477,2,1489692506,529,504),(1700,477,2,1489692507,528,505),(1818,482,1,1489700831,535,510),(1884,484,1,1489705018,537,512),(1888,486,1,1489705385,539,514),(2039,492,1,1489716910,545,520),(2295,501,1,1489736659,559,531),(2326,503,3,1489750219,561,533),(2327,503,3,1489750355,562,534),(2341,506,1,1489753226,566,537),(2424,510,3,1489768708,570,545),(2432,512,1,1489769955,572,547),(2440,513,1,1489770787,573,548),(2458,514,1,1489771620,574,549),(2551,521,1,1489782034,582,556),(2585,522,4,1489790725,583,557),(2588,523,1,1489791532,584,558),(2611,525,1,1489810304,586,561),(2688,250,1,1489819751,279,264),(2878,528,2,1489828906,590,565),(3231,532,2,1489861172,595,569),(3348,163,8,1489880914,524,540),(3873,543,1,1489911807,607,581),(3901,544,1,1489913523,608,582),(4016,545,1,1489919838,609,583),(4461,145,3,1489953972,171,164),(4462,145,3,1489953975,163,156),(4519,554,1,1489961141,619,593),(5172,562,2,1489997145,627,602),(5665,568,1,1490036930,634,608),(5670,571,2,1490055165,639,611),(5671,573,1,1490072097,640,613),(7783,581,1,1490196918,649,623),(8791,587,1,1490257896,655,629),(9463,589,1,1490280380,658,631),(9863,212,3,1490297700,247,226),(13400,596,1,1490455853,676,642),(15812,602,1,1490556165,682,648),(23072,609,1,1490807680,693,662),(23167,610,1,1490828050,694,663),(23168,612,1,1490992587,696,665),(23182,613,4,1490996035,697,666),(23184,614,2,1491018113,698,667),(23220,615,1,1491079862,699,668),(23234,618,1,1491316798,702,671),(23235,619,1,1491661310,703,672),(23295,634,1,1496110975,720,688),(23296,637,1,1496930229,723,691),(23342,639,1,1499840988,728,695),(23344,642,1,1501596779,731,698);
/*!40000 ALTER TABLE `races_run` ENABLE KEYS */;
UNLOCK TABLES;

--
-- Table structure for table `sprit`
--

DROP TABLE IF EXISTS `sprit`;
/*!40101 SET @saved_cs_client     = @@character_set_client */;
/*!40101 SET character_set_client = utf8 */;
CREATE TABLE `sprit` (
  `id` int(11) NOT NULL AUTO_INCREMENT,
  `title` tinytext NOT NULL,
  `liga` tinyint(4) NOT NULL,
  `lit` float NOT NULL,
  `cost` int(11) NOT NULL,
  PRIMARY KEY (`id`)
) ENGINE=InnoDB AUTO_INCREMENT=9 DEFAULT CHARSET=latin1;
/*!40101 SET character_set_client = @saved_cs_client */;

--
-- Dumping data for table `sprit`
--

LOCK TABLES `sprit` WRITE;
/*!40000 ALTER TABLE `sprit` DISABLE KEYS */;
INSERT INTO `sprit` VALUES (1,'arbeiter',1,1,1500),(2,'machines',2,1.8,7500),(3,'pur',3,3,17000),(4,'chef',4,7,45000),(5,'marketing',5,16,103000),(6,'manager',6,26,199000),(7,'invest',7,60,475630),(8,'place',8,100,1000000);
/*!40000 ALTER TABLE `sprit` ENABLE KEYS */;
UNLOCK TABLES;

--
-- Table structure for table `sprit_market`
--

DROP TABLE IF EXISTS `sprit_market`;
/*!40101 SET @saved_cs_client     = @@character_set_client */;
/*!40101 SET character_set_client = utf8 */;
CREATE TABLE `sprit_market` (
  `id` int(11) NOT NULL AUTO_INCREMENT,
  `user_id` int(11) NOT NULL,
  `amount` int(11) NOT NULL,
  `price` decimal(20,2) NOT NULL,
  `timestamp` int(11) NOT NULL,
  PRIMARY KEY (`id`)
) ENGINE=InnoDB AUTO_INCREMENT=58 DEFAULT CHARSET=latin1;
/*!40101 SET character_set_client = @saved_cs_client */;

--
-- Dumping data for table `sprit_market`
--

LOCK TABLES `sprit_market` WRITE;
/*!40000 ALTER TABLE `sprit_market` DISABLE KEYS */;
INSERT INTO `sprit_market` VALUES (3,261,15,'300.00',1489534293),(28,163,666,'6.00',1489622751),(30,212,4000,'5.00',1489695363),(33,499,1,'100000.00',1489732456),(38,212,1000,'1.20',1489781082),(39,212,1000,'1.15',1489781093),(40,212,2000,'1.00',1489781106),(43,184,8900,'0.98',1489816739),(44,184,8000,'0.98',1489816761),(45,184,8999,'0.98',1489867913),(47,542,10,'10.00',1489904017),(48,542,40,'5.00',1489904062),(49,500,5000,'0.80',1489995715),(50,498,8000,'0.75',1490106872),(51,498,9000,'0.75',1490183097),(52,212,5000,'0.50',1490211020),(53,498,8000,'0.75',1490257937),(54,212,5000,'0.45',1490296842),(55,498,9000,'0.75',1490701489),(57,505,5000,'0.40',1491072081);
/*!40000 ALTER TABLE `sprit_market` ENABLE KEYS */;
UNLOCK TABLES;

--
-- Table structure for table `sprit_upt`
--

DROP TABLE IF EXISTS `sprit_upt`;
/*!40101 SET @saved_cs_client     = @@character_set_client */;
/*!40101 SET character_set_client = utf8 */;
CREATE TABLE `sprit_upt` (
  `id` int(11) NOT NULL AUTO_INCREMENT,
  `user_id` int(11) NOT NULL,
  `updated` int(11) NOT NULL,
  PRIMARY KEY (`id`),
  UNIQUE KEY `user_id` (`user_id`)
) ENGINE=InnoDB AUTO_INCREMENT=644 DEFAULT CHARSET=latin1;
/*!40101 SET character_set_client = @saved_cs_client */;

--
-- Dumping data for table `sprit_upt`
--

LOCK TABLES `sprit_upt` WRITE;
/*!40000 ALTER TABLE `sprit_upt` DISABLE KEYS */;
INSERT INTO `sprit_upt` VALUES (1,2,1489648584),(2,3,1489489286),(3,4,1489489415),(4,5,1489489497),(5,6,1489489555),(6,7,1489490587),(7,8,1489489939),(8,9,1489489839),(9,10,1489490234),(10,11,1489490237),(11,12,1489490388),(12,13,1489490410),(13,14,1489491609),(14,15,1489491741),(15,16,1489491651),(16,17,1489491793),(17,18,1489491871),(18,19,1489492343),(19,20,1489492598),(20,21,1489561511),(21,22,1489560448),(22,23,1489493566),(23,24,1489496006),(24,25,1489510026),(25,26,1489493486),(26,27,1489493675),(27,28,1489493720),(28,29,1489495827),(29,30,1489495285),(30,31,1489494323),(31,32,1489494279),(32,33,1489494294),(33,34,1489494433),(34,35,1489494522),(35,36,1489494523),(36,37,1489494646),(37,38,1489503320),(38,39,1489564013),(39,40,1489496525),(40,41,1489495362),(41,42,1489495279),(42,43,1489495252),(43,44,1489495310),(44,45,1489495471),(45,46,1489495805),(46,47,1489495918),(47,48,1489496464),(48,49,1489498765),(49,50,1489498765),(50,51,1489621053),(51,52,1489621053),(52,53,1489498275),(53,54,1489497418),(54,55,1489497488),(55,56,1489498375),(56,57,1489498375),(57,58,1489497753),(58,59,1489498866),(59,60,1489498764),(60,61,1489498153),(61,62,1489498138),(62,63,1489498170),(63,64,1489498242),(64,65,1489498364),(65,66,1489498368),(66,67,1489498973),(67,68,1489498884),(68,69,1489572368),(69,70,1489572364),(70,71,1489499092),(71,72,1489499281),(72,73,1489564403),(73,74,1489505971),(74,75,1489500035),(75,76,1489508673),(76,77,1489508650),(77,78,1489503148),(78,79,1489506189),(79,80,1489506164),(80,81,1489500889),(81,82,1489500875),(82,83,1489500884),(83,84,1489501801),(84,85,1489501787),(85,86,1489501177),(86,87,1489501413),(87,88,1489501524),(88,89,1489501672),(89,90,1489501807),(90,91,1489501817),(91,92,1489502087),(92,93,1489503393),(93,94,1489503291),(94,95,1489503418),(95,96,1489503511),(96,97,1489503974),(97,98,1489504013),(98,99,1489504057),(99,100,1489504022),(100,101,1489504237),(101,102,1489504830),(102,103,1489504826),(103,104,1489504586),(104,105,1489504746),(105,106,1489504789),(106,107,1489506583),(107,108,1489506569),(108,109,1489505356),(109,110,1489505230),(110,111,1489505161),(111,112,1489505441),(112,113,1489505488),(113,114,1489505538),(114,115,1489565727),(115,116,1489565727),(116,117,1489507639),(117,118,1489507553),(118,119,1489509181),(119,120,1489509181),(120,121,1489510892),(121,122,1489510645),(122,123,1489507988),(123,124,1489507984),(124,125,1489530554),(125,126,1489530494),(126,127,1489508342),(127,128,1489512752),(128,129,1489512693),(129,130,1489508728),(130,131,1489508898),(131,132,1489508898),(132,133,1489508995),(133,134,1489512392),(134,135,1489512392),(135,136,1489509746),(136,137,1489525874),(137,138,1489510051),(138,139,1489510642),(139,140,1489510374),(140,141,1489510555),(141,142,1489512018),(142,143,1489513815),(143,144,1489513815),(144,145,1489953298),(145,146,1489953075),(146,147,1489511406),(147,148,1489511476),(148,149,1489511691),(149,150,1489511744),(150,151,1489511819),(151,152,1489511848),(152,153,1489511841),(153,154,1489512700),(154,155,1489520957),(155,156,1489540025),(156,157,1489539994),(157,158,1489513413),(158,159,1489513413),(159,160,1489514055),(160,161,1489514097),(161,162,1489514246),(162,163,1489878045),(163,164,1489874584),(164,165,1489514450),(165,166,1489515248),(166,167,1489515464),(167,168,1489515276),(168,169,1489516017),(169,170,1489515995),(170,171,1489515609),(171,172,1489515766),(172,173,1489516714),(173,174,1489516682),(174,175,1489516327),(175,176,1489516383),(176,177,1489516473),(177,178,1489516473),(178,179,1489516876),(179,180,1489517062),(180,181,1489517326),(181,182,1489517570),(182,183,1489517756),(183,184,1500862215),(184,185,1490812562),(185,186,1489518034),(186,187,1489518073),(187,188,1489518404),(188,189,1489518589),(189,190,1489518905),(190,191,1489519318),(191,192,1489519024),(192,193,1489519074),(193,194,1489519145),(194,195,1489519436),(195,196,1489519432),(196,197,1489519363),(197,198,1489534259),(198,199,1489520297),(199,200,1489520056),(200,201,1489520052),(201,202,1489520309),(202,203,1489520875),(203,204,1489520875),(204,205,1489523238),(205,206,1489543248),(206,207,1489521497),(207,208,1489521409),(208,209,1489521498),(209,210,1489522600),(210,211,1489522538),(211,212,1490296849),(212,213,1490296800),(213,214,1489523033),(214,215,1489522218),(215,216,1489522468),(216,217,1489522487),(217,218,1489522510),(218,219,1489523334),(219,220,1489523157),(220,221,1489523218),(221,222,1489523942),(222,223,1489643691),(223,224,1489643691),(224,225,1489524727),(225,226,1489524811),(226,227,1489525054),(227,228,1489533614),(228,229,1489533614),(229,230,1489526320),(230,231,1489526564),(231,232,1489527216),(232,233,1489527971),(233,234,1489528096),(234,235,1489528865),(235,236,1489528940),(236,237,1489529482),(237,238,1489582284),(238,239,1489582284),(239,240,1489530476),(240,241,1489530932),(241,242,1489530913),(242,243,1489530519),(243,244,1491346274),(244,245,1489530941),(245,246,1489530740),(246,247,1489530750),(247,248,1489530758),(248,249,1489530828),(249,250,1489819732),(250,251,1489819721),(251,252,1489531047),(252,253,1489531897),(253,254,1489532037),(254,255,1489532106),(255,256,1489532612),(256,257,1489532649),(257,258,1489533381),(258,259,1489533382),(259,260,1489533769),(260,261,1489536701),(261,262,1489536697),(262,263,1489535375),(263,264,1489535499),(264,265,1489537503),(265,266,1489537419),(266,267,1489536832),(267,268,1489536914),(268,269,1489539531),(269,270,1489539531),(270,271,1489538859),(271,272,1489539189),(272,273,1489539209),(273,274,1489539750),(274,275,1489541447),(275,276,1489542294),(276,277,1489542264),(277,278,1489542433),(278,279,1489543996),(279,280,1489543969),(280,281,1489544082),(281,282,1489544260),(282,283,1489544891),(283,284,1489544915),(284,285,1489546446),(285,286,1489546407),(286,287,1489545660),(287,288,1489545723),(288,289,1489545788),(289,290,1489545994),(290,291,1489546045),(291,292,1489547090),(292,293,1489547461),(293,294,1489547469),(294,295,1489550858),(295,296,1489548003),(296,297,1489549953),(297,298,1489549984),(298,299,1489550356),(299,300,1489550637),(300,301,1489550643),(301,302,1489551241),(302,303,1489551380),(303,304,1489551438),(304,305,1489551780),(305,306,1489553381),(306,307,1489554215),(307,308,1489554095),(308,309,1489554644),(309,310,1489554684),(310,311,1489555328),(311,312,1489556041),(312,313,1489556946),(313,314,1489556734),(314,315,1489557152),(315,316,1489557559),(316,317,1489557823),(317,318,1489602969),(318,319,1489558426),(319,320,1489558622),(320,321,1489559697),(321,322,1489561293),(322,323,1489563556),(323,324,1489565974),(324,325,1489566413),(325,326,1489566706),(326,327,1489567922),(327,328,1489568624),(328,329,1489569014),(329,330,1489569469),(330,331,1489572002),(331,332,1489572511),(332,333,1489573704),(333,334,1489575546),(334,335,1489576426),(335,336,1489581664),(336,337,1489581664),(337,338,1489580544),(338,339,1489580544),(339,340,1489580744),(340,341,1489580635),(341,342,1489580681),(342,343,1489580746),(343,344,1489580775),(344,345,1489580927),(345,346,1489581197),(346,347,1489581724),(347,348,1489582408),(348,349,1489583511),(349,350,1489583733),(350,351,1489584587),(351,352,1489585122),(352,353,1489585657),(353,354,1489585881),(354,355,1489586082),(355,356,1489586223),(356,357,1489586561),(357,358,1489586650),(358,359,1489591324),(359,360,1489591009),(360,361,1489587338),(361,362,1489587580),(362,363,1489588841),(363,364,1489588919),(364,365,1489588965),(365,366,1489588963),(366,367,1489589309),(367,368,1489590428),(368,369,1489590943),(369,370,1489591549),(370,371,1489591687),(371,372,1489591742),(372,373,1489591804),(373,374,1489594504),(374,375,1489591987),(375,376,1489592473),(376,377,1489604798),(377,378,1489592891),(378,379,1489592938),(379,380,1489593301),(380,381,1489593200),(381,382,1489593246),(382,383,1489593430),(383,384,1489594899),(384,385,1489595923),(385,386,1489597194),(386,387,1489597118),(387,388,1489596448),(388,389,1489596733),(389,390,1489597994),(390,391,1489597994),(391,392,1489599447),(392,393,1489599432),(393,394,1489599202),(394,395,1489599271),(395,396,1489599594),(396,397,1489599735),(397,398,1489600587),(398,399,1489601999),(399,400,1489632507),(400,401,1489632507),(401,402,1489602298),(402,403,1489602814),(403,404,1489603229),(404,405,1489604008),(405,406,1489604476),(406,407,1489604841),(407,408,1489604850),(408,409,1489605338),(409,410,1489606246),(410,411,1489606241),(411,412,1489606447),(412,413,1489606546),(413,414,1489607716),(414,415,1489608052),(415,416,1489608235),(416,417,1489608830),(417,418,1489609001),(418,419,1489609344),(419,420,1489609530),(420,421,1489611244),(421,422,1489611500),(422,423,1489611941),(423,424,1489633985),(424,425,1489633100),(425,426,1489614526),(426,427,1489615164),(427,428,1489615194),(428,429,1489615652),(429,430,1489616074),(430,431,1489617397),(431,432,1489617627),(432,433,1489617732),(433,434,1489617732),(434,435,1489619868),(435,436,1489619729),(436,437,1489619932),(437,438,1489623541),(438,439,1489623445),(439,440,1489622470),(440,441,1489622783),(441,442,1489627032),(442,443,1489627098),(443,444,1489628139),(444,445,1489630832),(445,446,1489631824),(446,447,1489633749),(447,448,1489633870),(448,449,1489634827),(449,450,1489638694),(450,451,1489640881),(451,452,1489650774),(452,453,1489655261),(453,454,1489655875),(454,455,1489658840),(455,456,1489660708),(456,457,1489662818),(457,458,1489663555),(458,459,1489664109),(459,460,1489665854),(460,461,1489665745),(461,462,1489666007),(462,463,1489670938),(463,464,1489673979),(464,465,1489673979),(465,466,1489676601),(466,467,1489676601),(467,468,1489677523),(468,469,1489679709),(469,470,1489683430),(470,471,1489685102),(471,472,1489685997),(472,473,1489689458),(473,474,1489690523),(474,475,1489691421),(475,476,1489694546),(476,477,1489694225),(477,478,1489693419),(478,479,1489694224),(479,480,1489695027),(480,481,1489695926),(481,482,1489700803),(482,483,1489703554),(483,484,1489704998),(484,485,1489704988),(485,486,1489705355),(486,487,1489708474),(487,488,1489710061),(488,489,1489710555),(489,490,1489713785),(490,491,1489715430),(491,492,1489716894),(492,493,1489717454),(493,494,1489722338),(494,495,1489726826),(495,496,1489727795),(496,497,1489729498),(497,498,1505157057),(498,499,1490730934),(499,500,1489998022),(500,501,1489997580),(501,502,1489744671),(502,503,1489749683),(503,504,1489749901),(504,505,1497802088),(505,506,1491216308),(506,507,1489756006),(507,508,1489764898),(508,509,1489765086),(509,510,1489768055),(510,511,1489767808),(511,512,1489769931),(512,513,1489770757),(513,514,1489771590),(514,515,1489773622),(515,516,1489774022),(516,517,1489775211),(517,518,1489775336),(518,519,1489778402),(519,520,1489778684),(520,521,1489782004),(521,522,1489790425),(522,523,1489791502),(523,524,1489796249),(524,525,1489810274),(525,526,1489826669),(526,527,1496739776),(527,528,1489887574),(528,529,1489848226),(529,530,1489848794),(530,531,1489852394),(531,532,1489860991),(532,533,1489861980),(533,534,1489866065),(534,535,1489867840),(535,536,1489867741),(536,537,1489878115),(537,538,1489878689),(538,539,1489885211),(539,540,1489890217),(540,541,1489900571),(541,542,1489904213),(542,543,1489911777),(543,544,1489913493),(544,545,1489919808),(545,546,1489923430),(546,547,1489924390),(547,548,1489926483),(548,549,1489937229),(549,550,1489943856),(550,551,1489947882),(551,552,1489955629),(552,553,1489958081),(553,554,1489961111),(554,555,1489963640),(555,556,1489967891),(556,557,1489969966),(557,558,1489970285),(558,559,1489972899),(559,560,1489976637),(560,561,1489979569),(561,562,1489997005),(562,563,1489998497),(563,564,1490002401),(564,565,1490003131),(565,566,1490014474),(566,567,1490018249),(567,568,1490036900),(568,569,1490037699),(569,570,1490048004),(570,571,1490055004),(571,572,1490055099),(572,573,1490072090),(573,574,1490096634),(574,575,1490097199),(575,576,1490115588),(576,577,1490126974),(577,578,1490172736),(578,579,1490193457),(579,580,1490193782),(580,581,1490196888),(581,582,1490210417),(582,583,1490211255),(583,584,1490212237),(584,585,1490224697),(585,586,1491148677),(586,587,1490257890),(587,588,1490271853),(588,589,1490280350),(589,590,1490288443),(590,591,1490311079),(591,592,1490373087),(592,593,1490386696),(593,594,1490390251),(594,595,1490454226),(595,596,1490455824),(596,597,1490480510),(597,598,1490489999),(598,599,1490523368),(599,600,1490529676),(600,601,1490543545),(601,602,1490556146),(602,603,1490567212),(603,604,1490701252),(604,605,1490708807),(605,606,1490752681),(606,607,1490753013),(607,608,1490804780),(608,609,1490807650),(609,610,1490828038),(610,611,1490955400),(611,612,1490992557),(612,613,1490995743),(613,614,1491017957),(614,615,1491079832),(615,616,1491160865),(616,617,1491208796),(617,618,1491316768),(618,619,1491661299),(619,620,1491731746),(620,621,1491755960),(621,622,1491808936),(622,623,1492025531),(623,624,1492189979),(624,625,1492255012),(625,626,1492264632),(626,627,1493107481),(627,628,1493509597),(628,629,1493918890),(629,630,1495239963),(630,631,1495311002),(631,632,1495835962),(632,633,1496065713),(633,634,1496110945),(634,635,1496294007),(635,636,1496489368),(636,637,1496930214),(637,638,1499701221),(638,639,1499840958),(639,640,1500421166),(640,641,1500427990),(641,642,1501596768),(642,643,1503138047),(643,644,1504028369);
/*!40000 ALTER TABLE `sprit_upt` ENABLE KEYS */;
UNLOCK TABLES;

--
-- Table structure for table `sprit_usr`
--

DROP TABLE IF EXISTS `sprit_usr`;
/*!40101 SET @saved_cs_client     = @@character_set_client */;
/*!40101 SET character_set_client = utf8 */;
CREATE TABLE `sprit_usr` (
  `id` int(11) NOT NULL AUTO_INCREMENT,
  `user_id` int(11) NOT NULL,
  `sprit_id` int(11) NOT NULL,
  `count` smallint(6) NOT NULL,
  PRIMARY KEY (`id`)
) ENGINE=InnoDB AUTO_INCREMENT=164 DEFAULT CHARSET=latin1;
/*!40101 SET character_set_client = @saved_cs_client */;

--
-- Dumping data for table `sprit_usr`
--

LOCK TABLES `sprit_usr` WRITE;
/*!40000 ALTER TABLE `sprit_usr` DISABLE KEYS */;
INSERT INTO `sprit_usr` VALUES (1,2,1,2),(2,2,3,1),(3,8,1,3),(4,15,1,1),(5,14,1,1),(6,21,3,1),(7,21,1,2),(8,23,1,1),(9,23,2,1),(10,28,1,3),(11,29,1,1),(12,30,1,4),(13,24,1,2),(14,38,2,2),(15,38,1,3),(16,40,1,1),(17,39,1,4),(18,49,1,5),(19,56,1,1),(20,58,1,1),(21,59,1,5),(22,51,1,3),(23,67,1,4),(24,68,1,3),(25,69,1,2),(26,69,2,1),(27,73,1,5),(28,75,1,3),(29,76,1,8),(30,81,1,9),(31,84,1,6),(32,88,2,1),(33,88,1,4),(34,78,1,4),(35,79,1,3),(36,93,1,2),(37,101,1,1),(38,102,1,5),(39,102,2,1),(40,104,1,5),(41,107,1,5),(42,121,1,1),(43,119,1,1),(44,128,2,1),(45,128,1,4),(46,134,1,2),(47,145,1,1),(48,146,1,3),(49,142,1,2),(50,154,1,2),(51,154,2,2),(52,145,2,1),(53,155,1,1),(54,155,2,1),(55,143,1,1),(56,163,1,5),(57,167,1,1),(58,167,3,1),(59,169,1,3),(60,173,1,1),(61,179,1,1),(62,184,1,12),(63,184,2,3),(64,195,1,1),(65,199,1,2),(66,198,2,1),(67,205,2,1),(68,206,1,2),(69,210,1,3),(70,212,1,4),(71,219,1,3),(72,213,1,1),(73,213,3,1),(74,225,3,1),(75,227,1,1),(76,228,1,2),(77,229,3,1),(78,235,1,1),(79,235,2,1),(80,238,1,5),(81,237,1,1),(82,250,1,2),(83,254,1,1),(84,256,1,2),(85,261,1,3),(86,266,1,8),(87,269,1,2),(88,156,1,6),(89,276,1,1),(90,281,1,1),(91,283,1,1),(92,285,1,2),(93,306,1,2),(94,311,1,1),(95,313,1,1),(96,313,2,1),(97,318,1,3),(98,318,2,1),(99,322,1,4),(100,322,2,1),(101,328,1,1),(102,330,1,1),(103,330,2,1),(104,331,1,1),(105,358,1,2),(106,360,1,5),(107,360,2,1),(108,359,1,1),(109,365,3,1),(110,365,1,3),(111,377,1,4),(112,380,1,1),(113,386,1,1),(114,392,1,4),(115,400,1,2),(116,410,1,1),(117,423,1,3),(118,424,1,3),(119,425,1,2),(120,425,2,1),(121,430,1,1),(122,432,1,1),(123,435,1,7),(124,438,1,5),(125,460,1,1),(126,464,1,2),(127,466,1,2),(128,476,1,1),(129,476,2,1),(130,482,1,1),(131,484,1,1),(132,498,1,10),(133,499,1,3),(134,500,3,1),(135,503,1,1),(136,505,3,1),(137,522,1,5),(138,527,1,2),(139,532,1,3),(140,535,1,1),(141,535,2,1),(142,542,1,3),(143,542,2,2),(144,546,1,4),(145,562,1,5),(146,572,1,1),(147,572,2,1),(148,498,2,2),(149,578,1,2),(150,582,3,1),(151,582,1,1),(152,590,1,1),(153,498,4,1),(154,613,1,7),(155,614,1,1),(156,614,2,1),(157,615,1,9),(158,620,1,1),(159,625,1,2),(160,632,1,5),(161,638,1,3),(162,641,1,1),(163,643,1,3);
/*!40000 ALTER TABLE `sprit_usr` ENABLE KEYS */;
UNLOCK TABLES;

--
-- Table structure for table `stats`
--

DROP TABLE IF EXISTS `stats`;
/*!40101 SET @saved_cs_client     = @@character_set_client */;
/*!40101 SET character_set_client = utf8 */;
CREATE TABLE `stats` (
  `id` int(11) NOT NULL,
  `money` decimal(30,2) NOT NULL,
  `liga` smallint(6) NOT NULL,
  `exp` int(11) NOT NULL,
  `sprit` float NOT NULL,
  `uppoints` int(11) NOT NULL,
  `chat_count` int(11) NOT NULL,
  PRIMARY KEY (`id`)
) ENGINE=InnoDB DEFAULT CHARSET=latin1;
/*!40101 SET character_set_client = @saved_cs_client */;

--
-- Dumping data for table `stats`
--

LOCK TABLES `stats` WRITE;
/*!40000 ALTER TABLE `stats` DISABLE KEYS */;
INSERT INTO `stats` VALUES (2,'2413.61',1,26,10000,0,3),(3,'25000.00',1,0,47.025,0,0),(4,'25000.00',1,0,50.0083,0,0),(5,'25000.00',1,0,50.0083,0,0),(6,'25000.00',1,0,50.025,0,0),(7,'24530.44',1,22,49.1917,0,0),(8,'19346.22',1,11,47.1167,0,0),(9,'25000.00',1,0,50,0,0),(10,'25000.00',1,0,50.1,0,0),(11,'25000.00',1,0,50,0,0),(12,'25015.21',1,11,64.025,0,0),(13,'25000.00',1,0,50.025,0,0),(14,'19187.06',1,58,33.075,0,0),(15,'20439.02',1,11,47.15,0,0),(16,'25000.00',1,0,47.0833,0,0),(17,'25528.00',1,0,50.0667,0,0),(18,'24500.00',1,0,47.025,0,0),(19,'25000.00',1,0,51.0333,0,0),(20,'24300.00',1,0,70.0167,0,0),(21,'1134.88',1,71,6311.56,0,0),(22,'25000.00',1,0,50.0333,0,0),(23,'665.29',1,55,30.055,0,0),(24,'466.69',1,234,-5.83333,0,0),(25,'25000.00',1,0,167.717,0,0),(26,'25000.00',1,0,50.0083,0,0),(27,'25015.21',1,11,47.0583,0,0),(28,'19346.22',1,11,47.175,0,0),(29,'17237.06',1,38,84.075,0,0),(30,'16616.41',1,33,60.15,0,0),(31,'25000.00',1,0,47.075,0,0),(32,'25000.00',1,0,50.0083,0,0),(33,'25000.00',1,0,50,0,0),(34,'25000.00',1,0,50.025,0,0),(35,'25500.00',1,0,50.0667,0,0),(36,'25000.00',1,0,47.0417,0,0),(37,'25000.00',1,0,50,0,0),(38,'489.04',1,192,900.237,0,0),(39,'5737.23',1,92,4585.38,0,0),(40,'21935.21',1,26,49.075,0,0),(41,'25000.00',1,0,50,0,0),(42,'24115.21',1,11,47.525,0,0),(43,'25000.00',1,0,50.0667,0,0),(44,'25000.00',1,0,47.0333,0,0),(45,'25000.00',1,0,47.0583,0,0),(46,'24500.00',1,0,47.0333,0,0),(47,'25000.00',1,0,50,0,0),(48,'25000.00',1,0,50.05,0,0),(49,'938.59',1,96,176.367,0,0),(50,'25000.00',1,0,50.5833,0,0),(51,'43279.11',3,6166,5082.06,0,0),(52,'8368.36',1,159,261.092,0,0),(53,'24600.00',1,0,50.0417,0,0),(54,'25000.00',1,0,50.0333,0,0),(55,'25000.00',1,0,50.0083,0,0),(56,'3810.65',1,38,26.3,0,0),(57,'25000.00',1,0,50.0083,0,0),(58,'20935.21',1,11,47.025,0,0),(59,'831.95',1,91,68.275,0,0),(60,'25528.00',1,0,50.025,0,0),(61,'25500.00',1,0,47.0333,0,0),(62,'24500.00',1,0,50.0417,0,0),(63,'25000.00',1,0,50.0083,0,0),(64,'25000.00',1,0,50.0083,0,0),(65,'25515.21',1,11,47.0917,0,0),(66,'25000.00',1,0,50.0083,0,0),(67,'16386.71',1,11,71.45,0,0),(68,'6265.45',1,22,37.2333,0,0),(69,'2493.30',2,1017,4947.29,0,0),(70,'24600.00',1,15,45.025,0,0),(71,'25000.00',1,0,50,0,0),(72,'25015.21',1,26,47.0333,0,0),(73,'7157.78',2,609,5418.18,0,0),(74,'25000.00',1,0,50,0,0),(75,'19331.01',1,0,50.0833,0,0),(76,'4934.75',1,150,1186.27,0,0),(77,'25000.00',1,0,50.0083,0,0),(78,'1120.17',2,476,21.225,0,0),(79,'1242.47',2,810,245.058,0,0),(80,'25000.00',1,0,50.025,0,0),(81,'222.59',1,33,79.2167,0,0),(82,'25000.00',1,0,50.025,0,0),(83,'25015.21',1,11,47.0333,0,0),(84,'2729.20',1,121,67.5417,0,0),(85,'25000.00',1,0,50.0083,0,0),(86,'25000.00',1,0,50,0,0),(87,'24615.21',1,11,47.6417,0,0),(88,'220.18',1,31,29.05,0,0),(89,'25000.00',1,0,50,0,0),(90,'25000.00',1,0,50.0083,0,0),(91,'25000.00',1,0,50.0167,0,0),(92,'25000.00',1,0,47.1667,0,0),(93,'4718.49',1,81,62.2083,0,0),(94,'25500.00',1,0,50.05,0,0),(95,'25000.00',1,0,50.05,0,0),(96,'25000.00',1,0,50.025,0,0),(97,'25000.00',1,0,47.0333,0,0),(98,'25000.00',1,0,50,0,0),(99,'25500.00',1,0,50.0167,0,0),(100,'25000.00',1,0,50,0,0),(101,'23335.21',1,26,47.05,0,0),(102,'3257.66',1,37,54.4867,0,0),(103,'25000.00',1,0,50,0,0),(104,'5444.72',1,11,29.1833,0,0),(105,'25015.21',1,11,47.025,0,0),(106,'25000.00',1,0,50.0333,0,0),(107,'5708.46',1,99,106.183,0,0),(108,'25000.00',1,0,50.0167,0,0),(109,'19517.50',1,26,47.0667,0,0),(110,'25000.00',1,0,50.0083,0,0),(111,'25000.00',1,0,47.025,0,0),(112,'25000.00',1,15,50.0417,0,0),(113,'25000.00',1,0,50,0,0),(114,'25000.00',1,0,47.0333,0,0),(115,'19037.08',1,75,514.108,0,0),(116,'25000.00',1,0,50.0167,0,0),(117,'25530.44',1,22,47.0333,0,0),(118,'25000.00',1,0,50.0333,0,0),(119,'6004.55',1,56,62.075,0,0),(120,'25000.00',1,0,47.1167,0,0),(121,'22510.65',1,38,124,0,0),(122,'25000.00',1,0,50,0,0),(123,'25000.00',1,15,51.075,0,0),(124,'24500.00',1,0,50.0583,0,0),(125,'25030.44',1,22,229.017,0,0),(126,'25000.00',1,0,50.075,0,0),(127,'25500.00',1,0,50.0417,0,0),(128,'330.74',2,778,294.42,0,0),(129,'25000.00',1,0,50.1333,0,0),(130,'24500.00',1,0,50.0333,0,0),(131,'25500.00',1,0,47.0417,0,0),(132,'25000.00',1,0,50.0583,0,0),(133,'25000.00',1,0,47.0667,0,0),(134,'2441.67',1,351,38.2083,0,0),(135,'25000.00',1,0,50,0,0),(136,'25000.00',1,0,50.0417,0,0),(137,'25000.00',1,0,183.417,0,0),(138,'25000.00',1,0,50.0417,0,0),(139,'25015.21',1,11,54.0083,0,0),(140,'25000.00',1,0,50.0333,0,0),(141,'20000.00',1,0,50.0417,0,0),(142,'6915.15',1,182,7.75,0,0),(143,'15220.00',1,0,63.2,0,0),(144,'25000.00',1,0,50.0667,0,0),(145,'5620.03',2,1178,9970.28,0,0),(146,'18446.22',1,11,65.2333,0,0),(147,'25000.00',1,0,47.0167,0,0),(148,'25000.00',1,0,50.0083,0,0),(149,'25000.00',1,0,50.0083,0,0),(150,'25000.00',1,0,50.1,0,0),(151,'24600.00',1,0,50.1917,0,0),(152,'25500.00',1,0,50.0167,0,0),(153,'25000.00',1,0,50.0167,0,0),(154,'3660.84',1,37,47.5083,0,0),(155,'9810.65',1,53,448.385,0,0),(156,'11012.17',1,33,197.325,0,0),(157,'25000.00',1,0,50.0333,0,0),(158,'25000.00',1,0,50.0417,0,0),(159,'25000.00',1,0,50.0083,0,0),(160,'25000.00',1,0,50.0167,0,0),(161,'25000.00',1,0,47.025,0,0),(162,'24500.00',1,0,50.05,0,0),(163,'20263.50',3,5566,10000,0,0),(164,'12058.70',1,42,47.0167,0,0),(165,'25000.00',1,0,50.05,0,0),(166,'24120.54',1,11,48.025,0,0),(167,'4296.74',1,11,58.3,0,0),(168,'25000.00',1,0,50,0,0),(169,'11639.02',1,69,39.35,0,0),(170,'25000.00',1,0,50,0,0),(171,'25000.00',1,0,50.05,0,0),(172,'25000.00',1,0,47.05,0,0),(173,'16138.26',1,18,49.05,0,0),(174,'25000.00',1,0,50.0083,0,0),(175,'25000.00',1,0,50,0,0),(176,'25000.00',1,0,50,0,0),(177,'24600.00',1,0,47.0167,0,0),(178,'25000.00',1,0,50,0,0),(179,'15389.84',1,42,47.075,0,0),(180,'25000.00',1,0,50,0,0),(181,'25000.00',1,0,50.0583,0,0),(182,'25000.00',1,0,70.0167,0,0),(183,'25000.00',1,0,47.025,0,0),(184,'8518754.67',7,2759072,10000,0,2),(185,'25000.00',1,0,50.025,0,0),(186,'25000.00',1,0,50.0083,0,0),(187,'25000.00',1,0,50,0,0),(188,'25000.00',1,0,50.0167,0,0),(189,'25000.00',1,0,50.1167,0,0),(190,'25000.00',1,0,47.0083,0,0),(191,'25500.00',1,0,53,0,0),(192,'24515.21',1,11,47.05,0,0),(193,'25000.00',1,0,50.025,0,0),(194,'25000.00',1,0,50.075,0,0),(195,'21935.21',1,11,53.1,0,0),(196,'25000.00',1,15,47.025,0,0),(197,'25000.00',1,0,50.05,0,0),(198,'8595.46',1,160,601.153,0,0),(199,'21453.61',1,11,47.0833,0,0),(200,'24500.00',1,0,47.0083,0,0),(201,'25000.00',1,0,50,0,0),(202,'24500.00',1,0,50.15,0,0),(203,'13915.21',1,26,44.1167,0,0),(204,'25000.00',1,0,50,0,0),(205,'1376.07',1,20,146.153,0,0),(206,'21068.84',1,22,898.25,0,0),(207,'25000.00',1,0,50.0667,0,0),(208,'25000.00',1,0,50.025,0,0),(209,'25000.00',1,0,50.0167,0,0),(210,'7164.54',1,100,35.4083,0,0),(211,'25000.00',1,0,47.0167,0,0),(212,'12510.38',2,1346,4981.23,0,0),(213,'3410.44',1,37,44.375,0,0),(214,'25000.00',1,0,50.0583,0,0),(215,'25000.00',1,0,50,0,0),(216,'25500.00',1,0,50.0667,0,0),(217,'25000.00',1,0,47.0167,0,0),(218,'25000.00',1,0,50.0083,0,0),(219,'1382.19',1,48,45.2333,0,0),(220,'25000.00',1,0,50,0,0),(221,'25000.00',1,0,47.0667,0,0),(222,'24100.00',1,0,50.025,0,0),(223,'25019.78',1,11,1037.02,0,0),(224,'25000.00',1,0,47.0083,0,0),(225,'6475.21',1,11,57.35,0,0),(226,'25015.21',1,11,47.0083,0,0),(227,'23320.00',1,0,50.075,0,0),(228,'12013.05',1,230,280.583,0,0),(229,'1090.44',1,22,40.1167,0,0),(230,'25000.00',1,0,50,0,0),(231,'25000.00',1,0,50,0,0),(232,'25000.00',1,0,50.0333,0,0),(233,'25000.00',1,0,47.025,0,0),(234,'23500.00',1,0,50.05,0,0),(235,'2535.21',1,11,51.165,0,0),(236,'25000.00',1,0,50.0417,0,0),(237,'22820.00',1,15,52.1,0,0),(238,'1903.05',2,438,4730.64,0,0),(239,'25000.00',1,0,50.025,0,0),(240,'24600.00',1,0,50.075,0,0),(241,'23900.00',1,15,48.0083,0,0),(242,'25000.00',1,0,50.0083,0,0),(243,'25000.00',1,0,50.0167,0,0),(244,'24215.21',1,11,10000,0,0),(245,'25000.00',1,0,50.0167,0,0),(246,'25000.00',1,0,50.0167,0,0),(247,'25000.00',1,0,50.0167,0,0),(248,'25000.00',1,0,50,0,0),(249,'25000.00',1,0,50.0417,0,0),(250,'15793.82',1,82,9997.08,0,0),(251,'25000.00',1,0,50.1167,0,0),(252,'25000.00',1,0,50.0083,0,0),(253,'25015.21',1,11,47.0333,0,0),(254,'16218.67',1,11,47.675,0,0),(255,'25000.00',1,0,50.0083,0,0),(256,'20638.40',1,0,50.125,0,0),(257,'25000.00',1,0,50,0,0),(258,'25000.00',1,0,50.0083,0,0),(259,'25000.00',1,0,50,0,0),(260,'17000.00',1,0,50.0167,0,0),(261,'743.85',1,158,371.233,0,0),(262,'25000.00',1,0,47.0333,0,0),(263,'25000.00',1,0,50,0,0),(264,'25000.00',1,0,50.0167,0,0),(265,'15156.29',1,20,52.7,0,0),(266,'3467.73',1,37,47.1417,0,0),(267,'25000.00',1,0,50.0333,0,0),(268,'25000.00',1,0,50.15,0,0),(269,'350.90',1,199,14.1667,0,0),(270,'25000.00',1,0,50.0417,0,0),(271,'25000.00',1,0,50.0083,0,0),(272,'24117.50',1,26,44.1083,0,0),(273,'25000.00',1,0,50.1,0,0),(274,'25000.00',1,0,50.0333,0,0),(275,'23515.21',1,11,67.0917,0,0),(276,'8161.01',1,104,32.75,0,0),(277,'25000.00',1,0,50.0083,0,0),(278,'25000.00',1,0,50,0,0),(279,'23900.00',1,15,48.0583,0,0),(280,'25000.00',1,0,50.0917,0,0),(281,'22950.44',1,22,44.25,0,0),(282,'25000.00',1,0,50.0667,0,0),(283,'14248.00',1,0,48.2,0,0),(284,'25000.00',1,0,50,0,0),(285,'3657.95',1,75,47.0833,0,0),(286,'25015.21',1,11,47.05,0,0),(287,'25000.00',1,0,50.0333,0,0),(288,'25000.00',1,0,50.0417,0,0),(289,'25000.00',1,15,47.0083,0,0),(290,'25000.00',1,0,50.0083,0,0),(291,'25000.00',1,0,50.0083,0,0),(292,'25000.00',1,0,50.025,0,0),(293,'24500.00',1,0,51.35,0,0),(294,'24500.00',1,0,50.0417,0,0),(295,'25000.00',1,0,74.0083,0,0),(296,'25000.00',1,0,50,0,0),(297,'25000.00',1,0,50.0083,0,0),(298,'25000.00',1,0,50.025,0,0),(299,'25000.00',1,0,50.0083,0,0),(300,'25000.00',1,0,50.0667,0,0),(301,'25000.00',1,0,50.0167,0,0),(302,'25000.00',1,0,50,0,0),(303,'25000.00',1,0,50.0083,0,0),(304,'25000.00',1,0,47.0417,0,0),(305,'25000.00',1,15,47.025,0,0),(306,'13568.84',1,22,86.125,0,0),(307,'14666.27',1,40,48.0167,0,0),(308,'25000.00',1,0,50.0167,0,0),(309,'25000.00',1,0,50,0,0),(310,'25000.00',1,0,47.025,0,0),(311,'22835.21',1,11,67.225,0,0),(312,'24500.00',1,0,50.1083,0,0),(313,'14035.21',1,11,51.485,0,0),(314,'25000.00',1,0,50.0167,0,0),(315,'25000.00',1,0,50,0,0),(316,'25000.00',1,0,50.0083,0,0),(317,'24800.00',1,15,50.1333,0,0),(318,'1961.89',1,58,3990.18,0,0),(319,'25000.00',1,0,50.15,0,0),(320,'25000.00',1,0,50,0,0),(321,'25000.00',1,0,50.075,0,0),(322,'7701.17',1,22,47,0,0),(323,'25000.00',1,0,50,0,0),(324,'25000.00',1,0,50,0,0),(325,'25015.21',1,11,47.0167,0,0),(326,'25000.00',1,0,47.025,0,0),(327,'25000.00',1,0,50.025,0,0),(328,'22835.21',1,11,47.275,0,0),(329,'25000.00',1,0,50.0083,0,0),(330,'14535.21',1,11,48.165,0,0),(331,'20750.44',1,37,44.6,0,0),(332,'25000.00',1,0,50,0,0),(333,'25000.00',1,0,50,0,0),(334,'25000.00',1,0,47.0333,0,0),(335,'25000.00',1,0,50.0083,0,0),(336,'23700.00',1,0,87.0583,0,0),(337,'4500.00',1,0,2150.16,0,0),(338,'16521.30',1,29,49.2083,0,0),(339,'25000.00',1,0,47.0083,0,0),(340,'24500.00',1,0,50.025,0,0),(341,'25000.00',1,0,50,0,0),(342,'25000.00',1,0,50.15,0,0),(343,'25000.00',1,0,50.0333,0,0),(344,'25000.00',1,0,50.0667,0,0),(345,'25000.00',1,0,50,0,0),(346,'25000.00',1,0,50.0083,0,0),(347,'25015.21',1,26,47.025,0,0),(348,'25000.00',1,0,50.0583,0,0),(349,'25000.00',1,0,50.0083,0,0),(350,'25000.00',1,0,50,0,0),(351,'25000.00',1,0,47.0167,0,0),(352,'25000.00',1,0,70.05,0,0),(353,'25000.00',1,0,50.0083,0,0),(354,'25000.00',1,0,50,0,0),(355,'25000.00',1,0,50.0083,0,0),(356,'25000.00',1,0,47.0417,0,0),(357,'24615.21',1,11,67.0417,0,0),(358,'20738.40',1,0,47.0417,0,0),(359,'5881.85',2,1204,54.05,0,1),(360,'5942.43',1,11,48.2167,0,0),(361,'25000.00',1,0,47.1583,0,0),(362,'25000.00',1,0,50,0,0),(363,'25015.21',1,11,48.0667,0,0),(364,'25000.00',1,0,50.1083,0,0),(365,'291.01',1,0,50.325,0,0),(366,'25000.00',1,0,50,0,0),(367,'25000.00',1,0,50.05,0,0),(368,'25000.00',1,0,50.1167,0,0),(369,'25000.00',1,0,50.0333,0,0),(370,'25000.00',1,0,50.0083,0,0),(371,'25000.00',1,0,47.0417,0,0),(372,'25000.00',1,0,50,0,0),(373,'25000.00',1,0,47.05,0,0),(374,'25105.91',1,64,59.0167,0,0),(375,'25000.00',1,0,47.0667,0,0),(376,'25000.00',1,0,50.0167,0,0),(377,'4265.94',1,11,429.3,0,0),(378,'25000.00',1,0,47.15,0,0),(379,'25000.00',1,0,50,0,0),(380,'22935.21',1,11,47.05,0,0),(381,'25000.00',1,0,47.0167,0,0),(382,'25000.00',1,0,50.0417,0,0),(383,'25000.00',1,0,50.025,0,0),(384,'24115.21',1,26,52.0167,0,0),(385,'25000.00',1,0,50.0083,0,0),(386,'10437.19',1,75,60.275,0,0),(387,'25000.00',1,0,50,0,0),(388,'25515.21',1,11,47.0417,0,0),(389,'25000.00',1,0,47.025,0,0),(390,'24115.21',1,11,47.025,0,0),(391,'25000.00',1,0,47.025,0,0),(392,'1965.08',1,218,41.45,0,0),(393,'25000.00',1,0,50,0,0),(394,'25000.00',1,0,47.0167,0,0),(395,'25000.00',1,0,50.025,0,0),(396,'9502.21',1,11,7.01667,0,0),(397,'25000.00',1,0,47.0083,0,0),(398,'25000.00',1,15,50.0333,0,0),(399,'25000.00',1,0,59.0083,0,0),(400,'5771.09',2,726,1104.46,0,0),(401,'24500.00',1,0,47.0333,0,0),(402,'25000.00',1,0,50,0,0),(403,'25000.00',1,0,50.025,0,0),(404,'25000.00',1,0,50.1,0,0),(405,'9566.40',1,34,64.0167,0,0),(406,'25000.00',1,0,50.675,0,0),(407,'25000.00',1,0,50.1583,0,0),(408,'25000.00',1,0,47.05,0,0),(409,'25000.00',1,0,50,0,0),(410,'22850.44',1,37,25.05,0,0),(411,'25000.00',1,0,50.0083,0,0),(412,'25000.00',1,0,50.0333,0,0),(413,'25000.00',1,0,50.0583,0,0),(414,'25000.00',1,0,50,0,0),(415,'25000.00',1,0,47.0583,0,0),(416,'25000.00',1,0,47.0333,0,0),(417,'25000.00',1,0,50.9167,0,0),(418,'25000.00',1,0,50.0167,0,0),(419,'25015.21',1,11,47.0583,0,0),(420,'25000.00',1,0,50,0,0),(421,'25500.00',1,0,50.0167,0,0),(422,'25000.00',1,0,47.0083,0,0),(423,'6496.22',1,26,44.2333,0,0),(424,'6111.14',2,656,968.817,0,0),(425,'11568.84',1,22,44.0717,0,0),(426,'24500.00',1,15,50.075,0,0),(427,'25000.00',1,0,50.0083,0,0),(428,'25000.00',1,0,50,0,0),(429,'25000.00',1,0,50.0083,0,0),(430,'20935.21',1,11,44.075,0,0),(431,'25000.00',1,0,47.0167,0,0),(432,'14820.00',1,0,47.175,0,0),(433,'25000.00',1,0,47.0333,0,0),(434,'25000.00',1,0,50.0083,0,0),(435,'1340.63',1,76,206.375,0,0),(436,'25500.00',1,0,50.05,0,0),(437,'25000.00',1,0,50,0,0),(438,'225.27',1,144,100.367,0,0),(439,'25000.00',1,0,50.0417,0,0),(440,'25000.00',1,0,47.0583,0,0),(441,'25000.00',1,0,47.0167,0,0),(442,'25000.00',1,0,50.0083,0,0),(443,'25000.00',1,0,50,0,0),(444,'25500.00',1,0,50.0667,0,0),(445,'25000.00',1,0,50.0333,0,0),(446,'24500.00',1,0,47.0417,0,0),(447,'25015.21',1,11,47.0083,0,0),(448,'25000.00',1,0,50,0,0),(449,'24232.72',1,22,44.0333,0,0),(450,'25000.00',1,0,50.05,0,0),(451,'25000.00',1,0,50.0083,0,0),(452,'25000.00',1,0,50.0333,0,0),(453,'25000.00',1,0,50.1167,0,0),(454,'25000.00',1,0,50.0167,0,0),(455,'25000.00',1,0,50.0083,0,0),(456,'25000.00',1,0,50.0083,0,0),(457,'25000.00',1,0,50.0083,0,0),(458,'25000.00',1,0,47.0167,0,0),(459,'23500.00',1,15,47.1167,0,0),(460,'20124.80',1,22,46.05,0,0),(461,'25000.00',1,0,50,0,0),(462,'24500.00',1,0,50.15,0,0),(463,'25000.00',1,0,50,0,0),(464,'13313.04',1,52,38.4167,0,0),(465,'25000.00',1,0,50.05,0,0),(466,'2397.02',1,202,82.5833,0,0),(467,'24600.00',1,0,70.1,0,0),(468,'25000.00',1,0,50.0333,0,0),(469,'25000.00',1,0,50.0333,0,0),(470,'18333.48',1,22,66.0417,0,0),(471,'25000.00',1,0,50,0,0),(472,'25000.00',1,0,50,0,0),(473,'25000.00',1,0,50.025,0,0),(474,'24500.00',1,0,47,0,0),(475,'25000.00',1,0,50,0,0),(476,'786.93',2,545,40.165,0,0),(477,'4602.02',1,33,31.0083,0,0),(478,'25000.00',1,0,50.0667,0,0),(479,'25000.00',1,0,50.0167,0,0),(480,'25000.00',1,0,50,0,0),(481,'25000.00',1,0,55.1,0,0),(482,'22850.44',1,22,41.05,0,0),(483,'25000.00',1,0,50.0083,0,0),(484,'16595.62',1,103,27.075,0,0),(485,'25000.00',1,0,50.0083,0,0),(486,'25000.00',1,0,47.0833,0,0),(487,'25000.00',1,0,50.05,0,0),(488,'25000.00',1,0,50,0,0),(489,'25000.00',1,0,50.0667,0,0),(490,'25000.00',1,0,50.075,0,0),(491,'25030.44',1,22,46.425,0,0),(492,'24960.00',1,0,47.0167,0,0),(493,'25000.00',1,0,50,0,0),(494,'25000.00',1,0,50.0083,0,0),(495,'25000.00',1,0,50,0,0),(496,'23715.21',1,26,47.0333,0,0),(497,'25000.00',1,0,50.0083,0,0),(498,'5526718.86',7,1682326,10000,0,2),(499,'5926.66',1,143,55.0583,0,0),(500,'403.90',2,1770,5046.17,0,0),(501,'25000.00',1,0,47.0333,0,0),(502,'25000.00',1,0,50.0083,0,0),(503,'4405.33',1,22,6.075,0,0),(504,'25000.00',1,0,50.0083,0,0),(505,'6654.90',2,1973,10000,0,0),(506,'24500.00',1,0,47.0167,0,0),(507,'25000.00',1,0,50,0,0),(508,'25000.00',1,0,50.0583,0,0),(509,'24100.00',1,0,50.5417,0,0),(510,'20610.54',1,92,20.0167,0,0),(511,'25000.00',1,0,50.075,0,0),(512,'25015.21',1,11,44.025,0,0),(513,'25000.00',1,0,47.0167,0,0),(514,'21370.00',1,0,47.025,0,0),(515,'25000.00',1,0,50.575,0,0),(516,'25000.00',1,0,50,0,0),(517,'24120.54',1,11,48.025,0,0),(518,'25500.00',1,0,50.025,0,0),(519,'25000.00',1,0,50,0,0),(520,'25000.00',1,0,50,0,0),(521,'25000.00',1,0,47.0417,0,0),(522,'8626.50',1,97,63.55,0,0),(523,'25000.00',1,0,47.075,0,0),(524,'25000.00',1,0,50.0083,0,0),(525,'25000.00',1,0,47.0167,0,0),(526,'25000.00',1,0,50.05,0,0),(527,'631.53',1,129,10000,0,1),(528,'25015.21',1,11,42.0083,0,0),(529,'25000.00',1,0,50.025,0,0),(530,'17000.00',1,0,50.025,0,0),(531,'25000.00',1,0,50.0167,0,0),(532,'12788.53',1,75,38.4083,0,0),(533,'25000.00',1,0,50.0083,0,0),(534,'25000.00',1,0,50.1083,0,0),(535,'6086.06',1,99,46.165,0,0),(536,'25000.00',1,0,50,0,0),(537,'25000.00',1,0,50.0417,0,0),(538,'25000.00',1,0,50.0333,0,0),(539,'25000.00',1,0,50.0083,0,0),(540,'25000.00',1,0,50.05,0,0),(541,'25000.00',1,0,50.0167,0,0),(542,'601.87',1,119,112.355,0,0),(543,'25000.00',1,0,47.0333,0,0),(544,'25000.00',1,0,47.025,0,0),(545,'25000.00',1,0,47.0333,0,0),(546,'11501.17',1,37,45.075,0,0),(547,'25000.00',1,0,50.15,0,0),(548,'24615.21',1,11,47.025,0,0),(549,'25000.00',1,0,50,0,0),(550,'25000.00',1,0,50,0,0),(551,'25500.00',1,0,50.0333,0,0),(552,'17000.00',1,0,50.0083,0,0),(553,'25015.21',1,11,47.3333,0,0),(554,'25000.00',1,0,47.025,0,0),(555,'25000.00',1,0,50.0333,0,0),(556,'25000.00',1,0,50.0167,0,0),(557,'25000.00',1,0,50.0167,0,0),(558,'25000.00',1,0,50.075,0,0),(559,'25000.00',1,0,50.0083,0,0),(560,'24250.00',1,0,50.0083,0,0),(561,'25500.00',1,0,50.0167,0,0),(562,'1057.66',1,37,42.375,0,0),(563,'25000.00',1,0,50.0417,0,0),(564,'25500.00',1,0,50.0083,0,0),(565,'25000.00',1,0,50.025,0,0),(566,'25000.00',1,0,50,0,0),(567,'25000.00',1,0,50.0917,0,0),(568,'25000.00',1,0,47.0417,0,0),(569,'25000.00',1,0,50,0,0),(570,'24500.00',1,0,50.0417,0,0),(571,'10790.65',1,38,57.0417,0,0),(572,'10936.74',1,11,47.715,0,0),(573,'25000.00',1,0,47,0,0),(574,'25000.00',1,0,50.0167,0,0),(575,'24515.21',1,26,47.0333,0,0),(576,'25000.00',1,0,50,0,0),(577,'25000.00',1,0,50.025,0,0),(578,'18138.40',1,0,50.0833,0,0),(579,'25000.00',1,0,50.0833,0,0),(580,'25000.00',1,0,50.0083,0,0),(581,'25000.00',1,0,47.025,0,0),(582,'430.25',1,51,86.675,0,0),(583,'25500.00',1,0,50.0167,0,0),(584,'25000.00',1,0,50,0,0),(585,'25000.00',1,0,50.1,0,0),(586,'25000.00',1,0,7605.03,0,0),(587,'25000.00',1,0,47.0083,0,0),(588,'25000.00',1,0,70.0417,0,0),(589,'17128.00',1,0,47.05,0,0),(590,'20701.08',1,11,47.1,0,0),(591,'25000.00',1,0,50.0333,0,0),(592,'25000.00',1,0,50.0583,0,0),(593,'25000.00',1,0,50,0,0),(594,'25000.00',1,0,50.0083,0,0),(595,'25000.00',1,0,50.0083,0,0),(596,'25000.00',1,0,47,0,0),(597,'25000.00',1,0,50.0167,0,0),(598,'25000.00',1,0,50,0,0),(599,'25000.00',1,0,50.0083,0,0),(600,'25000.00',1,0,57.45,0,0),(601,'25000.00',1,0,50.0583,0,0),(602,'21150.00',1,0,47.0917,0,0),(603,'25000.00',1,15,53.025,0,0),(604,'24615.21',1,11,47.025,0,0),(605,'25000.00',1,0,50.0417,0,0),(606,'25000.00',1,0,50.0083,0,0),(607,'25000.00',1,0,50.0833,0,0),(608,'25000.00',1,0,50,0,0),(609,'25000.00',1,0,47.0167,0,0),(610,'25000.00',1,0,47.0083,0,0),(611,'25000.00',1,0,50.0083,0,0),(612,'25000.00',1,0,47.075,0,0),(613,'47.78',1,171,104.5,0,0),(614,'6535.21',1,11,173.11,2,0),(615,'178.56',2,563,1427.32,0,0),(616,'25000.00',1,0,50.0083,0,0),(617,'25015.21',1,11,47.2583,0,0),(618,'25000.00',1,0,47.0333,0,0),(619,'24100.00',1,15,47,0,0),(620,'22085.21',1,11,5047.05,0,0),(621,'25000.00',1,0,50.05,0,0),(622,'24600.00',1,0,50.05,0,0),(623,'25000.00',1,0,50.125,0,0),(624,'25000.00',1,0,50.0167,0,0),(625,'187.23',2,631,27.0417,0,0),(626,'25000.00',1,0,50.0083,0,0),(627,'25000.00',1,0,50.1083,0,0),(628,'25000.00',1,0,50.0083,0,0),(629,'25000.00',1,0,50.0083,0,0),(630,'25000.00',1,0,10000,0,0),(631,'24515.21',1,26,47.2167,0,0),(632,'17044.66',3,2056,3086.38,0,0),(633,'25000.00',1,0,50.1167,0,0),(634,'25000.00',1,0,47.0667,0,0),(635,'25000.00',1,0,50.0417,0,0),(636,'25000.00',1,0,50.0083,0,0),(637,'25000.00',1,0,47.0167,0,0),(638,'16822.03',3,3663,7701.4,0,0),(639,'25000.00',1,0,47.1667,0,0),(640,'25000.00',1,0,50.0083,0,0),(641,'22835.21',1,11,47.15,0,0),(642,'25000.00',1,0,47.0333,0,0),(643,'18113.60',1,193,10000,0,0),(644,'25000.00',1,0,50.0083,0,0);
/*!40000 ALTER TABLE `stats` ENABLE KEYS */;
UNLOCK TABLES;

--
-- Table structure for table `storage`
--

DROP TABLE IF EXISTS `storage`;
/*!40101 SET @saved_cs_client     = @@character_set_client */;
/*!40101 SET character_set_client = utf8 */;
CREATE TABLE `storage` (
  `id` int(11) NOT NULL AUTO_INCREMENT,
  `user_id` int(11) NOT NULL,
  `part_id` int(11) NOT NULL,
  `garage_id` int(11) NOT NULL,
  `liga` int(11) NOT NULL,
  `part` tinytext NOT NULL,
  `value` int(11) NOT NULL,
  `sell` double NOT NULL,
  `sell_date` int(11) NOT NULL,
  PRIMARY KEY (`id`)
) ENGINE=InnoDB AUTO_INCREMENT=902 DEFAULT CHARSET=latin1;
/*!40101 SET character_set_client = @saved_cs_client */;

--
-- Dumping data for table `storage`
--

LOCK TABLES `storage` WRITE;
/*!40000 ALTER TABLE `storage` DISABLE KEYS */;
INSERT INTO `storage` VALUES (1,14,12,14,1,'kolben',3,0,0),(2,14,16,14,1,'katalysator',1,0,0),(3,14,6,14,1,'gelochte',10,0,0),(4,14,8,14,1,'getriebe',8,0,0),(5,15,1,15,1,'nockenwelle',5,0,0),(6,15,10,0,1,'kruemmer',1,0,0),(7,20,1,20,1,'nockenwelle',3,0,0),(8,20,4,20,1,'sportesd',1,0,0),(9,29,1,31,1,'nockenwelle',3,0,0),(10,29,4,31,1,'sportesd',4,0,0),(11,24,15,30,1,'turbocharger',33,0,0),(12,24,1,25,1,'nockenwelle',3,0,0),(13,24,1,30,1,'nockenwelle',4,0,0),(14,24,12,25,1,'kolben',4,0,0),(15,39,1,41,1,'nockenwelle',5,0,0),(16,39,6,41,1,'gelochte',7,0,0),(17,39,6,0,1,'gelochte',7,0,0),(18,38,1,40,1,'nockenwelle',7,0,0),(19,39,6,0,1,'gelochte',5,0,0),(20,49,4,53,1,'sportesd',1,0,0),(21,38,16,40,1,'katalysator',2,0,0),(22,39,8,0,1,'getriebe',8,0,0),(23,40,1,0,1,'nockenwelle',4,0,0),(24,24,4,30,1,'sportesd',2,0,0),(25,29,6,0,1,'gelochte',5,0,0),(26,24,4,25,1,'sportesd',1,0,0),(27,42,1,0,1,'nockenwelle',3,0,0),(28,40,12,0,1,'kolben',3,0,0),(29,38,4,40,1,'sportesd',1,0,0),(30,24,12,30,1,'kolben',6,0,0),(31,24,16,30,1,'katalysator',1,0,0),(32,29,15,0,1,'turbocharger',27,0,0),(33,24,16,25,1,'katalysator',1,0,0),(34,39,15,41,1,'turbocharger',26,0,0),(35,49,1,53,1,'nockenwelle',3,0,0),(36,49,12,53,1,'kolben',4,0,0),(37,52,1,69,1,'nockenwelle',4,0,0),(38,52,12,69,1,'kolben',3,0,0),(39,52,4,69,1,'sportesd',2,0,0),(40,52,10,69,1,'kruemmer',1,0,0),(41,56,1,61,1,'nockenwelle',4,0,0),(42,52,16,69,1,'katalysator',2,0,0),(43,59,1,75,1,'nockenwelle',4,0,0),(44,56,12,61,1,'kolben',2,0,0),(45,56,8,0,1,'getriebe',14,0,0),(46,59,16,75,1,'katalysator',1,0,0),(47,49,15,53,1,'turbocharger',39,0,0),(48,67,4,74,1,'sportesd',1,0,0),(49,67,4,0,1,'sportesd',1,0,0),(50,69,1,79,1,'nockenwelle',6,0,0),(51,69,12,79,1,'kolben',4,0,0),(52,69,4,79,1,'sportesd',1,0,0),(53,69,10,77,1,'kruemmer',1,0,0),(54,69,16,77,1,'katalysator',1,0,0),(56,73,12,83,1,'kolben',3,0,0),(57,73,1,83,1,'nockenwelle',8,0,0),(58,73,4,83,1,'sportesd',1,0,0),(59,73,10,83,1,'kruemmer',1,0,0),(60,73,16,83,1,'katalysator',1,0,0),(62,73,6,83,1,'gelochte',11,0,0),(63,78,1,99,1,'nockenwelle',4,0,0),(64,79,1,100,1,'nockenwelle',5,0,0),(65,73,8,83,1,'getriebe',8,0,0),(66,79,12,100,1,'kolben',3,0,0),(67,78,15,0,1,'turbocharger',22,0,0),(68,84,1,94,1,'nockenwelle',4,0,0),(69,84,12,94,1,'kolben',3,0,0),(70,79,8,100,1,'getriebe',11,0,0),(71,84,4,94,1,'sportesd',1,0,0),(72,84,6,94,1,'gelochte',13,0,0),(73,87,1,0,1,'nockenwelle',6,0,0),(74,84,8,94,1,'getriebe',8,0,0),(75,73,18,83,1,'doppelkupplung',7,0,0),(76,84,10,94,1,'kruemmer',1,0,0),(77,84,16,94,1,'katalysator',1,0,0),(78,79,18,100,1,'doppelkupplung',7,0,0),(79,78,15,99,1,'turbocharger',28,0,0),(80,79,6,100,1,'gelochte',7,0,0),(81,79,16,100,1,'katalysator',2,0,0),(82,79,10,100,1,'kruemmer',1,0,0),(83,79,4,100,1,'sportesd',1,0,0),(84,93,12,108,1,'kolben',2,0,0),(85,93,1,108,1,'nockenwelle',3,0,0),(86,93,8,108,1,'getriebe',10,0,0),(87,93,6,108,1,'gelochte',7,0,0),(88,79,15,0,1,'turbocharger',28,0,0),(89,104,1,118,1,'nockenwelle',3,0,0),(90,104,12,0,1,'kolben',3,0,0),(91,102,1,116,1,'nockenwelle',3,0,0),(92,102,4,116,1,'sportesd',3,0,0),(93,102,6,116,1,'gelochte',7,0,0),(94,109,1,124,1,'nockenwelle',3,0,0),(95,73,15,83,1,'turbocharger',28,0,0),(96,115,1,130,1,'nockenwelle',3,0,0),(97,107,15,122,1,'turbocharger',28,0,0),(98,107,1,122,1,'nockenwelle',3,0,0),(99,107,12,122,1,'kolben',3,0,0),(100,107,16,122,1,'katalysator',1,0,0),(101,107,10,122,1,'kruemmer',1,0,0),(102,107,4,122,1,'sportesd',1,0,0),(103,107,6,122,1,'gelochte',7,0,0),(104,107,8,0,1,'getriebe',8,0,0),(105,119,1,140,1,'nockenwelle',3,0,0),(106,121,1,0,1,'nockenwelle',7,0,0),(107,119,4,140,1,'sportesd',1,0,0),(108,119,10,140,1,'kruemmer',3,0,0),(109,119,16,140,1,'katalysator',1,0,0),(110,119,8,140,1,'getriebe',7,0,0),(111,119,6,140,1,'gelochte',7,0,0),(112,128,1,146,1,'nockenwelle',3,0,0),(113,130,1,0,1,'nockenwelle',4,0,0),(114,128,4,146,1,'sportesd',3,0,0),(115,119,15,140,1,'turbocharger',28,0,0),(116,134,1,151,1,'nockenwelle',3,0,0),(117,134,12,151,1,'kolben',3,0,0),(118,134,15,0,1,'turbocharger',28,0,0),(119,121,12,0,1,'kolben',3,0,0),(120,142,1,160,1,'nockenwelle',5,0,0),(121,143,1,0,1,'nockenwelle',3,0,0),(122,143,4,0,1,'sportesd',2,0,0),(123,143,6,0,1,'gelochte',6,0,0),(124,146,1,0,1,'nockenwelle',9,0,0),(125,145,1,171,1,'nockenwelle',3,0,0),(126,142,15,160,1,'turbocharger',27,0,0),(127,128,12,146,1,'kolben',3,0,0),(128,128,16,146,1,'katalysator',1,0,0),(129,142,8,0,1,'getriebe',11,0,0),(130,128,6,146,1,'gelochte',7,0,0),(131,155,1,175,1,'nockenwelle',2,0,0),(132,143,15,0,1,'turbocharger',27,0,0),(133,143,8,0,1,'getriebe',8,0,0),(134,163,1,187,1,'nockenwelle',3,0,0),(135,163,12,187,1,'kolben',2,0,0),(136,163,10,187,1,'kruemmer',2,0,0),(137,163,16,187,1,'katalysator',2,0,0),(138,166,1,188,1,'nockenwelle',3,0,0),(139,163,4,187,1,'sportesd',3,0,0),(140,163,6,0,1,'gelochte',5,0,0),(141,163,6,187,1,'gelochte',6,0,0),(142,166,12,188,1,'kolben',4,0,0),(143,167,1,189,1,'nockenwelle',2,0,0),(144,169,1,0,1,'nockenwelle',6,0,0),(145,173,1,196,1,'nockenwelle',3,0,0),(146,173,8,196,1,'getriebe',7,0,0),(147,173,4,196,1,'sportesd',1,0,0),(148,173,6,196,1,'gelochte',7,0,0),(149,179,1,0,1,'nockenwelle',3,0,0),(150,464,15,513,1,'turbocharger',28,0,0),(151,184,1,387,1,'nockenwelle',9,0,0),(152,184,12,387,1,'kolben',6,0,0),(154,184,4,387,1,'sportesd',1,0,0),(155,184,10,387,1,'kruemmer',1,0,0),(156,184,16,387,1,'katalysator',1,0,0),(158,195,12,219,1,'kolben',3,0,0),(159,184,18,387,1,'doppelkupplung',8,0,0),(160,198,1,224,1,'nockenwelle',3,0,0),(161,198,12,0,1,'kolben',4,0,0),(162,200,1,0,1,'nockenwelle',3,0,0),(163,203,1,228,1,'nockenwelle',6,0,0),(164,203,12,228,1,'kolben',4,0,0),(165,155,15,175,1,'turbocharger',28,0,0),(166,205,1,232,1,'nockenwelle',3,0,0),(167,205,12,232,1,'kolben',6,0,0),(168,212,1,247,1,'nockenwelle',4,0,0),(169,210,1,244,1,'nockenwelle',3,0,0),(170,210,4,244,1,'sportesd',1,0,0),(171,212,12,247,1,'kolben',5,0,0),(172,210,12,244,1,'kolben',3,0,0),(173,212,16,247,1,'katalysator',1,0,0),(174,210,6,244,1,'gelochte',7,0,0),(175,212,10,247,1,'kruemmer',1,0,0),(176,210,10,244,1,'kruemmer',3,0,0),(177,210,16,0,1,'katalysator',1,0,0),(178,219,1,248,1,'nockenwelle',6,0,0),(179,212,18,247,1,'doppelkupplung',5,0,0),(180,205,15,232,1,'turbocharger',36,0,0),(181,205,6,232,1,'gelochte',7,0,0),(182,219,1,0,1,'nockenwelle',5,0,0),(183,222,1,0,1,'nockenwelle',2,0,0),(184,223,1,252,1,'nockenwelle',6,0,0),(185,228,1,257,1,'nockenwelle',3,0,0),(186,228,12,257,1,'kolben',3,0,0),(187,228,4,257,1,'sportesd',4,0,0),(188,228,10,257,1,'kruemmer',2,0,0),(189,228,16,257,1,'katalysator',1,0,0),(190,228,6,257,1,'gelochte',7,0,0),(191,228,8,257,1,'getriebe',6,0,0),(192,228,18,257,1,'doppelkupplung',8,0,0),(193,234,1,0,1,'nockenwelle',2,0,0),(194,212,15,247,1,'turbocharger',39,0,0),(195,212,6,247,1,'gelochte',7,0,0),(196,238,12,267,1,'kolben',5,0,0),(197,238,16,267,1,'katalysator',1,0,0),(198,238,4,267,1,'sportesd',1,0,0),(199,238,1,267,1,'nockenwelle',3,0,0),(200,238,10,267,1,'kruemmer',1,0,0),(201,238,6,267,1,'gelochte',8,0,0),(202,212,8,247,1,'getriebe',8,0,0),(203,238,15,267,1,'turbocharger',35,0,0),(204,238,8,267,1,'getriebe',8,0,0),(205,125,1,0,1,'nockenwelle',8,0,0),(206,241,1,270,1,'nockenwelle',5,0,0),(207,241,12,270,1,'kolben',3,0,0),(208,238,18,267,1,'doppelkupplung',5,0,0),(209,238,1,0,1,'nockenwelle',3,0,0),(210,241,4,270,1,'sportesd',1,0,0),(211,244,1,0,1,'nockenwelle',3,0,0),(212,238,4,0,1,'sportesd',1,0,0),(213,250,1,279,1,'nockenwelle',2,0,0),(214,238,10,0,1,'kruemmer',1,0,0),(215,250,12,279,1,'kolben',6,0,0),(216,256,12,0,1,'kolben',3,0,0),(217,228,15,257,1,'turbocharger',28,0,0),(218,260,1,0,1,'nockenwelle',3,0,0),(219,261,6,292,1,'gelochte',7,0,0),(220,261,4,292,1,'sportesd',3,0,0),(221,265,1,297,1,'nockenwelle',3,0,0),(222,265,12,297,1,'kolben',3,0,0),(223,265,4,297,1,'sportesd',3,0,0),(224,265,10,297,1,'kruemmer',2,0,0),(225,265,16,297,1,'katalysator',1,0,0),(226,265,6,297,1,'gelochte',5,0,0),(227,266,1,298,1,'nockenwelle',1,0,0),(228,265,15,297,1,'turbocharger',42,0,0),(229,265,8,297,1,'getriebe',7,0,0),(230,265,18,297,1,'doppelkupplung',5,0,0),(231,269,4,301,1,'sportesd',1,0,0),(232,269,1,301,1,'nockenwelle',3,0,0),(233,269,15,303,1,'turbocharger',30,0,0),(234,269,8,303,1,'getriebe',8,0,0),(235,269,1,303,1,'nockenwelle',6,0,0),(236,269,6,303,1,'gelochte',10,0,0),(237,272,1,305,1,'nockenwelle',3,0,0),(238,272,12,305,1,'kolben',3,0,0),(239,269,12,0,1,'kolben',2,0,0),(240,275,1,308,1,'nockenwelle',7,0,0),(241,275,6,308,1,'gelochte',10,0,0),(242,276,4,310,1,'sportesd',1,0,0),(243,276,16,310,1,'katalysator',1,0,0),(244,276,10,310,1,'kruemmer',1,0,0),(245,276,12,310,1,'kolben',4,0,0),(246,276,1,310,1,'nockenwelle',3,0,0),(247,276,6,310,1,'gelochte',14,0,0),(248,279,1,0,1,'nockenwelle',2,0,0),(249,279,12,0,1,'kolben',4,0,0),(250,279,4,0,1,'sportesd',1,0,0),(251,281,1,0,1,'nockenwelle',4,0,0),(252,283,1,318,1,'nockenwelle',3,0,0),(253,283,12,318,1,'kolben',3,0,0),(254,283,16,318,1,'katalysator',1,0,0),(255,283,10,0,1,'kruemmer',2,0,0),(256,285,1,320,1,'nockenwelle',3,0,0),(257,285,6,0,1,'gelochte',7,0,0),(258,285,6,0,1,'gelochte',8,0,0),(259,285,6,320,1,'gelochte',10,0,0),(260,285,1,0,1,'nockenwelle',3,0,0),(261,285,8,320,1,'getriebe',8,0,0),(262,285,18,320,1,'doppelkupplung',5,0,0),(263,293,1,328,1,'nockenwelle',3,0,0),(264,306,1,341,1,'nockenwelle',6,0,0),(265,307,1,342,1,'nockenwelle',5,0,0),(266,307,8,342,1,'getriebe',10,0,0),(267,306,12,341,1,'kolben',3,0,0),(268,307,18,342,1,'doppelkupplung',7,0,0),(269,306,4,341,1,'sportesd',1,0,0),(270,306,10,341,1,'kruemmer',1,0,0),(271,307,4,342,1,'sportesd',3,0,0),(272,306,16,341,1,'katalysator',1,0,0),(273,306,6,341,1,'gelochte',7,0,0),(274,307,10,342,1,'kruemmer',2,0,0),(275,307,16,342,1,'katalysator',1,0,0),(276,307,6,342,1,'gelochte',8,0,0),(277,307,15,342,1,'turbocharger',28,0,0),(278,307,12,342,1,'kolben',3,0,0),(279,307,1,0,1,'nockenwelle',3,0,0),(280,313,1,348,1,'nockenwelle',3,0,0),(281,318,1,353,1,'nockenwelle',3,0,0),(282,318,4,353,1,'sportesd',2,0,0),(283,318,6,353,1,'gelochte',5,0,0),(284,39,8,0,1,'getriebe',6,0,0),(285,115,4,130,1,'sportesd',3,0,0),(286,115,12,130,1,'kolben',3,0,0),(287,163,18,187,1,'doppelkupplung',5,0,0),(288,330,1,0,1,'nockenwelle',6,0,0),(289,69,21,0,2,'nockenwelle',7,0,0),(290,336,1,371,1,'nockenwelle',3,0,0),(291,338,1,374,1,'nockenwelle',4,0,0),(292,338,4,374,1,'sportesd',2,0,0),(293,338,16,374,1,'katalysator',1,0,0),(294,338,10,374,1,'kruemmer',1,0,0),(295,338,6,374,1,'gelochte',7,0,0),(296,338,15,374,1,'turbocharger',29,0,0),(297,338,8,374,1,'getriebe',8,0,0),(298,340,1,0,1,'nockenwelle',5,0,0),(299,336,12,371,1,'kolben',2,0,0),(300,358,1,396,1,'nockenwelle',3,0,0),(301,359,1,401,1,'nockenwelle',3,0,0),(302,359,12,401,1,'kolben',3,0,0),(303,392,15,435,1,'turbocharger',29,0,0),(304,359,8,401,1,'getriebe',12,0,0),(305,359,16,401,1,'katalysator',2,0,0),(306,359,10,401,1,'kruemmer',1,0,0),(307,359,4,401,1,'sportesd',4,0,0),(308,359,6,401,1,'gelochte',13,0,0),(309,359,18,401,1,'doppelkupplung',5,0,0),(310,359,15,401,1,'turbocharger',33,0,0),(311,359,65,0,2,'kruemmer',3,0,0),(312,318,15,0,1,'turbocharger',28,0,0),(313,380,1,0,1,'nockenwelle',4,0,0),(314,384,1,0,1,'nockenwelle',3,0,0),(315,572,15,638,1,'turbocharger',31,0,0),(316,386,1,0,1,'nockenwelle',6,0,0),(317,386,12,0,1,'kolben',6,0,0),(318,386,1,0,1,'nockenwelle',3,0,0),(319,184,1,428,1,'nockenwelle',8,0,0),(320,184,12,428,1,'kolben',4,0,0),(321,184,16,428,1,'katalysator',1,0,0),(322,184,10,428,1,'kruemmer',1,0,0),(324,392,1,435,1,'nockenwelle',3,0,0),(325,392,4,435,1,'sportesd',1,0,0),(326,145,12,171,1,'kolben',3,0,0),(327,145,10,171,1,'kruemmer',1,0,0),(329,400,4,443,1,'sportesd',1,0,0),(330,184,8,490,1,'getriebe',10,0,0),(331,400,1,0,1,'nockenwelle',3,0,0),(332,400,16,443,1,'katalysator',1,0,0),(333,400,10,443,1,'kruemmer',1,0,0),(334,400,1,443,1,'nockenwelle',6,0,0),(335,400,12,0,1,'kolben',2,0,0),(337,400,1,0,1,'nockenwelle',2,0,0),(338,400,12,0,1,'kolben',5,0,0),(339,400,21,0,2,'nockenwelle',6,0,0),(340,405,6,450,1,'gelochte',12,0,0),(341,405,6,0,1,'gelochte',7,0,0),(342,377,12,416,1,'kolben',5,0,0),(343,477,15,528,1,'turbocharger',28,0,0),(344,250,15,279,1,'turbocharger',28,0,0),(345,410,1,0,1,'nockenwelle',4,0,0),(346,212,4,247,1,'sportesd',1,0,0),(347,423,1,0,1,'nockenwelle',3,0,0),(348,184,15,387,1,'turbocharger',42,0,0),(349,460,15,509,1,'turbocharger',28,0,0),(350,184,18,469,1,'doppelkupplung',6,0,0),(351,425,1,0,1,'nockenwelle',3,0,0),(352,425,6,0,1,'gelochte',8,0,0),(353,424,1,473,1,'nockenwelle',4,0,0),(354,184,8,469,1,'getriebe',13,0,0),(357,424,12,473,1,'kolben',4,0,0),(358,184,12,469,1,'kolben',5,0,0),(359,424,15,473,1,'turbocharger',24,0,0),(360,492,4,545,1,'sportesd',1,0,0),(362,424,16,473,1,'katalysator',1,0,0),(363,184,10,469,1,'kruemmer',1,0,0),(364,184,16,469,1,'katalysator',1,0,0),(365,424,10,473,1,'kruemmer',1,0,0),(366,184,6,469,1,'gelochte',12,0,0),(367,424,4,473,1,'sportesd',1,0,0),(369,184,15,428,1,'turbocharger',35,0,0),(371,496,4,0,1,'sportesd',1,0,0),(372,464,10,513,1,'kruemmer',1,0,0),(373,464,16,513,1,'katalysator',1,0,0),(374,184,4,469,1,'sportesd',3,0,0),(375,460,1,0,1,'nockenwelle',2,0,0),(376,460,1,509,1,'nockenwelle',3,0,0),(377,432,1,0,1,'nockenwelle',7,0,0),(379,424,8,473,1,'getriebe',7,0,0),(380,514,1,574,1,'nockenwelle',4,0,0),(381,435,1,483,1,'nockenwelle',1,0,0),(382,435,12,483,1,'kolben',3,0,0),(383,435,6,0,1,'gelochte',7,0,0),(384,435,15,483,1,'turbocharger',47,0,0),(386,163,15,187,1,'turbocharger',40,0,0),(387,438,1,486,1,'nockenwelle',5,0,0),(388,438,1,0,1,'nockenwelle',3,0,0),(389,438,1,0,1,'nockenwelle',4,0,0),(390,438,4,486,1,'sportesd',2,0,0),(391,438,4,0,1,'sportesd',1,0,0),(392,424,18,473,1,'doppelkupplung',5,0,0),(393,424,6,473,1,'gelochte',7,0,0),(394,438,12,486,1,'kolben',5,0,0),(395,438,6,0,1,'gelochte',7,0,0),(396,438,6,0,1,'gelochte',7,0,0),(397,438,6,0,1,'gelochte',6,0,0),(398,438,6,0,1,'gelochte',7,0,0),(399,438,6,0,1,'gelochte',7,0,0),(400,438,6,486,1,'gelochte',8,0,0),(401,438,6,0,1,'gelochte',7,0,0),(403,438,15,486,1,'turbocharger',48,0,0),(404,163,8,187,1,'getriebe',8,0,0),(405,602,6,682,1,'gelochte',10,0,0),(407,184,18,490,1,'doppelkupplung',9,0,0),(408,438,18,0,1,'doppelkupplung',5,0,0),(409,496,18,0,1,'doppelkupplung',5,0,0),(410,424,21,0,2,'nockenwelle',10,0,0),(411,424,13,0,2,'kolben',5,0,0),(413,184,12,490,1,'kolben',3,0,0),(415,184,10,490,1,'kruemmer',1,0,0),(416,184,16,490,1,'katalysator',1,0,0),(417,527,15,588,1,'turbocharger',34,0,0),(419,449,1,498,1,'nockenwelle',3,0,0),(420,449,12,498,1,'kolben',3,0,0),(421,503,15,561,1,'turbocharger',28,0,0),(422,459,1,0,1,'nockenwelle',2,0,0),(423,459,1,0,1,'nockenwelle',3,0,0),(424,459,1,0,1,'nockenwelle',3,0,0),(425,460,4,509,1,'sportesd',1,0,0),(426,464,12,513,1,'kolben',2,0,0),(427,464,4,513,1,'sportesd',1,0,0),(428,464,1,513,1,'nockenwelle',3,0,0),(429,464,6,513,1,'gelochte',9,0,0),(430,466,1,516,1,'nockenwelle',3,0,0),(431,466,16,516,1,'katalysator',1,0,0),(432,466,10,516,1,'kruemmer',1,0,0),(433,466,12,516,1,'kolben',4,0,0),(434,466,4,516,1,'sportesd',1,0,0),(435,466,15,516,1,'turbocharger',44,0,0),(436,466,6,516,1,'gelochte',12,0,0),(437,466,8,516,1,'getriebe',8,0,0),(438,466,18,516,1,'doppelkupplung',7,0,0),(439,470,1,520,1,'nockenwelle',3,0,0),(440,470,4,520,1,'sportesd',1,0,0),(441,470,6,0,1,'gelochte',7,0,0),(442,499,15,556,1,'turbocharger',28,0,0),(443,163,13,524,2,'kolben',9,0,0),(444,476,1,530,1,'nockenwelle',2,0,0),(445,476,4,530,1,'sportesd',1,0,0),(446,476,6,530,1,'gelochte',8,0,0),(447,477,1,528,1,'nockenwelle',6,0,0),(448,477,12,0,1,'kolben',3,0,0),(449,476,15,530,1,'turbocharger',32,0,0),(450,476,12,0,1,'kolben',2,0,0),(451,476,16,0,1,'katalysator',1,0,0),(452,212,21,0,2,'nockenwelle',8,0,0),(453,163,65,524,2,'kruemmer',4,0,0),(454,163,34,524,2,'gelochte',8,0,0),(455,484,1,537,1,'nockenwelle',3,0,0),(456,484,4,537,1,'sportesd',1,0,0),(457,484,16,537,1,'katalysator',1,0,0),(458,484,10,537,1,'kruemmer',1,0,0),(459,163,21,524,2,'nockenwelle',8,0,0),(460,484,15,537,1,'turbocharger',28,0,0),(461,503,15,0,1,'turbocharger',24,0,0),(462,496,1,0,1,'nockenwelle',8,0,0),(463,498,15,0,1,'turbocharger',28,2700,1490124441),(464,498,1,557,1,'nockenwelle',3,0,0),(465,498,8,557,1,'getriebe',8,0,0),(466,498,12,557,1,'kolben',5,0,0),(467,498,16,557,1,'katalysator',1,0,0),(468,498,10,557,1,'kruemmer',2,0,0),(469,498,18,557,1,'doppelkupplung',6,0,0),(470,184,6,553,1,'gelochte',13,0,0),(471,500,6,558,1,'gelochte',5,0,0),(472,498,4,557,1,'sportesd',1,0,0),(473,498,6,557,1,'gelochte',12,0,0),(474,184,6,552,1,'gelochte',14,0,0),(475,498,1,554,1,'nockenwelle',7,0,0),(476,498,12,554,1,'kolben',2,0,0),(477,498,16,554,1,'katalysator',1,0,0),(478,498,10,554,1,'kruemmer',1,0,0),(479,498,4,554,1,'sportesd',1,0,0),(480,498,6,554,1,'gelochte',5,0,0),(481,498,15,683,1,'turbocharger',31,0,0),(482,499,1,556,1,'nockenwelle',3,0,0),(483,498,8,554,1,'getriebe',8,0,0),(484,499,12,556,1,'kolben',3,0,0),(486,184,15,552,1,'turbocharger',46,0,0),(487,499,4,556,1,'sportesd',1,0,0),(488,500,15,558,1,'turbocharger',28,0,0),(489,499,10,556,1,'kruemmer',2,0,0),(490,499,16,556,1,'katalysator',1,0,0),(491,184,15,553,1,'turbocharger',40,0,0),(492,499,6,556,1,'gelochte',7,0,0),(493,499,8,556,1,'getriebe',11,0,0),(494,184,1,552,1,'nockenwelle',6,0,0),(495,184,12,552,1,'kolben',3,0,0),(497,184,12,553,1,'kolben',3,0,0),(498,184,1,553,1,'nockenwelle',5,0,0),(499,184,4,552,1,'sportesd',4,0,0),(500,184,4,553,1,'sportesd',2,0,0),(501,184,10,552,1,'kruemmer',1,0,0),(502,184,10,553,1,'kruemmer',1,0,0),(503,184,16,552,1,'katalysator',1,0,0),(504,184,16,553,1,'katalysator',1,0,0),(505,184,8,552,1,'getriebe',8,0,0),(507,184,18,552,1,'doppelkupplung',9,0,0),(508,500,1,558,1,'nockenwelle',3,0,0),(509,500,8,558,1,'getriebe',8,0,0),(510,500,12,558,1,'kolben',2,0,0),(511,500,16,558,1,'katalysator',1,0,0),(512,500,10,558,1,'kruemmer',1,0,0),(513,500,4,558,1,'sportesd',1,0,0),(514,163,49,524,2,'getriebe',17,0,0),(515,500,18,558,1,'doppelkupplung',6,0,0),(516,163,56,524,2,'sportesd',4,0,0),(517,503,1,561,1,'nockenwelle',3,0,0),(518,503,12,561,1,'kolben',3,0,0),(519,163,17,524,2,'katalysator',2,0,0),(520,505,1,564,1,'nockenwelle',3,0,0),(521,505,4,564,1,'sportesd',1,0,0),(522,505,12,564,1,'kolben',5,0,0),(523,163,19,524,2,'doppelkupplung',11,0,0),(524,184,18,553,1,'doppelkupplung',5,0,0),(525,505,18,564,1,'doppelkupplung',5,0,0),(526,184,1,490,1,'nockenwelle',6,0,0),(527,514,1,0,1,'nockenwelle',3,0,0),(528,514,12,574,1,'kolben',3,0,0),(529,184,15,0,1,'turbocharger',28,2800,1489764793),(530,184,15,0,1,'turbocharger',28,2800,1489764798),(531,184,15,0,1,'turbocharger',29,2900,1489765164),(532,509,1,0,1,'nockenwelle',3,0,0),(533,510,15,570,1,'turbocharger',28,0,0),(534,184,15,0,1,'turbocharger',28,2800,1489770883),(535,510,1,570,1,'nockenwelle',4,0,0),(536,510,8,570,1,'getriebe',12,0,0),(537,510,6,570,1,'gelochte',10,0,0),(538,510,4,0,1,'sportesd',2,0,0),(539,505,10,564,1,'kruemmer',1,0,0),(540,505,16,564,1,'katalysator',1,0,0),(541,602,15,682,1,'turbocharger',28,0,0),(542,514,15,574,1,'turbocharger',32,0,0),(543,590,15,659,1,'turbocharger',30,0,0),(544,505,6,564,1,'gelochte',7,0,0),(545,505,8,564,1,'getriebe',10,0,0),(546,184,15,0,1,'turbocharger',26,2600,1489772082),(547,522,15,583,1,'turbocharger',28,0,0),(548,498,1,575,1,'nockenwelle',4,0,0),(549,498,12,575,1,'kolben',5,0,0),(550,498,4,575,1,'sportesd',1,0,0),(551,498,10,575,1,'kruemmer',1,0,0),(552,498,16,575,1,'katalysator',1,0,0),(553,184,15,490,1,'turbocharger',36,0,0),(554,498,6,575,1,'gelochte',9,0,0),(555,498,8,575,1,'getriebe',10,0,0),(556,498,18,575,1,'doppelkupplung',6,0,0),(557,517,1,578,1,'nockenwelle',4,0,0),(558,517,12,578,1,'kolben',3,0,0),(559,184,15,0,1,'turbocharger',26,2600,1489776889),(560,532,15,595,1,'turbocharger',29,0,0),(561,522,1,583,1,'nockenwelle',3,0,0),(562,522,6,583,1,'gelochte',14,0,0),(563,522,8,583,1,'getriebe',10,0,0),(564,163,41,524,2,'turbocharger',37,0,0),(565,184,1,0,1,'nockenwelle',3,150,1489816517),(567,184,1,0,1,'nockenwelle',3,150,1489816523),(568,532,1,0,1,'nockenwelle',4,0,0),(569,184,1,0,1,'nockenwelle',3,150,1489816531),(570,184,1,0,1,'nockenwelle',3,150,1489816541),(571,184,1,0,1,'nockenwelle',3,150,1489816864),(572,184,1,0,1,'nockenwelle',3,150,1489816869),(573,542,1,606,1,'nockenwelle',4,0,0),(574,527,1,588,1,'nockenwelle',3,0,0),(575,184,4,490,1,'sportesd',4,0,0),(576,184,4,428,1,'sportesd',2,0,0),(577,527,12,588,1,'kolben',3,0,0),(578,527,1,0,1,'nockenwelle',2,200,1496739639),(579,527,16,588,1,'katalysator',2,0,0),(580,527,10,588,1,'kruemmer',1,0,0),(581,527,4,588,1,'sportesd',4,0,0),(582,527,6,588,1,'gelochte',7,0,0),(583,527,18,0,1,'doppelkupplung',5,0,0),(596,184,1,469,1,'nockenwelle',8,0,0),(600,532,1,0,1,'nockenwelle',3,0,0),(601,532,12,595,1,'kolben',3,0,0),(602,532,4,595,1,'sportesd',1,0,0),(603,532,8,595,1,'getriebe',8,0,0),(604,532,6,595,1,'gelochte',7,0,0),(605,532,1,595,1,'nockenwelle',4,0,0),(606,535,1,598,1,'nockenwelle',3,0,0),(607,535,4,598,1,'sportesd',1,0,0),(608,535,16,598,1,'katalysator',1,0,0),(609,535,10,598,1,'kruemmer',1,0,0),(611,571,6,639,1,'gelochte',11,0,0),(617,184,6,387,1,'gelochte',12,0,0),(622,184,8,553,1,'getriebe',13,0,0),(631,184,8,387,1,'getriebe',13,0,0),(632,184,8,428,1,'getriebe',11,0,0),(636,184,18,428,1,'doppelkupplung',8,0,0),(638,542,4,606,1,'sportesd',3,0,0),(643,184,15,0,1,'turbocharger',28,2800,1489876927),(646,184,15,0,1,'turbocharger',28,2800,1489877003),(650,184,15,469,1,'turbocharger',34,0,0),(652,571,15,639,1,'turbocharger',33,0,0),(655,560,6,0,1,'gelochte',10,0,0),(672,184,6,490,1,'gelochte',13,0,0),(674,184,6,428,1,'gelochte',13,0,0),(675,542,6,606,1,'gelochte',12,0,0),(677,546,1,610,1,'nockenwelle',3,0,0),(678,212,13,0,2,'kolben',6,0,0),(679,562,1,0,1,'nockenwelle',6,0,0),(680,212,56,0,2,'sportesd',3,0,0),(681,212,65,0,2,'kruemmer',3,0,0),(682,571,1,639,1,'nockenwelle',2,0,0),(683,571,12,639,1,'kolben',3,0,0),(684,571,4,639,1,'sportesd',1,0,0),(685,571,16,0,1,'katalysator',1,0,0),(686,572,1,638,1,'nockenwelle',2,0,0),(687,571,16,639,1,'katalysator',2,0,0),(688,572,12,638,1,'kolben',3,0,0),(689,498,18,641,1,'doppelkupplung',5,0,0),(690,498,15,641,1,'turbocharger',34,0,0),(691,498,8,641,1,'getriebe',10,0,0),(692,498,6,641,1,'gelochte',6,0,0),(693,498,4,641,1,'sportesd',4,0,0),(694,498,10,641,1,'kruemmer',1,0,0),(695,498,16,641,1,'katalysator',1,0,0),(697,498,12,641,1,'kolben',3,0,0),(698,498,15,557,1,'turbocharger',39,0,0),(699,643,15,732,1,'turbocharger',28,0,0),(700,498,15,554,1,'turbocharger',32,0,0),(702,498,15,575,1,'turbocharger',34,0,0),(705,498,15,660,1,'turbocharger',32,0,0),(707,498,1,660,1,'nockenwelle',4,0,0),(708,498,1,683,1,'nockenwelle',4,0,0),(709,498,1,0,1,'nockenwelle',3,140,1490135465),(710,590,1,659,1,'nockenwelle',3,0,0),(712,498,1,641,1,'nockenwelle',7,0,0),(715,498,18,554,1,'doppelkupplung',6,0,0),(716,578,1,646,1,'nockenwelle',9,0,0),(718,498,6,660,1,'gelochte',10,0,0),(719,643,6,732,1,'gelochte',7,0,0),(721,498,16,660,1,'katalysator',2,0,0),(722,643,16,732,1,'katalysator',1,0,0),(724,590,10,659,1,'kruemmer',1,0,0),(727,498,10,660,1,'kruemmer',3,0,0),(729,498,8,660,1,'getriebe',12,0,0),(730,498,8,683,1,'getriebe',11,0,0),(733,498,18,660,1,'doppelkupplung',9,0,0),(746,582,1,650,1,'nockenwelle',4,0,0),(747,582,12,650,1,'kolben',3,0,0),(748,582,4,650,1,'sportesd',2,0,0),(749,582,10,650,1,'kruemmer',2,0,0),(750,582,16,650,1,'katalysator',2,0,0),(751,582,6,650,1,'gelochte',7,0,0),(752,582,8,650,1,'getriebe',7,0,0),(753,212,17,0,2,'katalysator',2,0,0),(754,498,12,683,1,'kolben',4,0,0),(757,498,12,660,1,'kolben',6,0,0),(758,498,15,0,1,'turbocharger',21,0,0),(759,498,4,660,1,'sportesd',2,0,0),(761,212,34,0,2,'gelochte',8,0,0),(763,643,1,732,1,'nockenwelle',5,0,0),(769,184,1,0,1,'nockenwelle',5,250,1490339804),(770,184,1,671,1,'nockenwelle',6,0,0),(771,184,1,663,1,'nockenwelle',8,0,0),(772,184,1,665,1,'nockenwelle',8,0,0),(773,184,1,0,1,'nockenwelle',5,250,1490339809),(775,184,1,668,1,'nockenwelle',7,0,0),(777,184,1,662,1,'nockenwelle',9,0,0),(778,184,1,0,1,'nockenwelle',5,250,1490339815),(783,184,1,664,1,'nockenwelle',8,0,0),(784,184,1,0,1,'nockenwelle',5,250,1490339825),(786,184,1,0,1,'nockenwelle',5,250,1490339820),(788,184,1,669,1,'nockenwelle',7,0,0),(790,184,1,0,1,'nockenwelle',5,250,1490339830),(792,184,1,666,1,'nockenwelle',8,0,0),(795,184,1,670,1,'nockenwelle',7,0,0),(796,615,1,699,1,'nockenwelle',6,0,0),(797,184,1,667,1,'nockenwelle',8,0,0),(799,602,1,682,1,'nockenwelle',6,0,0),(803,184,12,0,1,'kolben',3,0,0),(804,498,16,683,1,'katalysator',2,0,0),(805,498,16,684,1,'katalysator',1,0,0),(806,498,10,684,1,'kruemmer',1,0,0),(807,498,10,683,1,'kruemmer',3,0,0),(808,498,4,683,1,'sportesd',1,0,0),(809,498,4,684,1,'sportesd',1,0,0),(810,498,6,683,1,'gelochte',8,0,0),(811,498,18,683,1,'doppelkupplung',5,0,0),(812,498,1,684,1,'nockenwelle',2,0,0),(813,498,12,684,1,'kolben',3,0,0),(814,498,4,688,1,'sportesd',1,0,0),(815,498,10,688,1,'kruemmer',1,0,0),(816,498,16,687,1,'katalysator',1,0,0),(817,498,6,684,1,'gelochte',7,0,0),(818,498,8,684,1,'getriebe',13,0,0),(819,498,18,684,1,'doppelkupplung',5,0,0),(820,498,15,684,1,'turbocharger',26,0,0),(821,498,1,687,1,'nockenwelle',3,0,0),(822,498,1,688,1,'nockenwelle',3,0,0),(823,498,12,687,1,'kolben',3,0,0),(824,498,12,688,1,'kolben',3,0,0),(825,498,4,0,1,'sportesd',1,0,0),(826,498,4,687,1,'sportesd',3,0,0),(827,498,10,0,1,'kruemmer',1,0,0),(828,498,10,687,1,'kruemmer',3,0,0),(829,498,16,688,1,'katalysator',1,0,0),(830,498,16,0,1,'katalysator',1,0,0),(831,498,6,688,1,'gelochte',8,0,0),(832,498,6,687,1,'gelochte',12,0,0),(833,498,8,687,1,'getriebe',9,0,0),(834,498,8,688,1,'getriebe',8,0,0),(835,498,18,687,1,'doppelkupplung',7,0,0),(836,498,18,688,1,'doppelkupplung',6,0,0),(837,498,15,687,1,'turbocharger',28,0,0),(838,498,15,688,1,'turbocharger',28,0,0),(839,613,1,697,1,'nockenwelle',9,0,0),(840,613,15,697,1,'turbocharger',27,0,0),(841,613,16,697,1,'katalysator',1,0,0),(842,613,4,697,1,'sportesd',1,0,0),(843,613,6,0,1,'gelochte',6,0,0),(844,613,6,697,1,'gelochte',9,0,0),(845,614,1,698,1,'nockenwelle',3,0,0),(846,614,12,698,1,'kolben',3,0,0),(847,614,15,698,1,'turbocharger',28,0,0),(848,614,8,0,1,'getriebe',8,0,0),(849,615,4,699,1,'sportesd',3,0,0),(850,615,10,699,1,'kruemmer',1,0,0),(851,615,4,0,1,'sportesd',3,0,0),(852,615,4,0,1,'sportesd',1,0,0),(853,615,6,699,1,'gelochte',7,0,0),(854,615,10,0,1,'kruemmer',1,0,0),(855,505,15,564,1,'turbocharger',28,0,0),(856,244,16,0,1,'katalysator',1,0,0),(857,619,1,0,1,'nockenwelle',3,0,0),(858,625,1,709,1,'nockenwelle',3,0,0),(859,625,6,709,1,'gelochte',6,0,0),(860,625,8,709,1,'getriebe',9,0,0),(861,625,15,709,1,'turbocharger',28,0,0),(862,632,1,717,1,'nockenwelle',7,0,0),(863,632,12,717,1,'kolben',6,0,0),(864,632,16,717,1,'katalysator',1,0,0),(865,632,6,717,1,'gelochte',7,0,0),(866,632,15,717,1,'turbocharger',29,0,0),(867,632,8,717,1,'getriebe',8,0,0),(868,632,18,717,1,'doppelkupplung',7,0,0),(869,632,10,717,1,'kruemmer',1,0,0),(870,632,4,717,1,'sportesd',1,0,0),(871,632,12,718,1,'kolben',3,0,0),(872,632,15,718,1,'turbocharger',50,0,0),(873,632,1,718,1,'nockenwelle',10,0,0),(874,632,4,718,1,'sportesd',2,0,0),(875,632,10,718,1,'kruemmer',1,0,0),(876,632,16,718,1,'katalysator',1,0,0),(877,632,8,718,1,'getriebe',8,0,0),(878,632,18,718,1,'doppelkupplung',5,0,0),(879,632,6,718,1,'gelochte',7,0,0),(880,527,1,0,1,'nockenwelle',6,0,0),(881,638,1,725,1,'nockenwelle',2,0,0),(882,638,12,727,1,'kolben',5,0,0),(883,638,15,727,1,'turbocharger',28,0,0),(884,638,16,727,1,'katalysator',1,0,0),(885,638,6,727,1,'gelochte',13,0,0),(886,638,8,727,1,'getriebe',11,0,0),(887,638,4,725,1,'sportesd',1,0,0),(888,638,10,727,1,'kruemmer',2,0,0),(889,638,12,726,1,'kolben',5,0,0),(890,638,1,726,1,'nockenwelle',3,0,0),(891,638,1,727,1,'nockenwelle',4,0,0),(892,638,16,726,1,'katalysator',1,0,0),(893,638,16,725,1,'katalysator',1,0,0),(894,638,10,725,1,'kruemmer',1,0,0),(895,638,10,726,1,'kruemmer',1,0,0),(896,638,4,727,1,'sportesd',4,0,0),(897,638,15,726,1,'turbocharger',26,0,0),(898,638,15,725,1,'turbocharger',28,0,0),(899,638,18,727,1,'doppelkupplung',4,0,0),(900,638,18,0,1,'doppelkupplung',5,0,0),(901,643,12,0,1,'kolben',3,0,0);
/*!40000 ALTER TABLE `storage` ENABLE KEYS */;
UNLOCK TABLES;

--
-- Table structure for table `storage_run`
--

DROP TABLE IF EXISTS `storage_run`;
/*!40101 SET @saved_cs_client     = @@character_set_client */;
/*!40101 SET character_set_client = utf8 */;
CREATE TABLE `storage_run` (
  `id` int(11) NOT NULL AUTO_INCREMENT,
  `user_id` int(11) NOT NULL,
  `part_id` int(11) NOT NULL,
  `time_end` int(11) NOT NULL,
  `dur` int(11) NOT NULL,
  PRIMARY KEY (`id`)
) ENGINE=InnoDB AUTO_INCREMENT=985 DEFAULT CHARSET=latin1;
/*!40101 SET character_set_client = @saved_cs_client */;

--
-- Dumping data for table `storage_run`
--

LOCK TABLES `storage_run` WRITE;
/*!40000 ALTER TABLE `storage_run` DISABLE KEYS */;
INSERT INTO `storage_run` VALUES (1,8,1,1489489993,60),(2,7,1,1489490647,60),(7,14,18,1489491707,300),(10,18,1,1489491921,60),(34,42,12,1489495399,120),(35,40,1,1489495402,60),(40,46,1,1489495833,60),(53,62,1,1489498198,60),(57,59,15,1489498944,500),(59,49,10,1489498770,40),(62,67,4,1489499033,60),(63,70,12,1489499117,120),(91,87,12,1489501533,120),(94,84,15,1489502066,500),(103,38,12,1489503380,120),(110,102,8,1489504882,100),(114,109,15,1489505810,500),(131,124,1,1489508044,60),(139,141,15,1489511055,500),(149,146,12,1489511468,120),(153,151,12,1489511939,120),(158,162,1,1489514256,60),(174,173,15,1489517073,500),(181,192,1,1489519071,60),(190,200,10,1489520068,40),(191,202,1,1489520334,60),(194,155,4,1489520983,60),(210,213,1,1489523048,60),(214,219,1,1489523340,58),(221,229,15,1489526842,500),(228,234,6,1489528106,10),(232,237,1,1489529512,60),(241,240,12,1489530578,120),(254,254,1,1489532097,60),(267,266,12,1489536692,120),(287,276,15,1489542747,500),(292,281,12,1489544202,120),(297,283,4,1489544951,60),(306,294,1,1489547500,60),(319,306,15,1489553874,500),(324,311,1,1489555379,60),(325,312,1,1489556101,60),(327,313,12,1489557039,120),(328,317,4,1489557883,60),(333,322,1,1489561335,60),(336,115,15,1489566190,500),(337,328,1,1489568684,60),(340,330,12,1489569550,120),(342,331,4,1489572067,60),(356,358,4,1489586680,60),(369,380,12,1489593415,120),(371,384,12,1489595019,120),(381,390,1,1489598054,60),(390,401,1,1489601730,60),(398,318,1,1489603009,60),(406,423,15,1489612374,500),(410,426,1,1489613921,60),(478,446,1,1489631854,60),(486,462,1,1489666067,60),(495,467,12,1489674771,120),(504,470,15,1489683899,500),(507,474,1,1489690583,60),(517,476,49,1489694615,200),(519,482,1,1489700845,60),(527,484,12,1489705029,120),(561,499,18,1489733803,300),(592,506,1,1489753263,60),(602,509,12,1489765206,120),(635,522,12,1489790493,120),(749,546,15,1489923884,500),(750,548,12,1489926594,120),(753,562,12,1489997099,120),(755,570,1,1490048064,60),(763,571,10,1490055044,40),(774,575,1,1490097259,60),(794,578,12,1490172777,120),(837,589,12,1490280398,120),(840,212,49,1490296989,200),(900,604,12,1490701317,120),(925,613,12,1490995863,120),(938,619,12,1491661384,120),(939,624,1,1492190039,60),(944,631,1,1495311036,60),(984,641,1,1500428013,60);
/*!40000 ALTER TABLE `storage_run` ENABLE KEYS */;
UNLOCK TABLES;

--
-- Table structure for table `upgrades`
--

DROP TABLE IF EXISTS `upgrades`;
/*!40101 SET @saved_cs_client     = @@character_set_client */;
/*!40101 SET character_set_client = utf8 */;
CREATE TABLE `upgrades` (
  `id` int(11) NOT NULL AUTO_INCREMENT,
  `name` tinytext NOT NULL,
  `unit` tinytext NOT NULL,
  `effect` float NOT NULL,
  `max` int(11) NOT NULL,
  `points` int(11) NOT NULL,
  `chain` int(11) NOT NULL,
  PRIMARY KEY (`id`)
) ENGINE=InnoDB AUTO_INCREMENT=7 DEFAULT CHARSET=latin1;
/*!40101 SET character_set_client = @saved_cs_client */;

--
-- Dumping data for table `upgrades`
--

LOCK TABLES `upgrades` WRITE;
/*!40000 ALTER TABLE `upgrades` DISABLE KEYS */;
INSERT INTO `upgrades` VALUES (1,'garage_space','cars',1,5,1,10),(2,'garage_space_2','cars',2,5,2,10),(3,'mechanics','per',1,5,1,20),(4,'mechanics_2','per',2,5,2,20),(5,'mechanics_3','per',4,5,3,20),(6,'mechanics_4','per',10,5,6,20);
/*!40000 ALTER TABLE `upgrades` ENABLE KEYS */;
UNLOCK TABLES;

--
-- Table structure for table `upgrades_tree`
--

DROP TABLE IF EXISTS `upgrades_tree`;
/*!40101 SET @saved_cs_client     = @@character_set_client */;
/*!40101 SET character_set_client = utf8 */;
CREATE TABLE `upgrades_tree` (
  `id` int(11) NOT NULL AUTO_INCREMENT,
  `up_id` int(11) NOT NULL,
  `pre_id` int(11) NOT NULL,
  `needed` int(11) NOT NULL,
  PRIMARY KEY (`id`)
) ENGINE=InnoDB AUTO_INCREMENT=5 DEFAULT CHARSET=latin1;
/*!40101 SET character_set_client = @saved_cs_client */;

--
-- Dumping data for table `upgrades_tree`
--

LOCK TABLES `upgrades_tree` WRITE;
/*!40000 ALTER TABLE `upgrades_tree` DISABLE KEYS */;
INSERT INTO `upgrades_tree` VALUES (1,2,1,5),(2,4,3,5),(3,5,4,5),(4,6,5,5);
/*!40000 ALTER TABLE `upgrades_tree` ENABLE KEYS */;
UNLOCK TABLES;

--
-- Table structure for table `upgrades_user`
--

DROP TABLE IF EXISTS `upgrades_user`;
/*!40101 SET @saved_cs_client     = @@character_set_client */;
/*!40101 SET character_set_client = utf8 */;
CREATE TABLE `upgrades_user` (
  `id` int(11) NOT NULL AUTO_INCREMENT,
  `user_id` int(11) NOT NULL,
  `up_id` int(11) NOT NULL,
  `ups` int(11) NOT NULL,
  PRIMARY KEY (`id`),
  UNIQUE KEY `unique_index` (`user_id`,`up_id`)
) ENGINE=InnoDB AUTO_INCREMENT=89 DEFAULT CHARSET=latin1;
/*!40101 SET character_set_client = @saved_cs_client */;

--
-- Dumping data for table `upgrades_user`
--

LOCK TABLES `upgrades_user` WRITE;
/*!40000 ALTER TABLE `upgrades_user` DISABLE KEYS */;
INSERT INTO `upgrades_user` VALUES (1,14,3,1),(2,51,1,5),(3,119,1,1),(4,184,3,5),(5,195,3,1),(8,203,3,1),(9,203,1,1),(10,210,1,1),(11,219,1,5),(12,219,3,3),(25,359,1,1),(26,359,3,1),(27,392,3,1),(28,392,1,1),(29,184,1,5),(30,424,3,4),(34,184,4,5),(41,184,5,5),(43,466,3,2),(48,184,6,5),(52,498,1,5),(53,498,3,5),(58,498,4,5),(64,184,2,5),(73,498,2,1),(76,498,5,5),(81,498,6,5),(86,638,1,2),(88,638,3,1);
/*!40000 ALTER TABLE `upgrades_user` ENABLE KEYS */;
UNLOCK TABLES;

--
-- Table structure for table `user`
--

DROP TABLE IF EXISTS `user`;
/*!40101 SET @saved_cs_client     = @@character_set_client */;
/*!40101 SET character_set_client = utf8 */;
CREATE TABLE `user` (
  `id` int(11) NOT NULL AUTO_INCREMENT,
  `username` text NOT NULL,
  `pass` text NOT NULL,
  `email` text NOT NULL,
  `regdate` int(11) NOT NULL,
  `activeTime` int(11) NOT NULL,
  `ads` tinyint(1) NOT NULL,
  `lang` char(2) NOT NULL,
  `token` tinytext NOT NULL,
  `token_date` int(11) NOT NULL,
  PRIMARY KEY (`id`)
) ENGINE=InnoDB AUTO_INCREMENT=645 DEFAULT CHARSET=latin1;
/*!40101 SET character_set_client = @saved_cs_client */;

--
-- Dumping data for table `user`
--

LOCK TABLES `user` WRITE;
/*!40000 ALTER TABLE `user` DISABLE KEYS */;
INSERT INTO `user` VALUES (2,'admin','3cbabe7cfb4f29bc2816a7f8103b6889','mwernersbach@web.de',1489487729,1489648584,0,'de','',0),(3,'Ciechom','c9a94b4c2c46d6f60ffa8a000326797e','ciechom.ziom@gmail.com',1489489276,1489489286,0,'en','',0),(4,'guest:k13lk','a76c26a5360266c5cc7c88f7adf05a25','',1489489414,1489489415,0,'en','',0),(5,'guest:p3t6n','c0dea0a4c126e88d4c4419e24efc2d41','',1489489473,1489489497,0,'en','',0),(6,'guest:po9fj','859a96185545f529b80c40dcb7013baa','',1489489516,1489489555,0,'en','',0),(7,'guest:5z30c','4e0ae3ccbc95f597eb31aed3f871ae23','',1489489730,1489490587,0,'en','',0),(8,'Kuroiteiken','a3a6668de5a91e1a44b10345ebf0d8ba','',1489489782,1489489939,0,'en','',0),(9,'guest:n6414','bc017643a4b8bde11eb8b57962805889','',1489489803,1489489803,0,'en','',0),(10,'guest:ojkfn','77ccc1d30cfdb1c12df036f65b98934d','',1489490222,1489490234,0,'en','',0),(11,'guest:9r5zl','c64ba2401a88cf52d51e4734c680687a','',1489490237,1489490237,0,'de','',0),(12,'guest:ayje9','9132bf2fcd04e1e140a22d57ff588dcd','',1489490277,1489490388,0,'en','',0),(13,'guest:r401j','dd24e2d6312821933b4d77f7cf6a0c76','',1489490379,1489490410,0,'en','',0),(14,'guest:m11i9','1641618aa88ca6fcd7cdb8b2ad7c4e92','',1489490984,1489491608,0,'en','',0),(15,'guest:6afpq','65f494e50d6621621b592f43ccae07f7','',1489491434,1489491741,0,'en','',0),(16,'guest:9b1vn','596d31da258df27507e2f387d5dec57a','',1489491471,1489491503,0,'en','',0),(17,'guest:kfubt','7b59c9f9088b75dc5a31e0a2d4fd709d','',1489491776,1489491793,0,'en','',0),(18,'guest:mrol3','15488b44215d7f627af567b730aed2fb','',1489491844,1489491871,0,'en','',0),(19,'guest:yk966','4be9a2bc7de8a0e50235dd209ac6b687','',1489492216,1489492342,0,'en','',0),(20,'guest:lbvjj','0cb3dead9abae403865f499e8ce123ac','',1489492344,1489492598,0,'en','',0),(21,'guest:lccps','46649b4092fc6d7c9a0f9f084f209a03','',1489492346,1489561511,0,'en','',0),(22,'guest:1gm5c','c896e7dcb9bc2828149f1d1c12e05446','',1489492907,1489492924,0,'en','',0),(23,'carlalsford','d5be1f094bca849be80e313cd8b2879b','carl@alsford.me.uk',1489493270,1489493566,0,'en','',0),(24,'guest:wm6yp','c762effa5877c671cea7ec0d2dd97ecf','',1489493397,1489496006,0,'en','',0),(25,'guest:wpxl2','38f74c35b16fb64cf3ba9875d4200569','',1489493429,1489493443,0,'en','',0),(26,'guest:s08td','b1722c9d10a72d81c41487ddb3de6587','',1489493474,1489493486,0,'en','',0),(27,'guest:fhfce','db4afe3d473dcb168bbb6f5ba2d9aca5','',1489493555,1489493675,0,'en','',0),(28,'guest:su94z','237c745509f4dec2168a583dbb825f6d','',1489493577,1489493720,0,'en','',0),(29,'guest:zg9g0','29cde2203ba682abf9207ef35e1bface','',1489493861,1489495827,0,'en','',0),(30,'guest:e5nuh','44089e5877b9acef67c7bc88268d40f1','',1489494029,1489494343,0,'en','',0),(31,'guest:gapbh','6ba26ed93875eea51215ce54ae565688','',1489494085,1489494168,0,'en','',0),(32,'guest:in079','def86d5b03d7a36714917c070e847922','',1489494278,1489494279,0,'en','',0),(33,'guest:hnq1h','1244a4668590a4b6362ec1f223e4eb99','',1489494294,1489494294,0,'en','',0),(34,'guest:7w91x','0e3979305cc9c9d5d151fafac055c350','',1489494401,1489494433,0,'en','',0),(35,'guest:cfwhy','dd5f876e8c1d9aa008ab14908504edc5','',1489494452,1489494522,0,'en','',0),(36,'guest:l9ml7','ea9e0891623f3050ff64ebfb8d3e2244','',1489494476,1489494523,0,'en','',0),(37,'guest:xyj71','666b077b9b85ee76f643ebc4af9bec42','',1489494646,1489494646,0,'de','',0),(38,'guest:kfvi3','c32200aa69715fc9ce5ccf279a635e9c','',1489494832,1489503320,0,'en','',0),(39,'guest:i6pi9','7dbfab976516afcf6508fd4b637d6b0f','',1489494883,1489564013,0,'en','',0),(40,'guest:jx78m','982dc28e0e0a4832c90848feecb0a46c','',1489494997,1489495365,0,'en','',0),(41,'guest:azn0e','6d859d14039ddc5855ea48b9be3d9adc','',1489495012,1489495012,0,'en','',0),(42,'guest:n7y8o','ad2908c60e7a7b5933da33213921ea27','',1489495034,1489495279,0,'en','',0),(43,'guest:y5uby','8ba795cae1f776685acf661a9be629da','',1489495243,1489495252,0,'en','',0),(44,'guest:rqzxn','a5fe1e4aa1813cf72332a37487980407','',1489495295,1489495310,0,'en','',0),(45,'guest:c1qug','facc599d31c0ce41b01fdd69b44f42ec','',1489495455,1489495471,0,'de','',0),(46,'guest:f2uom','6c1677226ffd6dc38b9e39abd6bb2f73','',1489495731,1489495805,0,'en','',0),(47,'guest:hc5a4','60168a8431dc075ffa5672a1fc3a059a','',1489495914,1489495918,0,'de','',0),(48,'guest:qjjjy','b813b213ba6829bd4daf441e8918d562','',1489496452,1489496464,0,'en','',0),(49,'guest:7qv8n','6818b4be6eff6385fbe676ce43d7d024','',1489496649,1489498765,0,'en','',0),(50,'guest:1g1px','ace42784c14dd65f62ca3a2cbd7fc870','',1489496781,1489496941,0,'en','',0),(51,'ziupek','680f7ae113f80475b6c980d0917ba183','',1489497007,1489621053,0,'en','',0),(52,'conq30','a6f22448e45e0dd0774cb324e3004cbc','',1489497194,1489498287,0,'en','',0),(53,'guest:4eo5r','f8a1816bf14e2dd543d7da1e4300f92c','',1489497290,1489497354,0,'en','',0),(54,'guest:1m5gk','4bac6efb1c4b856860e17bc621672c9a','',1489497414,1489497417,0,'en','',0),(55,'guest:x04ju','61e3d28e58df6522085c0b0566b6d11a','',1489497487,1489497488,0,'en','',0),(56,'guest:p0xrx','48505d7eb21eeb49b49d12dffa3d6be9','',1489497502,1489498375,0,'en','',0),(57,'guest:507f3','164fba594617c617fad1141c2c1e6471','',1489497507,1489497508,0,'en','',0),(58,'guest:1mu38','b8b59058f90f8afd2a5c6fe2d13b93cc','',1489497628,1489497753,0,'en','',0),(59,'Vitus','686c3639653aa08623224eee0eed7c2f','',1489497727,1489498866,0,'en','',0),(60,'guest:ir3ny','0a8cf82c27a5149e1534bf157c49b5d5','',1489497811,1489497832,0,'en','',0),(61,'sirmaiden','b7ecbf1dd548e2a240cd434bee61616a','',1489498108,1489498153,0,'en','',0),(62,'guest:a2oca','7d6c7fcf487f5646afac18625154b3de','',1489498110,1489498138,0,'en','',0),(63,'guest:4h7lt','0e9d5afa6b2fa6bc9ba3c5bd608fea81','',1489498160,1489498170,0,'en','',0),(64,'guest:t6ynz','d3363a699f28590efdb994dab095be4c','',1489498230,1489498242,0,'en','',0),(65,'guest:1zm5t','d464f565174aba3cfe7b6d062575809c','',1489498282,1489498364,0,'de','',0),(66,'guest:hz5w4','cff26d319b332254fae82ccc12213bbf','',1489498367,1489498368,0,'en','',0),(67,'guest:2g30h','5f950e543ad37e8893145a1e0ae04816','',1489498375,1489498973,0,'en','',0),(68,'guest:ofk28','34c897c90497b7ca7bf770d4fa0a621f','',1489498596,1489498803,0,'en','',0),(69,'kristaps1829','7cbf474e6b080edaa6a53a373f66e01c','',1489498664,1489572368,0,'en','',0),(70,'guest:qpd7g','62c945527af923a2d97aec66aeca5ba2','',1489498936,1489499084,0,'en','',0),(71,'guest:249ak','5f2894d5bc9e2e166b3693f7040b7c64','',1489499092,1489499092,0,'en','',0),(72,'guest:io8g5','c42c9cd967fb473245b92bc2b3b579b7','',1489499167,1489499281,0,'en','',0),(73,'guest:l67uq','271b76e065ea0234f848a87a59c4abdf','',1489499511,1489564403,0,'en','',0),(74,'guest:oi708','1a6db7caac89bb293cf3b430b646ab5c','',1489499947,1489499947,0,'en','',0),(75,'guest:4ejlv','ea44c375b708acef92f6420a0d443627','',1489499966,1489500035,0,'en','',0),(76,'guest:cfv0f','dfe434878aa063bdb8917c75c16eece3','',1489500084,1489508673,0,'en','',0),(77,'guest:vzfya','9bfb5a64f7e574171c6a0b221caa0cc5','',1489500147,1489500158,0,'en','',0),(78,'guest:dfih1','d02b5ce8e1be2ec622a30109557c52cb','',1489500313,1489503148,0,'en','',0),(79,'anitaviz','2082c6731463a405b85977b9d88d3891','',1489500347,1489506189,0,'en','',0),(80,'guest:utpsy','e1b1d29ae263d44bde2e4bd0be3d7584','',1489500494,1489500508,0,'en','',0),(81,'kcbuff','99d2aa35a4d311b042a2954ff827df42','',1489500499,1489500889,0,'en','',0),(82,'guest:nr00i','d380fa5e3364733c23231dde706c2cf5','',1489500648,1489500661,0,'en','',0),(83,'guest:9h8e6','59a42445d203d5dd04ab1de328b57d47','',1489500839,1489500884,0,'en','',0),(84,'kcbuff1','ea10b12e18fdf4dbc66c5e7c68f1456a','',1489500894,1489501801,0,'en','',0),(85,'guest:haon2','091acf288bfececb4f6fac5aae314bb7','',1489500951,1489500952,0,'en','',0),(86,'guest:2hyoq','619e0da17e7d0ed2c42fb3bbeac8955c','',1489501177,1489501183,0,'en','',0),(87,'guest:ts0sm','a48e8fd487616eee55a96449d9654fcf','',1489501190,1489501412,0,'en','',0),(88,'guest:gm2ft','6adadc833f8ea0090089a7e7aee1f759','',1489501304,1489501524,0,'de','',0),(89,'guest:ktzhn','cb69e4fbe34c3e14309c3b2da855e2de','',1489501672,1489501672,0,'en','',0),(90,'guest:sn6h3','ef9dcc9d08ec2b0222f443f4ba50f328','',1489501806,1489501807,0,'de','',0),(91,'guest:rdg1n','0d2374d9744b308ee7cbda4625a995f3','',1489501814,1489501817,0,'de','',0),(92,'guest:su6us','bae4926f58948eaa405443d672b2b96f','',1489502046,1489502087,0,'en','',0),(93,'guest:nh5u5','d6feedd664580a9987a4a58ea01e5eb2','',1489502053,1489503393,0,'en','',0),(94,'guest:eixho','f034ce4f22b22d644afd46e6bccfced7','',1489502721,1489502771,0,'en','',0),(95,'guest:ph6hi','b868f1d76fc4802d1b061e4213d92804','',1489503393,1489503418,0,'en','',0),(96,'hyojin2k','b9e94bc16e418e9d6ea8e73aa3bc0b18','',1489503460,1489503511,0,'en','',0),(97,'guest:wr51j','f54e9635b78f86c23be1b095349bc302','',1489503945,1489503974,0,'de','',0),(98,'guest:qsx6z','0f907d1f7980f618e67915fdf8d6e0cb','',1489504013,0,0,'en','',0),(99,'guest:8syhg','1082c18d7c6c41ac705129a12ab843ea','',1489504018,1489504057,0,'en','',0),(100,'guest:sdmmz','a0f4744d4214f1fbd9d3e22dec8e1d20','',1489504022,1489504022,0,'en','',0),(101,'guest:239q3','7962959a68147fdf014cd5b3c8439b47','',1489504140,1489504237,0,'en','',0),(102,'nobuhiiro','6b8d47a6b9d45ea3520d826f2f632ade','',1489504205,1489504830,0,'en','',0),(103,'guest:njez6','5026b27af7574ccbf8c057c836ec9d35','',1489504273,1489504273,0,'de','',0),(104,'3neRg1','0592a4f01ecb6129c828dd15156428b6','sarunas02@gmail.com',1489504344,1489504586,0,'en','',0),(105,'Bujinkan','c022ef6cee1bcc5fb7068df9857a06e1','sethad95@gmail.com',1489504682,1489504746,0,'en','',0),(106,'guest:wwqwt','e95e4b058c835f2774313bb033d37eac','',1489504732,1489504789,0,'en','',0),(107,'guest:19sih','38f71bd4b67a241c155f27f7dc91fdb0','',1489504922,1489506583,0,'en','',0),(108,'guest:3orzn','b5e86afb97e85e05c409c42db67721f1','',1489504951,1489504966,0,'en','',0),(109,'guest:6muo2','ba43c113864bb7968f3169655f9e8d09','',1489504985,1489505356,0,'de','',0),(110,'guest:gfrqj','955a494b8d3e910757d1e107af24b3f7','',1489504998,1489505051,0,'en','',0),(111,'kazbin','db3fb1c6d54a9487aba7cad555896afd','',1489505132,1489505161,0,'en','',0),(112,'guest:3909e','a9910f93e056bef2adc5a2b62b5b71ca','',1489505399,1489505441,0,'en','',0),(113,'guest:tdhyl','889bbcab89877a3a71ea1d411927b487','',1489505488,0,0,'en','',0),(114,'darkpq','13b81a3342e292e15a5e0e989782d0c8','',1489505489,1489505538,0,'en','',0),(115,'guest:u6m7w','37446fb4e85a1c27becc3c07bc98cbe5','',1489505524,1489565727,0,'de','',0),(116,'guest:l2ifl','6a25271e56d14a00eb0438403a7d4153','',1489505785,1489505803,0,'en','',0),(117,'but53x','85664a9ddb1eb45e03bd4521d089e9d9','',1489506810,1489507639,0,'en','',0),(118,'guest:onn65','347ba60e779b05517d1c308ca9f5297d','',1489507136,1489507152,0,'en','',0),(119,'guest:bho3o','0822d66fbc20e9dbd3511332c1336ac5','',1489507175,1489509181,0,'en','',0),(120,'guest:e9q10','76eda720a2bac01d68fe3915bedc4fd3','',1489507278,1489507306,0,'en','',0),(121,'Ownys','569b1c1fdead6d4aa8f58206951effcd','',1489507372,1489510892,0,'en','',0),(122,'guest:8wbkl','623db7f9321228b530b236726104b82e','',1489507429,1489507429,0,'en','',0),(123,'guest:m315f','10fdc8d420d7a978c87b27d49240d85c','',1489507797,1489507988,0,'en','',0),(124,'guest:krqp8','d425950c6ee296fd95ebf17dc03389dc','',1489507947,1489507984,0,'en','',0),(125,'guest:1wubp','77510fd7681c0415f3517a4365614191','',1489508087,1489530554,0,'en','',0),(126,'guest:ti69f','e11204ad691abd25de25e363c782e61b','',1489508203,1489508212,0,'en','',0),(127,'guest:xbez7','3b50eef4cb60dbf3efbaef3fedf373ef','',1489508300,1489508342,0,'en','',0),(128,'guest:v610b','00350ea672279fc88f651b9cbb87144b','',1489508386,1489512752,0,'en','',0),(129,'guest:s0clk','a75aadb08e7ac8a56c65f19705821670','',1489508480,1489508525,0,'en','',0),(130,'guest:byc9s','dedf9ab401cf952b80900504aea92684','',1489508629,1489508728,0,'en','',0),(131,'guest:tuaxu','c0a64b4bd51a13fa1a8d879977ac4ba8','',1489508842,1489508898,0,'en','',0),(132,'guest:vilsi','aa98ed148b3f4e4226683effbab19a3c','',1489508870,1489508877,0,'en','',0),(133,'guest:x3f1a','b7a40247a6a24be374d17faedaa56e0d','',1489508955,1489508995,0,'en','',0),(134,'guest:p734p','699ba083b7b396d2a26798f54075e389','',1489509437,1489512390,0,'en','',0),(135,'guest:yvags','46cc10bfbc487e3f1bfe122ed4c43ff8','',1489509507,1489509507,0,'en','',0),(136,'guest:o9qiv','23a50bab7a04b9bc33c877ef508ff732','',1489509713,1489509746,0,'en','',0),(137,'guest:10prc','e3deaad87e6110a1128f0547d4427af4','',1489509828,1489510224,0,'en','',0),(138,'guest:w6fuy','86f1d98ce8b31870dcdba6da7bfc9f45','',1489510045,1489510051,0,'en','',0),(139,'guest:mdpl1','1389be5ca66b0a3c109508ef7a9de07b','',1489510227,1489510642,0,'en','',0),(140,'guest:0fn54','59aa087bc649a920a2fdd166b37bd582','',1489510348,1489510374,0,'en','',0),(141,'guest:2d9gq','8cc4b64d089e9f610c30f588e2c22e38','',1489510532,1489510555,0,'en','',0),(142,'guest:4nhaz','3bb72b07e5cdb7e67ad67356a85baa96','',1489510721,1489512018,0,'en','',0),(143,'guest:wn0vd','4602ec4fd0ab1b061b6320a1d393b178','',1489510769,1489513815,0,'en','',0),(144,'guest:0zoqj','8bf2546506a4260d90e6fca65473cbf3','',1489510865,1489510870,0,'en','',0),(145,'guest:r43qs','994d4ef6d66f0308792f25f0feeecea8','',1489510942,1489953298,0,'en','',0),(146,'guest:jiv31','ae698b3b1dfcc0eefad610bee9009b5e','',1489511139,1489511435,0,'en','',0),(147,'guest:bgdjm','afb251f3402018df933f79175e504a41','',1489511193,1489511220,0,'en','',0),(148,'guest:bzfyr','3a3993cabeccf40d7bff7733d4b53bc0','',1489511470,1489511476,0,'en','',0),(149,'guest:nlytd','e24d7f81d4c3f1d9bcd344485d8bb274','',1489511677,1489511691,0,'en','',0),(150,'guest:hqbp7','0a267631ce4720e48f7d5621f7305442','',1489511732,1489511744,0,'en','',0),(151,'guest:wapn0','cb7acb0ec52e54a695c8ffc210f8154e','',1489511762,1489511819,0,'en','',0),(152,'guest:jdsm3','535a6f921e4e0ccd0fa4aee00c46b63f','',1489511805,1489511848,0,'en','',0),(153,'guest:gwk0h','272872ad71e43b1a765e42130721bd4d','',1489511810,1489511840,0,'en','',0),(154,'guest:mrkqn','8ea61e28adf7be2ed6d570f76fd4eeb0','',1489512436,1489512700,0,'en','',0),(155,'guest:dsiw5','a1bc7507144001e4734dab0a15ee7a8a','',1489513049,1489520957,0,'en','',0),(156,'guest:dj1uw','86bc5786c8a3a387038a3ffacb14afaa','',1489513215,1489540025,0,'en','',0),(157,'guest:avbh6','9efc4bed50cf8a39506f38dc97a8074b','',1489513279,1489513283,0,'en','',0),(158,'guest:qqp3o','56d4f0315ba115af16af90016805ac5c','',1489513394,1489513413,0,'en','',0),(159,'guest:0k6dk','817ab031629d7c5e1a74fb5d082c8e53','',1489513412,1489513413,0,'en','',0),(160,'guest:pdclp','5d299dbd49a2fe99424bf2aecdc31a4f','',1489514053,1489514054,0,'en','',0),(161,'guest:h7hq3','c841a7a843ba3165d6db9665c922a1bc','',1489514070,1489514097,0,'en','',0),(162,'Limited1231','68cc0269e9862899c27f72625986bdc2','',1489514108,1489514246,0,'en','',0),(163,'nilsss','9c80f5480fdafd4eeaa818fa1b52ca15','',1489514275,1489878045,0,'en','',0),(164,'guest:4dooe','a40807e6cf442ba0edd4cc60e9145a50','',1489514284,1489514573,0,'en','',0),(165,'guest:qihrm','2d4bfb954d89b7fdb40a4aaaa5574fb0','',1489514444,1489514450,0,'en','',0),(166,'guest:8pnuh','d62f21d63292529dc9eeb3806dbf2f18','',1489514811,1489515248,0,'de','',0),(167,'guest:clg4a','341e849c210b55b29d3210cfb3aa858c','',1489515078,1489515464,0,'en','',0),(168,'guest:250hn','6c5980e63cc3135373dc2ca2ea98d369','',1489515226,1489515226,0,'en','',0),(169,'dherik','5ceb1d31e0af2b0ee3bcfce77fe741ec','',1489515422,1489516013,0,'en','',0),(170,'guest:zay8b','83496e4b500fb52809c592cc5f93f363','',1489515549,1489515549,0,'en','',0),(171,'guest:56ust','8c8d246484e91765364aa4d69c051fa4','',1489515603,1489515609,0,'en','',0),(172,'guest:l39bq','e6f606be9f7f52112e2de0ae28da524d','',1489515740,1489515766,0,'en','',0),(173,'guest:tfscz','b62b9534320f05318c5ba146cb60ce44','',1489516127,1489516714,0,'en','',0),(174,'guest:dmb67','3d0dd7e7430272634334f7b834fcb41d','',1489516240,1489516246,0,'en','',0),(175,'guest:lud7r','7d8992e53c814c7ac0be6a79d255baca','',1489516327,1489516327,0,'en','',0),(176,'guest:dbdpt','e6a68d49c2fa325980223dbc2b989f69','',1489516383,1489516383,0,'en','',0),(177,'guest:1kzw6','b50c42f5cd1bc69f35eb87f8333cbab9','',1489516434,1489516473,0,'en','',0),(178,'guest:9smfq','6f7c5c3aa348f017132e6661f75b63dd','',1489516455,1489516455,0,'de','',0),(179,'guest:fvlte','5bf42186572543df5e9f07569e085d5e','',1489516618,1489516876,0,'en','',0),(180,'guest:8iebt','d0c8109a52513f2a1651c0e5bc95976f','',1489517062,1489517062,0,'en','',0),(181,'guest:d1t3l','af47196ad86c1c1d3a3c8ba11fef01da','',1489517319,1489517326,0,'en','',0),(182,'guest:x3gls','bf161dff992a34fa73816ac1edfcaf19','',1489517507,1489517570,0,'en','',0),(183,'guest:nuf1l','02a43318ad9e54b0ace5a2b623254b5d','',1489517710,1489517756,0,'en','',0),(184,'H3draut3r','70aa97fc319562350bdfa95e86db303d','H3draut3r@hotmail.de',1489517757,1500862215,1,'de','',0),(185,'Prapoupas','90335907c0870adeb8f303aceefcc5fe','',1489517969,1489517988,0,'en','',0),(186,'guest:6z1e2','367e3cd0218a65e15e401dac3e96a808','',1489518026,1489518034,0,'en','',0),(187,'guest:ovnwy','4a3fbb8b4325262fa51e330257690ae0','',1489518073,1489518073,0,'en','',0),(188,'guest:o1qsa','6be4f5225d64a3107cacd1bbb0a434b5','',1489518397,1489518404,0,'de','',0),(189,'guest:w12o0','3f89640487e6ea9c4f15f8d7496b6c11','',1489518553,1489518589,0,'en','',0),(190,'guest:24swt','8079e7857447dc0cecf4e3f16d56fe20','',1489518851,1489518905,0,'en','',0),(191,'guest:318zy','55c9c39d656b0752adad2496ff7a6e30','',1489518863,1489519318,0,'en','',0),(192,'guest:cuw61','93a952cc97ff9e22b2c16a853b054c02','',1489518927,1489519024,0,'en','',0),(193,'guest:7yb1f','57f9487635fc402b1929d7044cd31116','',1489519056,1489519074,0,'de','',0),(194,'guest:1ii7r','71ff9953b21277a3e13a129287eee539','',1489519136,1489519145,0,'en','',0),(195,'guest:6zfnt','2c7b1173febcb8bfc8c8b98ef13fe74c','',1489519177,1489519436,0,'en','',0),(196,'guest:qb3y9','1f531f0ae9cc57c5973216a8c1c9f1c3','',1489519196,1489519299,0,'en','',0),(197,'guest:17rtg','f914d3cfe637dd5f9dfa8a42025366cc','',1489519345,1489519363,0,'de','',0),(198,'seedlessbuns','a95aef3ee06b69e0dd1518f7bd214dcc','',1489519348,1489534259,0,'en','',0),(199,'guest:7f1w4','d315861f750ef85657517478ede320c7','',1489519579,1489519709,0,'en','',0),(200,'guest:p7z87','fb60339f7a560494572a1869d82a9a84','',1489519918,1489520056,0,'en','',0),(201,'guest:ukr15','a9d537974d3703c5a17d19563302aa8f','',1489520052,1489520052,0,'en','',0),(202,'Cookieduck','305f5291276495230d18dc946d590ad2','',1489520189,1489520306,0,'en','',0),(203,'guest:u3gcb','71eb0016526c876d3b06d87678409595','',1489520241,1489520875,0,'en','',0),(204,'guest:xpnkp','36b495710231c6f3830e571570de3639','',1489520464,1489520464,0,'en','',0),(205,'kabex','91f49264899ec3b242ec2a390e291fc2','',1489520869,1489523238,0,'en','',0),(206,'guest:mvmp1','7a087bd40071ee3882e3d7f70277bff9','',1489521267,1489543248,0,'en','',0),(207,'guest:c9mza','90d346f6cecd0538e9e09f555858a823','',1489521376,1489521394,0,'en','',0),(208,'guest:q382x','ebb947d7b741e22c6f11656ad3606185','',1489521400,1489521409,0,'en','',0),(209,'guest:vudgl','422ea60599bc67ea4c17a0c16935cf83','',1489521496,1489521498,0,'en','',0),(210,'guest:2c38t','174ef59b5bd21b060a6fa82ce989c14a','',1489521721,1489522599,0,'en','',0),(211,'guest:dhq6s','ec0d7f904d410ad6ddbb95408765e340','',1489521795,1489521804,0,'en','',0),(212,'guest:o9ohu','428394f057ad7aa50746071fdbb3e676','',1489521803,1490296849,0,'en','',0),(213,'guest:qkxqw','d4b4b8d3a2582f78cede3ab72b0d7352','',1489521815,1489523043,0,'en','',0),(214,'guest:mriv0','9286f3149284e3e166a77845741dffd4','',1489521853,1489521860,0,'en','',0),(215,'guest:cmw8w','d28154c0b9819b86bc921b3b78087fb8','',1489522218,1489522218,0,'en','',0),(216,'guest:3cxbr','54e8192e1225c0cfc3c3e570f3df3adf','',1489522431,1489522468,0,'en','',0),(217,'guest:n54sv','b4b198f98e0e7139c39c98c01f043e4e','',1489522477,1489522487,0,'en','',0),(218,'guest:o92pv','0720511dd999c79cf68d4f5e2b9e9ea8','',1489522509,1489522519,0,'en','',0),(219,'guest:n6vhv','7188cf70ae158f0433b71acfaba745a7','',1489522541,1489523334,0,'en','',0),(220,'guest:0fe12','874b44079c98760fd07f74f5dd71df3e','',1489522925,1489522925,0,'en','',0),(221,'guest:xgjdt','6c3508d6ed45a941410227c64d1f673d','',1489523158,1489523217,0,'en','',0),(222,'guest:9pjwc','476efd5bf9ba289317bbd096f0d53bbc','',1489523844,1489523942,0,'en','',0),(223,'guest:uvx3v','11ab54e14b31517ce842e2365178b6ba','',1489524147,1489643691,0,'en','',0),(224,'guest:7pkrv','3b9e1d61c1d5d47dab1f6045d7aea261','',1489524154,1489524207,0,'en','',0),(225,'guest:ivr95','e7805879a0e089c0044d95bcab88d9de','',1489524382,1489524727,0,'en','',0),(226,'guest:2zvu5','af52059575d3c98bd5fa3ecb4a631844','',1489524701,1489524811,0,'en','',0),(227,'guest:bzdr5','a63b1467f53c6d79cbb2236706308d6a','',1489524959,1489525054,0,'en','',0),(228,'guest:ra1hq','2b43801a9b957bafd8a55eecbf3a7e15','',1489525780,1489533614,0,'en','',0),(229,'Tekno_Viking','831528c36ae52f83b9acf7743a628c45','',1489526156,1489526396,0,'en','',0),(230,'guest:6fjza','9a3569e554dd6582f811a44ddc1f7f78','',1489526164,1489526164,0,'en','',0),(231,'guest:82b28','e26f4e70220a566d05a3682ebc3e521e','',1489526564,1489526564,0,'en','',0),(232,'guest:xazif','6d61d48b01498158579c23e1231ff5cb','',1489527196,1489527216,0,'en','',0),(233,'guest:7hzc0','125dcc6128e40e248edd1119483bed94','',1489527916,1489527971,0,'en','',0),(234,'guest:b61lc','8787b704032e36d0dc8780cb33991838','',1489527966,1489528096,0,'en','',0),(235,'guest:6s0r3','8b11cd26f9bc5410fa5d2559a34d44db','',1489528268,1489528865,0,'en','',0),(236,'guest:lnro5','a444135959f7a7d0b1b30d84e0a6e033','',1489528934,1489528940,0,'en','',0),(237,'guest:rzj1b','f36abbce7118d4754b878a2d9954d4ec','',1489529045,1489529481,0,'en','',0),(238,'guest:y9s5v','f5d986bcbaf56dc93b291fdacb71cc77','',1489529225,1489582284,0,'en','',0),(239,'guest:qo71f','14210c0734fe47d9605c931641c7e4a2','',1489529837,1489529871,0,'en','',0),(240,'guest:z1dtb','65f8c0e2432d551a7adfbb77789e49b9','',1489530404,1489530476,0,'en','',0),(241,'guest:98ptl','31d3319f50e3b1e669e64581a02bbb77','',1489530421,1489530932,0,'de','',0),(242,'guest:ojc1r','58f58e1c8a14d20997327f6b3c646893','',1489530440,1489530441,0,'en','',0),(243,'guest:n4s0l','d6aa161000649aea7ec87ea6603996cd','',1489530496,1489530519,0,'en','',0),(244,'wrongheaven','d73a12cb45eb56d02efeec4c10087287','',1489530556,1491346273,0,'en','',0),(245,'guest:c1n1q','dfc6b4fa9ac08e931b22a8db463a6a0f','',1489530662,1489530669,0,'en','',0),(246,'guest:b3wm1','0daa9619a3db58a58f40afabbc699de6','',1489530722,1489530739,0,'en','',0),(247,'guest:xqvxa','b1984ff462366bae26c4100ad97c7a9f','',1489530737,1489530750,0,'en','',0),(248,'guest:u47y3','4b05e8311b8bc6a0364d030569c47446','',1489530758,1489530758,0,'en','',0),(249,'guest:t37v6','278c6d659596d31ca9ba1f6ea33fafcf','',1489530823,1489530828,0,'en','',0),(250,'guest:4rltw','d0d63b94dda51b831d813608ef4772d1','',1489530933,1489819732,0,'en','',0),(251,'guest:5duop','99d1e524f3555579ff4901ba339feddb','',1489530934,1489530967,0,'en','',0),(252,'guest:qug18','7f065a44225f6d12842171def9ca9408','',1489531046,1489531047,0,'en','',0),(253,'guest:2zt2j','fe4e7f909771d7b69df1110e9e315aa4','',1489531677,1489531897,0,'en','',0),(254,'guest:jqjek','67cd7224597588be523150e75ec13f5b','',1489531755,1489532037,0,'en','',0),(255,'guest:tziyt','31701645b508ed5de3ceb05ce18bb641','',1489532105,1489532106,0,'en','',0),(256,'Remzi','ba723e384a17243d508e2274ba5af504','',1489532406,1489532612,0,'en','',0),(257,'guest:aq1ax','b28833f1a94b2b914c027f59f62b144a','',1489532649,1489532649,0,'en','',0),(258,'guest:ubql5','e96bc4a2eb349b1b6076b5302a22ca24','',1489533352,1489533381,0,'de','',0),(259,'guest:zip81','b17e0453ee909b06e4f66b0a682b0a33','',1489533382,1489533382,0,'en','',0),(260,'guest:s0glc','fe2959e62cda87f6a46db5b9c55bbb40','',1489533575,1489533769,0,'en','',0),(261,'guest:ajck1','57b0e4e89ddffdc299b23e38cc9f9794','',1489533816,1489536701,0,'en','',0),(262,'guest:k615h','168792396e11886875d9039b8696e5d0','',1489534048,1489534077,0,'en','',0),(263,'guest:s6950','32379fd4d50c04d797c1453c0ec2e04f','',1489535375,1489535375,0,'en','',0),(264,'guest:jbx8g','e260b861bb3496a2f2d0c9869becbad9','',1489535452,1489535499,0,'en','',0),(265,'guest:o6av7','ac15a27ce56aea61bd3499ea5efcc89d','',1489535720,1489537503,0,'en','',0),(266,'Morashi','219fd29fb91f20d040901813c3176112','',1489536388,1489536637,0,'en','',0),(267,'guest:vmebh','09a06abd262c6f67ce9bb7df8359c66e','',1489536828,1489536832,0,'en','',0),(268,'guest:s8to4','95f3a20abf05d7a899e998aad0f824a1','',1489536896,1489536914,0,'en','',0),(269,'guest:4qy9i','9bec6a6f59171501a0b23cc30989853c','',1489537394,1489539531,0,'en','',0),(270,'guest:5b4sh','9c93717065b57ecb9f825ddc4ef94224','',1489537938,1489537943,0,'en','',0),(271,'guest:pi0la','21b976a49ec36f46121ad5a2322f98c0','',1489538858,1489538859,0,'en','',0),(272,'guest:oqtk1','46b02d1eb23d5ac4229e0a0db6ab63cf','',1489538868,1489539189,0,'en','',0),(273,'guest:swn1q','fa3df7719d3c4617cd99fc0eb3c3c4a4','',1489539179,1489539209,0,'en','',0),(274,'guest:toq8h','cba5508b90e5483f160c6a8ae83c908b','',1489539745,1489539750,0,'en','',0),(275,'guest:9o2no','fb4d5952d0681576a75f725f6f026182','',1489540473,1489541447,0,'en','',0),(276,'guest:p8zd0','080d8272f54e9110834d78879fd382fd','',1489541701,1489542294,0,'en','',0),(277,'guest:51yki','0d78bf8a402e42d4eafbd7981cda3940','',1489542216,1489542217,0,'de','',0),(278,'guest:g4ez2','b9274d4b125d07e44a219e87b3c1a82f','',1489542433,1489542433,0,'en','',0),(279,'guest:2q5v6','e4cecdeee0930f6ed70e8d778ef236ba','',1489543532,1489543996,0,'en','',0),(280,'guest:r2p36','c1d76a57171fbff3f6bf8cf112ed29fd','',1489543662,1489543675,0,'en','',0),(281,'dudeson','fcd20a8af38f74c8e69940778d382f22','',1489543887,1489544082,0,'en','',0),(282,'guest:g7vwz','7a4270a91ef77c5aed6caa17b827d80a','',1489544252,1489544260,0,'en','',0),(283,'Ares911x','3d113d46b3494c7408bc8559477e382a','',1489544482,1489544891,0,'en','',0),(284,'guest:fnume','241abaaf79a65f67875195470854110d','',1489544915,1489544915,0,'en','',0),(285,'guest:mq91o','a65002361fe1984e06eaeee9b6fe541c','',1489544931,1489546446,0,'en','',0),(286,'guest:d0q6a','567ebfcae54429dca6f9664dc74f1986','',1489545466,1489545578,0,'en','',0),(287,'guest:l31pm','f886fa6d1c60037a5ffd05d2849aa2a8','',1489545655,1489545660,0,'en','',0),(288,'guest:jyh9n','9867d0f972dc5f4a8ad4434778839e82','',1489545715,1489545723,0,'de','',0),(289,'guest:k2qyz','66eeb9a001d9e547fce3f00a276318ba','',1489545763,1489545788,0,'en','',0),(290,'guest:bztjf','16669c523b6b75da50fb1e54f0dc4be2','',1489545966,1489545993,0,'en','',0),(291,'guest:4emwt','7c9dbb984ccfdf0c971f66f9b0eb11b7','',1489546044,1489546045,0,'en','',0),(292,'guest:re1is','a81e20451c7468671a3f3711fc301955','',1489547054,1489547090,0,'en','',0),(293,'guest:htj4u','99d1c2512b1a5551d58c40caadc91a71','',1489547200,1489547461,0,'en','',0),(294,'guest:16o7y','51b60c83260569c4cf538d7529d6627d','',1489547385,1489547469,0,'en','',0),(295,'guest:ck797','2ee109806f4a0b0eed283261c6f1fe41','',1489547949,1489550858,0,'en','',0),(296,'guest:w31kp','fea27b0db02d4fc507d53f003b368394','',1489548003,1489548003,0,'en','',0),(297,'guest:t8uu9','4b0a72d9e180b30c650a9578205b3773','',1489549952,1489549952,0,'en','',0),(298,'guest:iygpg','0a6085b5f8389d0cee70a916e58c8ee7','',1489549970,1489549984,0,'en','',0),(299,'guest:h56mz','c43a153f5444c72af7e1eb04264af31c','',1489550355,1489550356,0,'en','',0),(300,'guest:qjkbr','b07bae4e5233cb7c2d72a4d111bc7abe','',1489550629,1489550637,0,'en','',0),(301,'guest:leatd','d3aac59fa4ddbb0e4dbfc16889eca85c','',1489550641,1489550643,0,'en','',0),(302,'guest:9g108','684bf45de431e7d4cfecaa73969a385a','',1489551241,1489551241,0,'en','',0),(303,'crossgolfer','87a27dd34019d8aa8aed2c4437aa84fa','',1489551369,1489551380,0,'de','',0),(304,'guest:udot8','2a94de38a1d72fefcfc9890f72ac0fd1','',1489551417,1489551438,0,'en','',0),(305,'goat69','9e22bb3a8cdb9385b8df598cbcbd9192','',1489551746,1489551780,0,'en','',0),(306,'guest:9b9vj','8a06b84398e4697a74b2bd2cb63bebb5','',1489552421,1489553381,0,'en','',0),(307,'thamor999','d895d8937b5ee5d8b6c6ffe709057834','',1489552647,1489554215,1,'en','',0),(308,'guest:2wn5w','6f386be9530a1acc6a60f19ba7496591','',1489552671,1489552688,0,'en','',0),(309,'guest:gwc2a','d510e5422b7d5dd503d856d0ce513a8f','',1489554644,1489554644,0,'en','',0),(310,'guest:nix2k','900462cfffee4dabd04d14350c45bec8','',1489554658,1489554684,0,'en','',0),(311,'guest:ek864','2dafa31a7bd0370ab72b50bbffa6224c','',1489555175,1489555328,0,'en','',0),(312,'guest:5110z','ae394f6ec36fd6ddd6e5f7d14976c3d2','',1489555990,1489556041,0,'en','',0),(313,'guest:xuz6a','e0b1316633a512f8a3a6bd06bcdd5ea9','',1489556691,1489556946,0,'en','',0),(314,'guest:h8v7o','35e6b858a9c580f26ae48073879ad561','',1489556708,1489556709,0,'en','',0),(315,'guest:6kn5z','dc0d6cc239be60a6c7f6fb3275de9c15','',1489557152,1489557152,0,'en','',0),(316,'guest:w7eny','7970bfaaa924764aeddf493f3d37ed3f','',1489557558,1489557559,0,'en','',0),(317,'guest:bwaxk','853c39fe86617c0841d38d001a599a63','',1489557661,1489557823,0,'en','',0),(318,'guest:ed5iw','2c223010828119e61eac6dd3f31787d2','',1489557872,1489602969,0,'en','',0),(319,'guest:zily1','30ee07cdf7ddd6222c3750d72f381d25','',1489558124,1489558168,0,'en','',0),(320,'guest:b6l6e','85238f2127291057d59abc2f748a6399','',1489558622,1489558622,0,'en','',0),(321,'guest:yn43o','be4473f98311e0b360abeac51d40cd99','',1489559688,1489559697,0,'en','',0),(322,'guest:zpbmv','5ae7396e33013008887cc53fbfff0296','',1489561042,1489561293,0,'en','',0),(323,'guest:t4v7j','d2f187b51a5120c5ee692d13b0823ed6','',1489563556,1489563556,0,'en','',0),(324,'guest:06v8f','3e727086aa59c1f9123c635324ef3e4a','',1489565974,1489565974,0,'de','',0),(325,'guest:vhzmo','2c5f29c751d706107d83b3451f287836','',1489566245,1489566413,0,'de','',0),(326,'guest:74v8e','c024265e62879225f7c4b39cf6935247','',1489566593,1489566706,0,'en','',0),(327,'guest:12we7','6946ba4954df2bdc9964d1ea2f8f61ff','',1489567909,1489567922,0,'en','',0),(328,'guest:71hum','09f6e743adcf3a587d42f423b901c388','',1489568514,1489568624,0,'en','',0),(329,'guest:ses1h','dcfc59cf9856ceda48a01323bd9a194e','',1489569013,1489569013,0,'en','',0),(330,'piopao','9061755f67b44994bd82d1144dfc2360','',1489569199,1489569469,0,'en','',0),(331,'guest:ec8i4','f7bf2b5e5458411a1094a0f331f09df2','',1489571735,1489571992,0,'en','',0),(332,'guest:pg6vl','70580e2e80907654569209f4aa57e7e3','',1489572511,1489572511,0,'en','',0),(333,'guest:rh46y','d125516008164313632c2d24dfe4251c','',1489573704,1489573704,0,'en','',0),(334,'nck','90a5b591e3802be6b05dbded20eaf305','',1489575503,1489575546,0,'en','',0),(335,'guest:v25qq','2887a79ed0694bff54544f0a2a342283','',1489576425,1489576426,0,'en','',0),(336,'guest:1kt3u','d046152e41f58de6c94738689c6d7a1e','',1489576664,1489581664,0,'en','',0),(337,'guest:lhxbm','61f66b0957f0b8348b2262da1d1732c2','',1489578251,1489578371,0,'de','',0),(338,'arch89','49477758db991d0f8d7f7f5e5cff1fb9','',1489579080,1489580544,0,'en','',0),(339,'guest:0b39n','75cc3741f7f644efe1a822cfda1f46a0','',1489580085,1489580131,0,'de','',0),(340,'guest:apucv','f74983e5599a9b3eb9ee30c98b3870d9','',1489580592,1489580744,0,'en','',0),(341,'guest:ldij3','180ff62912ab9b1089ce978871190364','',1489580635,1489580635,0,'en','',0),(342,'guest:iz1qz','6e579612530ecaeecb305909e9dc24e0','',1489580663,1489580681,0,'en','',0),(343,'guest:dy7uh','c0d4d1a789c58fb1b15090dd2a104df5','',1489580737,1489580746,0,'en','',0),(344,'guest:8p4ge','015ba729707151cbd3c0cf79c167a6cd','',1489580767,1489580775,0,'en','',0),(345,'guest:hh7m1','8e5c11a3287c1bb648c4e2a6787ba366','',1489580927,1489580927,0,'en','',0),(346,'test','07e20aa16e4df302afe906c2f8be6015','',1489581160,1489581197,0,'en','',0),(347,'guest:9mlro','040a2443b9924b9af7055b949cd7e49f','',1489581630,1489581724,0,'en','',0),(348,'guest:dufov','a8678bd26cd39016ca0577b938e9c351','',1489582401,1489582408,0,'en','',0),(349,'guest:0ww42','3752199734bdc713ec7c05219b8292b2','',1489583510,1489583511,0,'en','',0),(350,'guest:bzatu','d86ec423ea7a0db90c326aa6cb3e4cfd','',1489583701,1489583733,0,'en','',0),(351,'guest:e4isb','c6fba4a6f53446ddcfa1a8ccc29742d4','',1489584578,1489584587,0,'de','',0),(352,'Barfussmann','29e4758fefefc83425f497dec7aea041','',1489585066,1489585122,0,'de','',0),(353,'guest:aosm5','561ff6ac410e9ecd53c71bb0c14659a2','',1489585656,1489585657,0,'en','',0),(354,'guest:xqq6h','b3bc467886a93ea675cc44bd1d09751f','',1489585881,1489585881,0,'de','',0),(355,'guest:96yzh','0e83764a90ce2768b70bb8b50e6ce8b2','',1489586081,1489586082,0,'de','',0),(356,'guest:ef50o','f5f6813eb61fe082ee0ffd23bd0fa239','',1489586200,1489586223,0,'en','',0),(357,'guest:kn9es','2ec9be217f102b31ae65e0a13018c5e7','',1489586409,1489586561,0,'en','',0),(358,'Sirkel','965226e4761f30e8ca29491e79107983','',1489586437,1489586650,0,'en','',0),(359,'Danron','ef420d74a1d843b642c8b83e25edebc0','',1489586591,1489591324,0,'en','',0),(360,'guest:8o44e','d75fc0bca44736b9ba2895c199087fdf','',1489586845,1489586918,0,'en','',0),(361,'guest:f8wm4','2dda1e686a7270839ac0b49255ca22ce','',1489587291,1489587338,0,'en','',0),(362,'guest:scvfp','f5ad63b70dd71550cb89664a1c06a402','',1489587571,1489587580,0,'en','',0),(363,'guest:33dmi','648e340ffb610b9d4383c55b4926b6c6','',1489588605,1489588841,0,'en','',0),(364,'guest:tdxbm','c276c1548ceb977a5f61d09488e1bf19','',1489588894,1489588916,0,'en','',0),(365,'guest:y1rgg','8418863ec90e2884db017b7a15c5185a','',1489588903,1489588965,0,'en','',0),(366,'guest:2j3r1','bd904960fe92c58c5c4ada7c6d03c832','',1489588963,1489588963,0,'en','',0),(367,'guest:f9rd5','c6418e292dbb0bc55547f245c7230c45','',1489589303,1489589308,0,'en','',0),(368,'guest:fp61v','7b73583e0764ad4b04e3042cc5db1f22','',1489590414,1489590428,0,'en','',0),(369,'guest:gvyab','7f2034a1d223c9eac8ddb3dadfeabc5e','',1489590939,1489590943,0,'en','',0),(370,'guest:ytjbm','382407bb56b30689bf8ba455982e5b04','',1489591548,1489591548,0,'en','',0),(371,'guest:uz1pq','c9d6415d6f7d2087643d24e063bc4acf','',1489591660,1489591687,0,'en','',0),(372,'guest:z8ady','ccf1c225f4f6b43d8699563c402ef0fb','',1489591742,1489591742,0,'en','',0),(373,'guest:bp1xk','788f7233c5e9c02cfd6fcf08a7d7e1f5','',1489591768,1489591804,0,'en','',0),(374,'guest:m2a75','cfdd1c0a1ce3832bd9a99214abbb1d5e','',1489591844,1489594503,0,'en','',0),(375,'guest:ctcfv','7fd3016c479dcfc429bce8f8a36922f7','',1489591887,1489591914,0,'en','',0),(376,'guest:b1u1e','945de69607904c119cf1ac94bfdba304','',1489592463,1489592473,0,'en','',0),(377,'guest:x0xqi','152cefe7894620e9430dee6c13f39c17','',1489592597,1489604798,0,'en','',0),(378,'guest:7yll2','5d90b346c8fe2039f3440b7b6b155df7','',1489592867,1489592891,0,'en','',0),(379,'guest:yxcc4','c9e592d2549fa4a32e82d00c0e191533','',1489592938,1489592938,0,'en','',0),(380,'guest:u7l9d','096da38b6eafed6742aa5f820449ef5d','',1489593019,1489593301,0,'en','',0),(381,'guest:2swsb','5eee002664696c257de7ce662df6f494','',1489593170,1489593187,0,'de','',0),(382,'guest:1ctv1','ae321e3681df268e879184a87626a74b','',1489593222,1489593246,0,'en','',0),(383,'guest:aftfq','aa8b5c88d4c1b5b788a2f266b73718d5','',1489593414,1489593430,0,'de','',0),(384,'guest:tmiej','510c2fef44d475edbdcdda812e2374e6','',1489593971,1489594899,0,'en','',0),(385,'guest:hsdsk','255571b39eb878a9070f4656f5758f47','',1489595922,1489595923,0,'en','',0),(386,'guest:ytxqd','50bb21d0c7acccb8ecab82a61bf00841','',1489596214,1489597194,0,'en','',0),(387,'guest:q6fvx','daa44d4952d6d5fdcd7f11d9b05701c3','',1489596252,1489596252,0,'en','',0),(388,'guest:q2uv4','93af32e668ff744430cfd8ab5a058bc9','',1489596346,1489596448,0,'en','',0),(389,'jimjim90','b5c2120ac3cb36415a4395efc5748925','',1489596711,1489596733,0,'en','',0),(390,'guest:2o7us','19e83d7c2096ff7cdc888f5d179d731b','',1489597843,1489597994,0,'en','',0),(391,'guest:gedbd','7135f04eea83889bc265186110e91e84','',1489597973,1489597994,0,'en','',0),(392,'guest:ob8z6','0d24b5485f8e2cd876518cc10c3a3369','',1489598328,1489599447,0,'en','',0),(393,'guest:xjrcn','cd894228d5393bb121b32e470d278837','',1489598612,1489598652,0,'en','',0),(394,'guest:ih6xg','93c4899cee1ea26ab1cffc8c1bd4065e','',1489599166,1489599202,0,'en','',0),(395,'guest:bvtd1','be47ea06f533d14c4b8b7c4f3d43a614','',1489599248,1489599271,0,'en','',0),(396,'guest:3feu9','58e8d917dbfdf52294ca4f86949865b1','',1489599405,1489599594,1,'en','',0),(397,'guest:9ak08','9e208dcaf6799b2de132e37fe1c0a0c0','',1489599666,1489599735,0,'en','',0),(398,'guest:josuv','1731756e911f317ced532b13ca324847','',1489600543,1489600587,0,'en','',0),(399,'guest:807lq','f1b247cd09a7f94fe7bd761b86a1feae','',1489600903,1489601999,0,'en','',0),(400,'guest:rn2o5','1c49e459864673903f05e63020bc9a44','',1489601097,1489632507,0,'en','',0),(401,'guest:zlrsa','463dea095c84fa8ee7282784fecd467a','',1489601637,1489601696,0,'en','',0),(402,'guest:xclpu','e1184a4eaac3e8cb73168aa268bf1c69','',1489602292,1489602298,0,'en','',0),(403,'guest:ctug6','2b7468c983c3aaa6343e593899dd1ca7','',1489602788,1489602814,0,'en','',0),(404,'guest:wfc6b','e2b70392b124b2c61b618862bf02191d','',1489603207,1489603229,0,'en','',0),(405,'guest:07e6b','ebfc6dc0381ec23e177522f832a21b78','',1489603714,1489604008,0,'de','',0),(406,'guest:y1w24','ad757cebe6d4caf7a5dde02a1a78934f','',1489604385,1489604476,0,'en','',0),(407,'guest:x1121','299b3962f2c2f7b8c11865fdc9381939','',1489604822,1489604841,0,'en','',0),(408,'guest:cgpe4','3a4317c69798ed96256dc0fd53b58e85','',1489604834,1489604850,0,'en','',0),(409,'guest:gqgls','2b93d8f500a6a66191602d4bb79b1ee2','',1489605338,1489605338,0,'en','',0),(410,'guest:9sjgo','6ba9a0517e855e319d873a0a9bbff50e','',1489605975,1489606246,0,'en','',0),(411,'guest:6u3mi','69d343ea72ba72edbc4247ff11ce0dcc','',1489606162,1489606171,0,'en','',0),(412,'guest:4nccv','b74bb112950e331eaabd88bc0ada4b91','',1489606434,1489606447,0,'en','',0),(413,'guest:4r4rj','c6815e377cbc6c145689e34e6685abf5','',1489606538,1489606546,0,'en','',0),(414,'guest:ias18','5eb8f0957c8c0b81698378cd0debccf8','',1489607715,1489607716,0,'en','',0),(415,'guest:wovrx','36e9c41c74395cadbf12754534143a7f','',1489608005,1489608052,0,'en','',0),(416,'guest:lz3xp','9fcdf0589d6287c032b3e9376702d530','',1489608206,1489608235,0,'en','',0),(417,'guest:c6bo9','41e9974e0d7f49290f040fc9a3969c44','',1489608716,1489608830,0,'en','',0),(418,'guest:nw3li','0c126bbd29761854e71bfa0e4554feb7','',1489608999,1489609001,0,'en','',0),(419,'guest:durya','0a4ed33e947b0d11b165cb5432619829','',1489609272,1489609344,0,'de','',0),(420,'guest:ezai2','5b2d414b3a44c57f449a26045e778b47','',1489609529,1489609530,0,'en','',0),(421,'guest:xarnd','d032457e19dbf40e22667074c4db8fef','',1489611207,1489611244,0,'en','',0),(422,'guest:2y34k','09b57a0c21588f86b54830793ee770da','',1489611404,1489611500,0,'en','',0),(423,'guest:2wksp','a05c2ea21f8045790119ca6464c7b4ee','',1489611727,1489611941,0,'en','',0),(424,'FireLeaf','0e2bc6b53adc241f22b7a461fc8d14b9','',1489612623,1489633985,0,'en','',0),(425,'guest:0xex9','6bc0db8e5de2185717db0133976c7964','',1489613692,1489614526,0,'de','',0),(426,'guest:czyxk','452e18d966e2ce7bd562b4919375be9d','',1489613799,1489613861,0,'en','',0),(427,'guest:l0pg1','e771ac60d3329125386f3a6f4a0689fd','',1489615163,1489615164,0,'en','',0),(428,'guest:shor5','c690112c882c45dce7f645a2ecc93b40','',1489615194,1489615194,0,'en','',0),(429,'guest:ycgj7','61b0a64ee9e85ca4b09cf6dc3e963098','',1489615651,1489615652,0,'en','',0),(430,'guest:51t4q','1c1d6663b51f26952dafeb715137540c','',1489615932,1489616074,0,'en','',0),(431,'guest:a4inj','9ea720eb60465519b8479bacce7ad69c','',1489617351,1489617397,0,'en','',0),(432,'guest:ra14f','58b4485b3a0eb37b5a3c1ef480c760e3','',1489617480,1489617627,0,'de','',0),(433,'guest:qzkf7','422f32dffe3ee8c239bc9140867ec449','',1489617700,1489617732,0,'de','',0),(434,'guest:u07rr','6187fe8775cbdaba568de3e9c35a68aa','',1489617701,1489617702,0,'en','',0),(435,'guest:2u13a','55f99fa6ad66c416b477af46b24250bd','',1489617704,1489619868,0,'en','',0),(436,'guest:q8a99','734bdccd4359bc960e7c6642f57d0f6d','',1489619550,1489619603,0,'en','',0),(437,'guest:1haz1','4b4fd54cc2c7b2af380573475a32fbfb','',1489619932,1489619932,0,'en','',0),(438,'retrorocket1','db7666475bdfc54fea23a7287c84d2de','',1489620894,1489623541,0,'en','',0),(439,'guest:75hn5','ac32ecb55d15cf393623a3e2f80c56e4','',1489621589,1489621595,0,'en','',0),(440,'guest:scety','93d23261cbdd00f2742d4cc10250e52d','',1489622442,1489622470,0,'en','',0),(441,'guest:d8chb','ca75915bbc18c47d9ff58fbd7951ac9a','',1489622776,1489622783,0,'de','',0),(442,'guest:85aea','2d36a25010524b0b80ddd7f27d738ea1','',1489627031,1489627032,0,'en','',0),(443,'guest:yq9iw','673f2e67f4d5b63bd8ad98bca0c44db6','',1489627098,1489627098,0,'en','',0),(444,'guest:ttz1n','b89bf8f6ed63a98dc473f11286a5daf3','',1489628119,1489628139,0,'en','',0),(445,'guest:ha68b','1d12dff71ef8cce3e56704c0ef8e7b60','',1489630819,1489630832,0,'en','',0),(446,'mm1991','481c88427245008786ac110fbef7cb25','',1489631746,1489631824,0,'en','',0),(447,'guest:v42dp','4237c78e8f0ce66335bc16682bcbbb73','',1489633658,1489633749,0,'en','',0),(448,'guest:y3pv2','d649b5a91c5d9c0781bcfc1fb7a9b356','',1489633870,1489633870,0,'en','',0),(449,'guest:dhcm3','25ab920937333c31e79597a5cd8cc2a2','',1489634323,1489634827,0,'en','',0),(450,'guest:y3pzy','283586f6122efe75d235761e6d93149c','',1489638688,1489638694,0,'en','',0),(451,'guest:spaj2','3b419d5418ab5bbf15bceabe070574f3','',1489640880,1489640881,0,'en','',0),(452,'guest:lyx7h','1307228be3c81911d9305956eadc08b3','',1489650763,1489650774,0,'en','',0),(453,'guest:0zvmw','d3e1fc0e329a748810dca098d6156a73','',1489655246,1489655261,0,'en','',0),(454,'guest:pxb9s','3d30bce344b127245a8992dd4af05d85','',1489655873,1489655875,0,'en','',0),(455,'guest:ig917','ce6a86defd1f867ce617a21fd8740b4c','',1489658839,1489658840,0,'en','',0),(456,'guest:pp6a8','55870baffe38864957cd3aeca5cc10c9','',1489660707,1489660708,0,'en','',0),(457,'guest:65cn9','a631c185f0828858f9ee31b0e99a500b','',1489662817,1489662818,0,'en','',0),(458,'guest:2l7ff','03afe2753fd5d315be5a17fc54de3f7a','',1489663546,1489663555,0,'en','',0),(459,'guest:84mm0','2114b749dd53bafe5a016cf5fa72c3bd','',1489663805,1489664109,0,'en','',0),(460,'guest:3yxj4','8c91dee4706999d6d4a3bcc3342a23fd','',1489665354,1489665854,0,'en','',0),(461,'guest:2ygq9','14b01492fee35c21f6a2ed254f521984','',1489665439,1489665439,0,'en','',0),(462,'guest:74szw','33fca409496fe646ea559024da7d5f43','',1489665934,1489666007,0,'en','',0),(463,'guest:lraf7','8f76b62791e2018d120bfbd878bb28a7','',1489670938,1489670938,0,'en','',0),(464,'asdfghj','dfb370c7bdc6e384b8fce337db8fd7c0','',1489673481,1489673979,0,'en','',0),(465,'guest:rzor3','d3b911f92e7d11d8cabc8cd43cfa4e56','',1489673720,1489673726,0,'en','',0),(466,'tesarro','ce7f34b10407022fa8d7202658c0b174','',1489674134,1489676601,0,'en','',0),(467,'guest:l5yqt','119811105070712349e157381286157f','',1489674604,1489674671,0,'en','',0),(468,'guest:7qmap','cf9949cd59a5837bef02ca65c829813d','',1489677506,1489677523,0,'en','',0),(469,'guest:5gii2','0f940bbd481b50bf3c52faf5797bd9cc','',1489679616,1489679709,0,'en','',0),(470,'guest:o6z97','63cfbabf50835ab015be6dc6877bcaf7','',1489682803,1489683430,0,'de','',0),(471,'guest:l5rhr','77076761e58b92fb11709cdf88cdda80','',1489685102,1489685102,0,'en','',0),(472,'guest:vm3ua','8cb9538b4ab07bc7e20c64e2e1a1fea7','',1489685997,1489685997,0,'en','',0),(473,'guest:k1mm0','718573b1893b6ab68714414c9d3a35d0','',1489689444,1489689458,0,'en','',0),(474,'guest:tp9k6','cc52594322090e7dba5119938a1b91b0','',1489690463,1489690523,0,'en','',0),(475,'guest:4gf2i','5ae447542bba82a283b6f0c8b64cb95b','',1489691421,1489691421,0,'en','',0),(476,'Kao','6ebafd6659c68811a101f8792abc6295','',1489691726,1489694546,0,'en','',0),(477,'guest:0wrjt','a013da0d5d47a35b433216f8de1062a5','',1489692072,1489692379,0,'de','',0),(478,'guest:desu5','0e6eeae9c3eaa187ed566594840dc2fa','',1489693411,1489693419,0,'en','',0),(479,'guest:ga011','9d1a4ad129bd6f23b2f3d9de4b65f2c1','',1489694204,1489694224,0,'en','',0),(480,'guest:41goi','fab6376fc2570b2202a0f0b268b009cd','',1489695027,1489695027,0,'en','',0),(481,'guest:xmb71','b9596c64a36670c82d43f5ebb2d0aa06','',1489695110,1489695926,0,'en','',0),(482,'guest:g8ipe','3de100c0b3c7f881a62922810d3d58d9','',1489700593,1489700803,0,'en','',0),(483,'guest:we0im','d38ca5be78565e210771a57824bc45a4','',1489703553,1489703554,0,'en','',0),(484,'guest:yapod','dc63262743570fef6f2e710a4f8a8d87','',1489704045,1489704998,0,'en','',0),(485,'kkohilas','4f0fec622da7b5bc6fa910a89f24c0e9','',1489704169,1489704170,0,'en','',0),(486,'guest:t10xo','fef316f6216352701b2cce2a30aa42a3','',1489705334,1489705355,0,'en','',0),(487,'guest:csrim','057d6fd50b10e773faed7ecae23c0d6f','',1489708468,1489708474,0,'en','',0),(488,'guest:nuiuh','41aeb21e68c5f646d68aa4f8147ce5ff','',1489710061,1489710061,0,'en','',0),(489,'guest:b361i','3634cdd63e336079c316dceb1843be95','',1489710547,1489710555,0,'en','',0),(490,'guest:t8xcd','a25e56ec6bc90b19420fcb8806946167','',1489713771,1489713785,0,'en','',0),(491,'guest:dpwyv','4f45ba727f71bfa084ed98b83c4b636a','',1489715036,1489715430,0,'en','',0),(492,'guest:5bwb8','0a32a478fa2f1c02e7792742aef2255d','',1489716747,1489716894,0,'en','',0),(493,'guest:2huc9','2d2b042e8d9e00024b410a852bb1f0d7','',1489717454,1489717454,0,'de','',0),(494,'guest:vewbc','b5eb16da12146aadcc00f6d050f749f3','',1489722337,1489722338,0,'en','',0),(495,'malagrond','838cfda1edf8e944262edfcc8938fa64','ryan.murga@gmail.com',1489726826,1489726826,0,'en','',0),(496,'guest:4p4bq','d7eefa24dc3de131ba59a4af5219e489','',1489727527,1489727792,0,'en','',0),(497,'guest:obm3c','6bcecd099977aa898806d51e73c3fac1','',1489729497,1489729498,0,'en','',0),(498,'Amvartnir','7d1869b14548c44b44fa1cd428d51d29','',1489730178,1503840164,0,'de','',0),(499,'guest:9zc5k','75192e2d4a4a0a013c7d3834e474b62f','',1489732017,1489733631,0,'en','',0),(500,'Esclink','4f15817986cf93e3f82dab4b32577bc8','',1489735674,1489998022,0,'de','',0),(501,'guest:esa8z','05c4b70a4a2dab77755298a7397a701d','',1489736591,1489736629,0,'en','',0),(502,'guest:jt0u1','dcb8a3788402396b637cbb3233391915','',1489744650,1489744671,0,'en','',0),(503,'guest:zi75f','ed2b5499540f901232883314601cc715','',1489748654,1489749683,0,'en','',0),(504,'guest:3y8uv','bbc80f4eb930212cea1d2ac2d6a188b4','',1489749893,1489749901,0,'en','',0),(505,'pepepe','6adbf6bd76d2856633ce2e8dee6a09ed','',1489749894,1497802087,1,'en','',0),(506,'guest:m1l56','89e02cf8bbba48245f7c43f8548a044c','',1489753186,1489753203,0,'de','',0),(507,'guest:wr5w0','3d49e916c9e8e833d2f664c2e01075e0','',1489756006,1489756006,0,'en','',0),(508,'guest:ue3u0','cafa1fbb77509092b19635e7240b7118','',1489764891,1489764898,0,'en','',0),(509,'JL421','547b6d30c12dfb30ac4d080285a6ad6f','',1489764983,1489765086,0,'en','',0),(510,'Flek','0f2de1794449e957bf67875d190ac67b','',1489766524,1489768055,0,'en','',0),(511,'guest:d83gl','cc9af03b990bbecc2e57d34e0ef90c28','',1489767011,1489767020,0,'en','',0),(512,'Kelha','03d1e2bf00573c310df985d3466178b7','',1489769852,1489769931,0,'en','',0),(513,'guest:f60sk','ef9028ec13066204c0b6e8269fa66f53','',1489770736,1489770757,0,'en','',0),(514,'ZeRoyal','3fefcfbfef55f573a2b7babd5d67652e','mateuszwlszk@gmail.com',1489771530,1489771590,0,'en','',0),(515,'guest:5ch9z','7f71a4468d5ecbb4110000394d476b60','',1489773550,1489773621,0,'en','',0),(516,'guest:mcgkf','762f147c90c796a4e1ce0e785fa408d6','',1489774022,1489774022,0,'de','',0),(517,'guest:vq4r8','176a8ff01c96aaf8b85a43813fb2053f','',1489774824,1489775211,0,'en','',0),(518,'guest:e8qux','4406f1b54cabeba1db26914870bdf9d6','',1489775313,1489775336,0,'en','',0),(519,'guest:v31lo','1a48266494020d1465aec6dcec8d101d','',1489778402,1489778402,0,'de','',0),(520,'guest:2w61f','c5ffa272df22cc9d67ec9946c18658f5','',1489778684,1489778684,0,'en','',0),(521,'guest:etj39','2e539cb1cc55f886697c2ed90a544efa','',1489781966,1489782004,0,'en','',0),(522,'guest:oqno4','ceba3b56a1caf834e316dbe152c9c322','',1489789344,1489790425,0,'en','',0),(523,'radziu','587f809e5cdc7cf105ef2a512d22cb29','',1489791431,1489791502,0,'en','',0),(524,'guest:swn7s','71ac8b3184b9d0338db8a2be3dd2ff01','',1489796248,1489796248,0,'en','',0),(525,'guest:14a5z','95d3f1b50033aa066a07605985350f76','',1489810252,1489810274,0,'de','',0),(526,'guest:pubvf','1738d71bfaea2eeedeb80ba3d4eeeea8','',1489826649,1489826669,0,'en','',0),(527,'schoomboom','6917c2192c9fcf1bddd6bd87e3d5b0fa','',1489826998,1496739776,0,'en','',0),(528,'seals11','ca9a8469de27cd266544054ffd4f6660','',1489828653,1489828726,0,'en','',0),(529,'guest:s55dm','6447e5029e9d7ec9c2418d84312b1879','',1489848156,1489848226,0,'en','',0),(530,'guest:4meyd','63aecd4baa8fc52c20632340927fb7b9','',1489848694,1489848794,0,'en','',0),(531,'guest:uiayr','2b263b874e02ae8fb70edce87be2fce8','',1489852383,1489852394,0,'en','',0),(532,'enigma8833','6ebafd6659c68811a101f8792abc6295','',1489860251,1489860991,0,'en','',0),(533,'guest:b8ouj','6cf98764c8b664f75c2681281423ce0c','',1489861979,1489861979,0,'en','',0),(534,'guest:zdb16','47b56891da4293a5194fba7e740770ba','',1489866051,1489866065,0,'en','',0),(535,'guest:1v11c','c7e1aca59b7b43371757ee2a4648ba46','',1489866885,1489867840,0,'en','',0),(536,'guest:9k8wd','d0d076aaa48548c34c2b0749943d277a','',1489867741,1489867741,0,'en','',0),(537,'guest:j13jy','c84f09592f2cbeab7a92bb4a4ac0a358','',1489878098,1489878114,0,'en','',0),(538,'guest:1a5pw','96c88db38393cab772dacf08d50631b5','',1489878676,1489878689,0,'en','',0),(539,'guest:8026h','b04d9375fccff0011c7baaded8337212','',1489885186,1489885211,0,'en','',0),(540,'guest:fgt0i','6cee03460c3a25fa0fa2343d289eb3da','',1489890183,1489890217,0,'de','',0),(541,'Alexey64','bc405cc5ccfda4643a8d8fc5f644a176','alexey64.ru@gmail.com',1489900526,1489900571,0,'en','',0),(542,'guest:7pcxf','f40f67937ca24c7192f731978efca200','',1489903425,1489904213,0,'en','',0),(543,'CheekyTurkey','59d1194a52397d1cb14440c440993597','',1489911732,1489911777,0,'en','',0),(544,'guest:1agrb','73301964b52fdd421c9242bf50fd9d8a','',1489913482,1489913493,0,'en','',0),(545,'guest:5ciz1','9566ff4dac1c71cf3b890561d31e60e8','',1489919789,1489919808,0,'en','',0),(546,'guest:nebh5','7719239b0cb46625dc4cf63575319264','',1489923201,1489923430,0,'en','',0),(547,'guest:w7x15','a365637ccf2cce6597eb793d7fff1822','',1489924372,1489924389,0,'de','',0),(548,'guest:v92dy','d4b8424de6d992f970fa9450840e6f3c','',1489926386,1489926483,0,'en','',0),(549,'guest:9asap','55afaf9e6b1b7dc3afe9240ae4593ea4','',1489937229,1489937229,0,'en','',0),(550,'guest:lpn1s','482f4a690bb240e5f8808e25e73f3f03','',1489943856,1489943862,0,'en','',0),(551,'guest:dsrn1','1bb8c7e3d00fd7fb3901dbb0475409f6','',1489947817,1489947882,0,'en','',0),(552,'guest:u882m','af9d43651c1db7769ef9e082de04d8df','',1489955437,1489955629,0,'en','',0),(553,'guest:01w0v','9f6524ac9251922ab1ecc2480e4b9eb2','',1489957894,1489958081,0,'de','',0),(554,'guest:jqger','2f9d2a9ecee81e54ad40b839b6b0b273','',1489961084,1489961111,0,'en','',0),(555,'guest:1l3ru','fa3c25daf8943d01c550162715f72aba','',1489963636,1489963640,0,'en','',0),(556,'guest:1wm3m','5c681023f84bbd02979cf45908213d54','',1489967889,1489967891,0,'en','',0),(557,'guest:p0fe2','57697096edba9ff7242f9cc30d432285','',1489969964,1489969966,0,'en','',0),(558,'guest:30w4i','cf8f9660eb2a9fcaa33781b6583ad340','',1489970263,1489970285,0,'en','',0),(559,'guest:2k4yv','c85720f61614a6228c559b5ad5b55f75','',1489972898,1489972899,0,'en','',0),(560,'guest:9suwz','93fd1dfc93f6bc8178339178ac75db72','',1489976596,1489976637,0,'en','',0),(561,'guest:714k4','e8d8dae30bd301d9565d6993ffb27132','',1489979514,1489979569,0,'en','',0),(562,'demon','adb9a4b537f88db1543b48addd0b6287','',1489996476,1489997005,0,'en','',0),(563,'guest:gj76w','9ebab1feb67875ae1f2d9d9c55705934','',1489998492,1489998497,0,'de','',0),(564,'guest:zau5y','4fbad396af1b96cbe51c6c38156f1044','',1490002382,1490002401,0,'en','',0),(565,'guest:ernfw','0c525b30da9de43d815c8bb22c40e731','',1490003125,1490003131,0,'en','',0),(566,'guest:76z3s','3f2e7110e2fe736a326eb305fcbc4e82','',1490014474,1490014474,0,'en','',0),(567,'guest:g420b','e1f022e1f72a5bc21a11b00036c1c199','',1490018230,1490018249,0,'en','',0),(568,'guest:wvl1v','6707ed521ad2d656422a8cfeef85cdea','',1490036847,1490036900,0,'en','',0),(569,'guest:mt6t6','4b616ae43cb86a7a2aec98637958a491','',1490037697,1490037699,0,'en','',0),(570,'guest:s93jp','4fe90fc21451a670418fff1c46eecb92','',1490047934,1490048004,0,'en','',0),(571,'caewen','fe3fbbcbb4cbff73406c954ffb41d849','',1490054267,1490055004,0,'en','',0),(572,'guest:adimf','0d5f15b080b77f23d1421d26e50a86ca','',1490054806,1490055098,0,'en','',0),(573,'guest:3ss3r','74a2c7314d9fd27a534c03c8c605e5a6','',1490072027,1490072090,0,'en','',0),(574,'guest:tr8c2','54df69c53f30d2473fd2dde16313637a','',1490096604,1490096634,0,'de','',0),(575,'guest:pc2ul','d97700b8cec4e6eb572c410cd9cafde4','',1490097107,1490097199,0,'en','',0),(576,'guest:vb48p','6da0777487f30e3b5206dff6d712778a','',1490115588,1490115588,0,'en','',0),(577,'guest:y1eio','464bb48e91e15d2cf05794c7e9439656','',1490126956,1490126974,0,'en','',0),(578,'e666666','71348693ea4ad36fc155f48dd9212978','',1490172515,1490172736,0,'en','',0),(579,'guest:o4rt1','3129044e8fed94e0378bb23857045bd1','',1490193446,1490193457,0,'en','',0),(580,'guest:naarw','f27ba430eb1d6dfbfc4944f7ebda60d6','',1490193759,1490193782,0,'en','',0),(581,'guest:9hbo1','a0bbcc16a0ec231b32f4755732e499ef','',1490196867,1490196888,0,'en','',0),(582,'guest:n1z0s','2f51dcc3aaabe333f93868e242c29d3c','',1490209415,1490210417,0,'en','',0),(583,'guest:sxong','ea9e69b071c290276ba93109fa43ac7f','',1490211230,1490211255,0,'en','',0),(584,'guest:yxmz3','4e889ae17367490bf768ffdd7b38f13a','',1490212237,1490212237,0,'en','',0),(585,'guest:jq4tr','a12b9abdaca8c41d93d01aa5761e5894','',1490224684,1490224697,0,'en','',0),(586,'guest:koq0i','125d794d2960377256461e31f5e55836','',1490241964,1491148677,0,'en','',0),(587,'guest:1emnz','9b5400e2eff74225cf181d73ad1934ff','',1490257832,1490257890,0,'en','',0),(588,'guest:3ahsm','17c62dd4d6471ff8fd49b08e6b2fc43e','',1490271813,1490271853,0,'en','',0),(589,'guest:ix1g8','6085885eb65451ce9f2fd50d7d7e6e61','',1490280232,1490280350,0,'en','',0),(590,'guest:s1qug','4cd851f6f6bb21fcb5bdb677487e074b','',1490288219,1490288443,0,'en','',0),(591,'guest:6wa7l','69dcae4cb829303b871a1c4d848162a3','',1490311075,1490311079,0,'en','',0),(592,'guest:mq0lp','7099e020bc4362183ffd33ad1161a123','',1490373063,1490373086,0,'en','',0),(593,'guest:wsymc','4dc293923f11fa682098972e4035e578','',1490386696,1490386696,0,'en','',0),(594,'guest:197dc','14ee60c2aa2e6127a7db851466e810f6','',1490390231,1490390251,0,'en','',0),(595,'guest:9rvco','066dd9f4b0b56bcacd37b2746032928d','',1490454225,1490454226,0,'en','',0),(596,'guest:76s7g','f491ce93f4749d9389b645c0070c57a6','',1490455806,1490455824,0,'en','',0),(597,'guest:iwjnr','88d363bd35046582d67442ffeff54c1e','',1490480497,1490480510,0,'en','',0),(598,'guest:onsi5','703f6392dad1c865e3b95b41105671c9','',1490489999,1490489999,0,'en','',0),(599,'guest:9fih6','5b363da5b21630b18100882c9ca759ef','',1490523359,1490523368,0,'en','',0),(600,'guest:v471f','be60a33389b82203343fa3b638f79a70','',1490528782,1490529676,0,'de','',0),(601,'guest:2lwc1','361bd82a360cc6db3390530a695b36c0','',1490543537,1490543545,0,'en','',0),(602,'guest:le27y','889358aaf63e0baca91e00c128216519','',1490555902,1490556146,0,'en','',0),(603,'guest:k310b','e1aab79da99b96f3b14d25640223996a','',1490566739,1490567212,0,'en','',0),(604,'guest:o1wnj','ae6848048f56f778fc50fde672c251da','',1490701130,1490701252,0,'en','',0),(605,'guest:b7zfx','c88e608dd87d9c30191451ccd1aa92b6','',1490708802,1490708807,0,'en','',0),(606,'guest:3pnjm','d8be5ca9b9137c4f4614cf51f3021386','',1490752680,1490752681,0,'en','',0),(607,'guest:w17g7','b016bcbff9d2a93dec446866ee1c7c0e','',1490753003,1490753013,0,'de','',0),(608,'guest:yips4','bc19185f254e4cc21f32519cae13cdc0','',1490804780,1490804780,0,'de','',0),(609,'guest:9lqnz','db85b290fea2ed65bb6a021a038c9af5','',1490807635,1490807650,0,'en','',0),(610,'guest:xxs81','9fb4f46956e60150e78f32e5bfb3be80','',1490827979,1490828038,0,'en','',0),(611,'guest:tdzmc','1cbaa2d892081dc5b50206f7a8ceb39b','',1490955399,1490955400,0,'en','',0),(612,'guest:gi3b1','151f1f3371dc1c3917dfd4eb5991a86f','',1490992518,1490992557,0,'en','',0),(613,'guest:551m1','5633b8429274bdce3f54c50d40629e6b','',1490994150,1490995743,0,'de','',0),(614,'guest:xvd5q','7dafebadc6a4de9194d1b21678352f88','',1491006659,1491017957,0,'en','',0),(615,'avoshit','c724fc43e8bbb8ea187f4ea7c89ae80c','michwenzel347@gmail.com',1491069472,1491079832,0,'de','',0),(616,'guest:hycnh','d6fb776ce434a85c4c9abfe417fe60e0','',1491160864,1491160865,0,'de','',0),(617,'guest:zctuh','67a476e79eae4811b11c5d58285b9ab5','',1491208719,1491208796,0,'en','',0),(618,'guest:jt6ig','a11e2d36fbb79d79db1d2982b2aa7158','',1491316743,1491316768,0,'de','',0),(619,'guest:dvkws','c57c43a7d92c52eb5343c77c6a827a92','',1491661147,1491661299,0,'en','',0),(620,'guest:mxzq9','be579632721f490602b74f2d71c260a0','',1491731564,1491731746,0,'en','',0),(621,'guest:q2zaf','c805fc15bee374560ed247db37328fd0','',1491755887,1491755960,0,'en','',0),(622,'fuckyoudog','6a7257d8f2f94bf8e89d905978d59712','',1491808894,1491808936,0,'en','',0),(623,'guest:3r91m','654ccb25dc0d9cdebe1a1f95c4c1fdee','',1492025515,1492025531,0,'en','',0),(624,'guest:4200j','437c366ae92468dd59ae6690b99a0de2','',1492189893,1492189979,0,'en','',0),(625,'guest:g8wh5','b508bae5a498ad413811d17c6311601a','',1492249065,1492255012,0,'de','',0),(626,'guest:jl29z','09b7aac58705c3ff1db4c94bb7c5ed60','',1492264630,1492264632,0,'en','',0),(627,'guest:b1m11','46f2a0575c2ae70609d223d50110d445','',1493107467,1493107481,0,'en','',0),(628,'guest:yvqqy','2310e8103234b79c58f5b8f951290293','',1493509596,1493509597,0,'en','',0),(629,'guest:ne2y4','4147c93d0b6f9664956fa13b38cf4a35','',1493918889,1493918889,0,'en','',0),(630,'guest:jyaed','e2c78cdaba82b4b24cdfee272b1190ba','',1494030095,1494030110,0,'en','',0),(631,'death273','3e4c563e58a49db7d8d76faffb3ec581','',1495310809,1495311001,0,'en','',0),(632,'guest:h9220','de824178bbd972071d983e872e04b232','',1495794343,1495835962,0,'de','',0),(633,'guest:70pvj','a698ddec6692de446efc1cac4e1dfd0b','',1496065699,1496065713,0,'en','',0),(634,'guest:a1rle','4f8380a82df50ce0819205767ee8012e','',1496110854,1496110945,0,'en','',0),(635,'guest:3gqos','a25753f3fa9a1a7cee45e0b89ad5205e','',1496293884,1496294007,0,'en','',0),(636,'druko','4f00fef3ea5d35dd8fa48e66c5e21e17','',1496489367,1496489368,0,'en','',0),(637,'guest:ak2l1','ffc821bbbce452d373f8cdd38e2d5560','',1496930178,1496930214,0,'en','',0),(638,'guest:6flnf','9aec33a5cc4ec26a3d92c27f56a6c977','',1499554216,1499701221,0,'de','',0),(639,'guest:3r3rb','b93d0cba4260b1a99782b77e4958dd29','',1499840907,1499840958,0,'de','',0),(640,'Erdos','63ab96462dbde7f573be5d1ac6d7b6d2','',1500421165,1500421165,0,'en','',0),(641,'guest:oophj','7fc69ce6672e6a043a4a08af03a1f984','',1500427855,1500427990,0,'en','',0),(642,'Alex','8df12afb0495af8f2fa357dae2bcdbd7','',1501596661,1501596768,0,'en','',0),(643,'guest:t57jk','352d5920d508182c3fe3a8bbaf8715d2','',1502046548,1503138047,0,'de','',0),(644,'guest:l6tea','a363d0e17b1f0f769b9b6534233e63e7','',1504028368,1504028369,0,'en','',0);
/*!40000 ALTER TABLE `user` ENABLE KEYS */;
UNLOCK TABLES;
/*!40103 SET TIME_ZONE=@OLD_TIME_ZONE */;

/*!40101 SET SQL_MODE=@OLD_SQL_MODE */;
/*!40014 SET FOREIGN_KEY_CHECKS=@OLD_FOREIGN_KEY_CHECKS */;
/*!40014 SET UNIQUE_CHECKS=@OLD_UNIQUE_CHECKS */;
/*!40101 SET CHARACTER_SET_CLIENT=@OLD_CHARACTER_SET_CLIENT */;
/*!40101 SET CHARACTER_SET_RESULTS=@OLD_CHARACTER_SET_RESULTS */;
/*!40101 SET COLLATION_CONNECTION=@OLD_COLLATION_CONNECTION */;
/*!40111 SET SQL_NOTES=@OLD_SQL_NOTES */;

-- Dump completed on 2018-10-03 11:23:15
